# Blender 4.2.1 LTS
# www.blender.org
o Suzanne
v 0.475122 0.106103 0.680248
v 0.254644 0.176554 0.788192
v 0.342181 0.235099 0.815836
v -0.000000 0.163954 -0.757313
v -0.279413 -0.137854 0.619638
v 0.669116 0.047484 0.500575
v 0.576923 0.147939 0.659077
v 0.536666 0.463637 0.729957
v -0.061255 -0.144717 0.786082
v 0.076419 -0.833122 0.688928
v -0.053677 -0.766078 0.688336
v -0.249928 0.116237 0.759732
v 0.335010 0.104794 0.735917
v 0.546661 0.251629 0.674098
v 0.440793 0.374351 0.727888
v -0.257878 0.369577 0.761989
v -0.313449 0.397252 0.758336
v 0.368609 0.564522 0.567375
v -0.735667 0.410381 0.430893
v -0.770596 0.332344 -0.383733
v -0.495444 0.434336 -0.590612
v 0.603776 -0.032102 -0.367441
v 0.199180 -0.428175 0.352430
v -0.205337 -0.529990 0.379189
v -0.616157 0.671990 -0.367808
v -0.412229 -0.186633 0.150641
v -1.056991 0.441870 -0.332357
v 1.167197 0.408367 -0.384767
v -1.207220 0.153708 -0.431585
v -0.811809 0.221361 -0.165744
v 0.454004 0.194840 0.759797
v 0.529194 0.205177 0.671370
v -0.529194 0.205177 0.671370
v 0.572870 0.145856 0.572920
v 0.593064 0.243711 0.568840
v -0.572870 0.145856 0.572920
v -0.525250 0.076137 0.582470
v 0.392774 0.061059 0.691118
v 0.455735 0.029280 0.596187
v 0.525250 0.076137 0.582470
v -0.455735 0.029280 0.596187
v -0.364426 0.007678 0.613404
v -0.391995 0.152124 0.781274
v 0.292174 0.065816 0.709012
v -0.211032 0.124894 0.726202
v -0.301335 0.133851 0.778328
v 0.269581 0.021135 0.629858
v 0.364426 0.007678 0.613404
v -0.269581 0.021135 0.629858
v -0.187617 0.068474 0.642665
v 0.211032 0.124894 0.726202
v 0.109261 0.232204 0.653097
v 0.132194 0.141899 0.650249
v 0.187617 0.068474 0.642665
v -0.132194 0.141899 0.650249
v -0.109261 0.232204 0.653097
v -0.232846 0.242404 0.788631
v -0.254644 0.176554 0.788192
v 0.270491 0.415495 0.709963
v 0.171354 0.406128 0.645014
v 0.122989 0.324858 0.651475
v -0.122989 0.324858 0.651475
v -0.171354 0.406128 0.645014
v 0.382215 0.423941 0.698737
v 0.340491 0.484519 0.617688
v 0.247448 0.461852 0.633438
v -0.247448 0.461852 0.633438
v -0.340491 0.484519 0.617688
v -0.382215 0.423941 0.698737
v -0.270491 0.415495 0.709963
v 0.346981 0.367217 0.770981
v 0.415173 0.352528 0.755920
v 0.515987 0.421990 0.584282
v 0.434915 0.470344 0.600180
v -0.434915 0.470344 0.600180
v -0.515987 0.421990 0.584282
v 0.533783 0.294405 0.661537
v 0.571415 0.344587 0.573214
v -0.571415 0.344587 0.573214
v -0.593064 0.243711 0.568840
v 0.455892 0.286901 0.760264
v 0.389322 0.325718 0.793120
v -0.455892 0.286901 0.760264
v -0.320343 0.326486 0.806870
v -0.276104 0.336607 0.786152
v 0.232846 0.242404 0.788631
v -0.266504 0.275651 0.813015
v 0.391995 0.152124 0.781274
v -0.430363 0.244569 0.787240
v 0.268683 0.213420 0.813541
v -0.268683 0.213420 0.813541
v -0.342181 0.235099 0.815836
v -0.389322 0.325718 0.793120
v 0.097083 -0.961003 0.553390
v -0.067895 -0.942141 0.618077
v 0.234839 -0.940004 0.530092
v -0.201000 -0.928697 0.597161
v -0.295986 -0.893543 0.559262
v -0.234839 -0.940004 0.530092
v 0.318012 -0.759607 0.550083
v -0.193217 -0.855920 0.660348
v 0.277156 -0.763417 0.628202
v -0.277156 -0.763417 0.628202
v -0.318012 -0.759607 0.550082
v 0.267292 -0.460049 0.596900
v 0.218620 -0.511368 0.679872
v 0.264465 -0.169527 0.556375
v 0.475752 -0.083852 0.526961
v -0.507183 -0.026294 0.599620
v -0.219882 -0.112059 0.709489
v 0.761507 0.316848 0.598968
v -0.669116 0.047484 0.500575
v 0.748659 0.425916 0.613633
v -0.647821 0.444865 0.688504
v -0.748659 0.425916 0.613633
v -0.552841 0.548725 0.666255
v -0.364994 0.589928 0.782614
v -0.329479 0.653957 0.764687
v 0.239097 0.689202 0.724956
v 0.364994 0.589928 0.782614
v -0.279415 0.558186 0.796952
v -0.239097 0.689202 0.724956
v 0.059599 0.443932 0.790207
v 0.000000 0.360926 0.797304
v 0.067647 0.354179 0.796851
v 0.140239 0.477643 0.809866
v -0.283194 0.485446 0.771691
v -0.198969 0.419687 0.779713
v 0.398670 0.445537 0.742535
v -0.536666 0.463637 0.729957
v 0.550164 0.370011 0.694779
v -0.398670 0.445537 0.742535
v -0.663136 0.322809 0.658566
v -0.617532 0.090365 0.609454
v 0.617532 0.090365 0.609454
v -0.576923 0.147939 0.659077
v 0.385582 0.029458 0.702914
v 0.219882 -0.112059 0.709489
v -0.135575 -0.076056 0.758738
v -0.385582 0.029458 0.702914
v 0.070709 0.110993 0.754040
v -0.070709 0.110993 0.754040
v -0.134722 0.260068 0.770597
v 0.000000 0.167115 0.759360
v -0.067647 0.354179 0.796851
v 0.000000 -0.958166 0.588569
v 0.193217 -0.855920 0.660348
v 0.099612 -0.848764 0.695928
v -0.099612 -0.848764 0.695928
v 0.188261 -0.695527 0.695413
v -0.188261 -0.695527 0.695413
v -0.123126 -0.373202 0.731064
v -0.000000 -0.713161 0.725351
v 0.097101 -0.173326 0.793870
v -0.087548 -0.145136 0.764134
v 0.061255 -0.144717 0.786082
v 0.000000 -0.163469 0.769372
v 0.000000 -0.189076 0.810615
v 0.033218 -0.167061 0.802474
v 0.000000 -0.350672 0.754957
v 0.044609 -0.283253 0.786425
v -0.044609 -0.283253 0.786425
v -0.100754 -0.234872 0.794844
v -0.033218 -0.167061 0.802474
v 0.000000 -0.267880 0.801292
v 0.000000 -0.073105 0.750466
v 0.165508 -0.275457 0.701575
v -0.165508 -0.275457 0.701575
v 0.207028 -0.325481 0.652201
v 0.075332 -0.732364 0.718689
v -0.075332 -0.732364 0.718689
v -0.076419 -0.833122 0.688928
v -0.045196 -0.870264 0.685983
v -0.000000 -0.887079 0.677924
v -0.036869 -0.852669 0.661824
v -0.059995 -0.816847 0.655094
v 0.078712 -0.783733 0.673800
v -0.000000 -0.781338 0.669458
v -0.078712 -0.783733 0.673800
v 0.000000 -0.840988 0.649691
v 0.059995 -0.816847 0.655094
v -0.189976 0.168116 0.765262
v 0.134722 0.260068 0.770597
v -0.204901 0.095304 0.753716
v -0.368694 0.082449 0.732470
v 0.313449 0.397252 0.758336
v 0.429313 0.394917 0.742614
v 0.378305 0.394546 0.747996
v -0.429313 0.394917 0.742614
v 0.509385 0.336335 0.693948
v -0.440793 0.374351 0.727888
v 0.541822 0.296791 0.676956
v -0.541822 0.296791 0.676956
v -0.509385 0.336335 0.693948
v 0.561334 0.212440 0.678973
v 0.526643 0.201017 0.679849
v -0.546661 0.251629 0.674098
v -0.526643 0.201017 0.679849
v 0.466715 0.108203 0.705576
v 0.477771 0.145098 0.695900
v 0.368694 0.082449 0.732470
v 0.409844 0.107849 0.716678
v -0.409844 0.107849 0.716678
v -0.477771 0.145098 0.695900
v 0.249928 0.116237 0.759732
v 0.266460 0.125039 0.749032
v -0.335010 0.104794 0.735917
v 0.189976 0.168116 0.765262
v 0.222499 0.158781 0.752495
v -0.266460 0.125039 0.749032
v 0.257878 0.369577 0.761989
v -0.210533 0.298802 0.757168
v 0.210533 0.298802 0.757168
v -0.201176 0.219700 0.752014
v 0.201176 0.219700 0.752014
v -0.222499 0.158781 0.752495
v 0.000000 0.426509 0.756700
v 0.056100 0.470518 0.715730
v 0.128552 0.537666 0.660802
v -0.050479 0.463102 0.627283
v 0.207310 0.645058 0.663327
v -0.128552 0.537666 0.660802
v -0.207310 0.645058 0.663327
v 0.359039 0.671345 0.695814
v 0.277618 0.630342 0.619130
v -0.359039 0.671345 0.695814
v 0.486431 0.569307 0.594738
v -0.486431 0.569307 0.594738
v 0.798196 0.361907 0.528438
v 0.785634 0.294560 0.391910
v -0.785634 0.294560 0.391910
v -0.765164 0.170028 0.303594
v -0.772516 0.192941 0.480012
v 0.701216 0.066508 0.325013
v 0.765164 0.170028 0.303594
v 0.400120 -0.130894 0.415624
v 0.574542 -0.039388 0.366424
v -0.574542 -0.039388 0.366424
v -0.475752 -0.083852 0.526961
v 0.144877 -0.613259 0.358043
v -0.000000 -0.460781 0.228413
v -0.144877 -0.613259 0.358043
v -0.102062 -0.505668 0.310362
v -0.199180 -0.428175 0.352430
v -0.193274 -0.381947 0.212474
v -0.091092 -0.425845 0.157794
v 0.000000 -0.572208 0.319726
v 0.121850 -0.949532 0.488187
v 0.000000 -0.785639 0.375301
v -0.071731 -0.701399 0.356418
v -0.121850 -0.949532 0.488187
v -0.216188 -0.882834 0.430766
v -0.000000 -0.943641 0.472466
v 0.267330 -0.919607 0.482089
v 0.249945 -0.748249 0.407049
v 0.205337 -0.529990 0.379189
v -0.249945 -0.748249 0.407049
v 0.283637 -0.491214 0.517130
v 0.274589 -0.208948 0.447854
v -0.244466 -0.346852 0.435201
v -0.274589 -0.208948 0.447854
v 0.000000 -0.045828 -0.687906
v 0.156513 0.041530 -0.702271
v 0.000000 -0.218862 -0.522684
v 0.000000 -0.363303 -0.187778
v 0.249564 -0.314062 -0.088425
v 0.091092 -0.425845 0.157794
v -0.249564 -0.314062 -0.088425
v 0.193274 -0.381947 0.212474
v 0.232274 -0.337265 0.301913
v -0.232274 -0.337265 0.301912
v 0.000000 0.449436 -0.752026
v 0.188349 0.416213 -0.730946
v -0.474454 0.182226 -0.596463
v -0.000000 0.831676 0.239217
v 0.327086 0.783297 0.241457
v 0.465655 0.778072 0.149179
v -0.145152 0.906691 0.059840
v -0.364301 0.880481 -0.003855
v -0.465655 0.778072 0.149179
v -0.135099 0.753201 0.332999
v 0.000000 0.928974 -0.095661
v 0.449621 0.847042 -0.195553
v 0.497919 0.782904 -0.323343
v 0.344864 0.752144 -0.474642
v 0.201667 0.861741 -0.370287
v -0.201667 0.861741 -0.370287
v -0.344864 0.752144 -0.474642
v -0.497919 0.782904 -0.323343
v -0.449621 0.847042 -0.195553
v -0.000000 0.688086 -0.629880
v 0.000000 0.845533 -0.434207
v 0.692978 0.438365 0.358691
v -0.725759 0.464949 0.228825
v -0.692978 0.438365 0.358691
v 0.731760 0.561066 0.098708
v -0.731760 0.561066 0.098708
v 0.680863 0.681520 -0.192112
v -0.724384 0.626898 -0.028672
v 0.697974 0.512910 -0.411961
v -0.697974 0.512910 -0.411961
v 0.640618 0.326178 -0.509881
v 0.495444 0.434336 -0.590612
v 0.616157 0.671990 -0.367808
v -0.640618 0.326178 -0.509881
v 0.415583 0.580140 0.413800
v -0.535904 0.571115 0.324708
v 0.534309 0.509208 0.469159
v 0.000000 0.483327 0.603083
v -0.283726 0.559280 0.499746
v 0.211438 0.545439 0.601741
v -0.109662 0.526042 0.558632
v 0.725759 0.464949 0.228825
v -0.790349 0.257533 0.239079
v 0.802024 0.204206 0.030190
v 0.811570 0.377199 0.033215
v -0.787917 0.493661 0.028396
v 0.782377 0.529818 -0.164258
v -0.782377 0.529818 -0.164258
v -0.835805 0.336807 -0.198651
v 0.831724 0.355794 -0.303320
v 0.770596 0.332344 -0.383733
v 0.447106 -0.180640 -0.106162
v -0.447106 -0.180640 -0.106162
v 0.647169 -0.047085 0.076338
v 0.265961 -0.178138 0.508538
v 0.306241 -0.226590 0.344759
v -0.306241 -0.226590 0.344759
v -0.400120 -0.130894 0.415624
v 0.518727 0.038364 -0.495744
v 0.645593 -0.093047 -0.250344
v 0.469167 -0.064580 -0.416988
v -0.488541 -0.122979 -0.276210
v 0.353979 -0.045972 -0.559903
v 1.056991 0.441870 -0.332357
v 1.060770 0.408738 -0.329749
v -0.935957 0.368773 -0.252828
v -0.920545 0.397671 -0.273147
v -1.238831 0.417206 -0.420202
v -1.060770 0.408738 -0.329749
v 1.240346 0.339439 -0.411491
v -1.240346 0.339439 -0.411491
v -1.167197 0.408367 -0.384767
v -1.283818 0.295027 -0.423307
v 1.235035 0.189310 -0.413111
v -1.235035 0.189310 -0.413111
v -1.242797 0.072329 -0.441971
v 1.179247 0.040980 -0.390169
v 1.242797 0.072329 -0.441971
v 1.037990 -0.023186 -0.309816
v 0.934562 -0.079747 -0.250798
v -1.179247 0.040980 -0.390169
v -1.037990 -0.023186 -0.309816
v -1.160676 0.058121 -0.385231
v 0.789438 -0.085744 -0.170574
v -0.894722 -0.098414 -0.292462
v -0.786684 -0.107645 -0.210012
v -0.884651 -0.054135 -0.213173
v -1.013804 -0.003334 -0.325139
v -1.140254 0.064268 -0.402693
v -1.225913 0.259828 -0.429755
v -1.200589 0.328885 -0.425129
v -1.123609 0.363410 -0.398003
v -0.978955 0.341884 -0.300431
v 0.978955 0.341884 -0.300431
v 0.743359 0.051415 0.046598
v 0.638283 -0.107322 -0.141768
v 0.786684 -0.107645 -0.210012
v 0.852144 0.354153 -0.249443
v 0.861110 0.283577 -0.224271
v -0.852144 0.354153 -0.249443
v 0.771328 0.049944 -0.234048
v 0.732685 -0.013028 -0.166977
v -0.771328 0.049944 -0.234048
v -0.820289 -0.004134 -0.260599
v 0.793167 0.134729 -0.241142
v -0.793167 0.134729 -0.241142
v -0.861110 0.283577 -0.224271
v -0.732685 -0.013028 -0.166977
v -0.809036 0.112779 -0.298373
v -0.847202 0.086061 -0.317297
v 0.855247 0.025647 -0.307506
v -0.846817 -0.001577 -0.294891
v -0.916842 0.004401 -0.310373
v 1.016607 0.318876 -0.364900
v 1.088761 0.317385 -0.414844
v -1.016607 0.318876 -0.364900
v 1.165724 0.310822 -0.445178
v -1.165724 0.310822 -0.445178
v 1.166210 0.124442 -0.446249
v 1.069425 0.045965 -0.401498
v -1.017308 0.009418 -0.361156
v 0.847202 0.086061 -0.317297
v -1.044724 0.157731 -0.387593
v 1.106603 0.238310 -0.410315
v -1.106603 0.238310 -0.410315
v 0.904554 0.169562 -0.331814
v 0.916842 0.004401 -0.310373
v -1.209686 0.238878 -0.458183
v 1.000477 -0.044977 -0.392859
v 1.097198 -0.035195 -0.397258
v 0.894722 -0.098414 -0.292462
v 1.152449 0.058357 -0.474347
v 1.248208 0.099536 -0.482945
v 1.311341 0.241366 -0.497962
v -1.280206 0.367355 -0.492491
v -1.306930 0.337436 -0.465090
v 1.067033 0.344837 -0.457060
v -1.189956 0.420316 -0.470528
v -1.003347 0.425379 -0.371827
v -1.067033 0.344837 -0.457060
v -0.831724 0.355794 -0.303320
v -0.861356 0.314661 -0.367783
v 0.836702 0.080760 -0.379097
v 0.894051 0.236338 -0.398868
v -1.034277 0.091137 -0.452305
v 1.244309 0.256838 -0.511252
v -1.244309 0.256838 -0.511252
v 0.861356 0.314661 -0.367783
v -0.894051 0.236338 -0.398868
v 0.689900 0.024109 -0.388895
v -0.689900 0.024109 -0.388895
v -0.392774 0.061059 0.691118
v -0.475122 0.106103 0.680248
v 0.301335 0.133851 0.778328
v -0.292174 0.065816 0.709012
v 0.171679 0.206034 0.730268
v -0.171679 0.206034 0.730268
v 0.186508 0.323182 0.728903
v -0.186508 0.323182 0.728903
v -0.346981 0.367217 0.770981
v 0.482553 0.378988 0.674008
v -0.533783 0.294405 0.661537
v -0.482553 0.378988 0.674008
v -0.415173 0.352528 0.755920
v 0.276104 0.336607 0.786152
v 0.243390 0.296468 0.788506
v -0.243390 0.296468 0.788506
v 0.315753 0.164293 0.808011
v -0.454004 0.194840 0.759797
v -0.315753 0.164293 0.808011
v 0.266504 0.275651 0.813015
v 0.320343 0.326486 0.806870
v 0.430363 0.244569 0.787240
v 0.067895 -0.942141 0.618077
v -0.097083 -0.961003 0.553390
v 0.201000 -0.928697 0.597161
v 0.295986 -0.893543 0.559262
v -0.218620 -0.511368 0.679872
v -0.267292 -0.460049 0.596900
v 0.279413 -0.137854 0.619638
v 0.507183 -0.026294 0.599620
v 0.552841 0.548725 0.666255
v 0.329479 0.653957 0.764687
v 0.170006 0.623360 0.771392
v 0.204004 0.605594 0.805620
v -0.170006 0.623360 0.771392
v -0.204004 0.605594 0.805620
v -0.059599 0.443932 0.790206
v 0.279415 0.558186 0.796952
v 0.283194 0.485446 0.771691
v 0.647821 0.444865 0.688504
v 0.663136 0.322809 0.658566
v -0.761507 0.316848 0.598968
v 0.135575 -0.076056 0.758738
v 0.204901 0.095304 0.753716
v -0.140239 0.477643 0.809866
v 0.091960 -0.895601 0.668508
v -0.091960 -0.895601 0.668507
v -0.070059 -0.315496 0.751088
v 0.061763 -0.510084 0.741047
v -0.061763 -0.510084 0.741047
v -0.122104 -0.216126 0.752295
v 0.087548 -0.145136 0.764134
v -0.035449 -0.124960 0.758408
v 0.011955 -0.161309 0.771929
v -0.011955 -0.161309 0.771929
v 0.070059 -0.315496 0.751088
v 0.087121 -0.271172 0.768090
v -0.087121 -0.271172 0.768090
v -0.097101 -0.173326 0.793870
v 0.100754 -0.234872 0.794844
v -0.070807 -0.218617 0.813561
v 0.070807 -0.218617 0.813561
v 0.035449 -0.124960 0.758408
v 0.122104 -0.216126 0.752295
v 0.123126 -0.373202 0.731064
v -0.207028 -0.325481 0.652201
v 0.207994 -0.223282 0.605353
v -0.207994 -0.223282 0.605353
v 0.105854 -0.745165 0.716635
v 0.036869 -0.852669 0.661824
v 0.045196 -0.870264 0.685983
v -0.105854 -0.745165 0.716635
v 0.053677 -0.766078 0.688336
v -0.179992 0.246718 0.768447
v 0.613723 0.275449 0.665108
v -0.613723 0.275449 0.665108
v -0.550164 0.370011 0.694779
v 0.198969 0.419687 0.779713
v 0.216999 0.359185 0.771325
v -0.378305 0.394546 0.747996
v 0.547728 0.328381 0.691096
v -0.547728 0.328381 0.691096
v -0.561334 0.212440 0.678973
v -0.466715 0.108203 0.705576
v -0.216999 0.359185 0.771325
v 0.179992 0.246718 0.768447
v 0.050479 0.463102 0.627282
v -0.056100 0.470518 0.715730
v 0.154182 0.618565 0.719900
v -0.154182 0.618565 0.719900
v 0.310797 0.670852 0.648536
v -0.310797 0.670852 0.648536
v 0.714424 0.454234 0.549490
v -0.714424 0.454234 0.549490
v 0.772516 0.192941 0.480012
v -0.798196 0.361907 0.528438
v 0.102062 -0.505668 0.310362
v 0.216188 -0.882834 0.430766
v 0.071731 -0.701399 0.356418
v -0.267330 -0.919607 0.482089
v 0.311635 -0.803202 0.472984
v -0.311635 -0.803202 0.472984
v -0.283637 -0.491214 0.517130
v 0.236305 -0.264854 0.511339
v -0.236305 -0.264854 0.511339
v 0.244466 -0.346852 0.435201
v -0.264465 -0.169527 0.556375
v -0.265961 -0.178138 0.508538
v 0.131993 -0.109095 -0.623766
v -0.353979 -0.045972 -0.559903
v -0.131993 -0.109095 -0.623766
v -0.156513 0.041530 -0.702271
v 0.208734 -0.176768 -0.521467
v 0.095213 -0.256177 -0.450996
v -0.208734 -0.176768 -0.521467
v -0.095213 -0.256177 -0.450996
v 0.118289 -0.349013 -0.178858
v -0.118289 -0.349013 -0.178858
v -0.701216 0.066508 0.325013
v 0.271513 0.263578 -0.709364
v 0.100421 0.243156 -0.758436
v -0.271513 0.263578 -0.709364
v -0.100421 0.243156 -0.758436
v -0.188349 0.416213 -0.730946
v 0.145152 0.906691 0.059840
v 0.364301 0.880481 -0.003855
v -0.327086 0.783297 0.241457
v 0.223934 0.911213 -0.178597
v -0.223934 0.911213 -0.178597
v 0.135837 0.735939 -0.572020
v 0.218435 0.589075 -0.659087
v -0.218435 0.589075 -0.659087
v -0.135837 0.735939 -0.572020
v 0.735667 0.410381 0.430894
v 0.724384 0.626898 -0.028672
v -0.680863 0.681519 -0.192112
v 0.684704 0.406579 -0.466722
v -0.684704 0.406579 -0.466722
v 0.511712 0.608242 -0.501921
v -0.511712 0.608242 -0.501921
v 0.536004 0.802399 -0.031341
v 0.594747 0.701133 0.096877
v -0.594747 0.701133 0.096877
v -0.536004 0.802399 -0.031341
v 0.535904 0.571115 0.324708
v -0.534309 0.509208 0.469159
v 0.135099 0.753201 0.332999
v -0.415583 0.580140 0.413800
v -0.277618 0.630342 0.619130
v -0.211438 0.545439 0.601741
v -0.368609 0.564522 0.567375
v 0.132070 0.501365 0.607627
v 0.283726 0.559280 0.499746
v -0.132070 0.501365 0.607626
v 0.109662 0.526042 0.558632
v 0.790349 0.257533 0.239079
v 0.771816 0.350572 0.295665
v -0.771816 0.350572 0.295665
v 0.787917 0.493661 0.028396
v -0.811570 0.377199 0.033215
v 0.760580 0.524557 -0.297061
v -0.760580 0.524557 -0.297061
v 0.412229 -0.186633 0.150641
v -0.647169 -0.047085 0.076338
v 0.474454 0.182226 -0.596463
v 0.488541 -0.122979 -0.276210
v -0.469167 -0.064580 -0.416988
v -0.603776 -0.032102 -0.367441
v 0.291428 -0.227644 -0.351226
v -0.291428 -0.227644 -0.351226
v -0.518727 0.038364 -0.495744
v 0.920545 0.397671 -0.273147
v 1.283818 0.295027 -0.423307
v 1.160676 0.058121 -0.385231
v -0.934562 -0.079747 -0.250798
v 1.013804 -0.003334 -0.325139
v 0.884651 -0.054135 -0.213173
v 1.140254 0.064268 -0.402693
v 1.207221 0.153708 -0.431585
v 1.200589 0.328885 -0.425129
v 1.225913 0.259828 -0.429755
v 1.123609 0.363410 -0.398003
v 0.686150 -0.062939 -0.117535
v -0.789438 -0.085744 -0.170574
v -0.686150 -0.062939 -0.117535
v -0.638283 -0.107322 -0.141768
v -0.743360 0.051415 0.046598
v 0.835805 0.336807 -0.198651
v 0.935957 0.368773 -0.252828
v 0.787780 -0.038592 -0.191597
v -0.787780 -0.038592 -0.191597
v 0.811809 0.221361 -0.165744
v 0.735889 0.029646 -0.111216
v -0.735889 0.029646 -0.111216
v -0.802024 0.204206 0.030190
v -0.908334 0.235105 -0.315047
v 0.809036 0.112779 -0.298373
v 0.815363 0.054127 -0.282028
v -0.815363 0.054127 -0.282028
v 0.820289 -0.004134 -0.260599
v 0.846817 -0.001577 -0.294891
v -1.088761 0.317385 -0.414844
v 1.209686 0.238878 -0.458183
v 1.211019 0.173174 -0.459057
v -1.211019 0.173174 -0.459057
v -1.166210 0.124442 -0.446249
v -1.069425 0.045965 -0.401498
v 1.017308 0.009418 -0.361156
v -0.855247 0.025647 -0.307506
v -0.946695 0.097025 -0.344804
v 1.044724 0.157731 -0.387593
v 0.996121 0.255814 -0.365409
v -0.996121 0.255814 -0.365409
v 0.908334 0.235105 -0.315047
v -0.904554 0.169562 -0.331814
v 0.946695 0.097025 -0.344804
v -1.000477 -0.044977 -0.392859
v -1.152449 0.058357 -0.474347
v -1.097198 -0.035195 -0.397258
v -1.248207 0.099536 -0.482945
v 1.302667 0.200616 -0.448598
v 1.298095 0.151019 -0.475557
v -1.298095 0.151019 -0.475557
v -1.302667 0.200616 -0.448598
v 1.238831 0.417206 -0.420202
v 1.306930 0.337436 -0.465090
v 1.280206 0.367355 -0.492491
v 1.144653 0.456484 -0.405364
v 1.189956 0.420316 -0.470528
v -1.144653 0.456484 -0.405364
v 1.003347 0.425379 -0.371827
v -0.807216 -0.049790 -0.334118
v 1.034277 0.091137 -0.452305
v -1.311341 0.241366 -0.497962
v 0.755547 0.183952 -0.408714
v -0.836702 0.080760 -0.379097
v -0.755547 0.183952 -0.408714
v 0.807216 -0.049790 -0.334118
v -0.645593 -0.093047 -0.250344
v 0.493673 0.244665 0.721563
v 0.462728 0.152442 0.729333
v 0.507114 0.153978 0.676904
v -0.507114 0.153978 0.676904
v -0.458016 0.236755 0.763768
v 0.551807 0.107499 0.577155
v 0.587516 0.192325 0.569962
v -0.587516 0.192325 0.569962
v -0.551807 0.107499 0.577154
v 0.431347 0.080110 0.692328
v 0.411887 0.014631 0.604593
v 0.493450 0.050034 0.588796
v -0.493450 0.050034 0.588796
v -0.411887 0.014631 0.604593
v -0.326423 0.031972 0.663848
v -0.391592 0.100235 0.735757
v 0.278519 0.151724 0.785532
v 0.246029 0.092650 0.720380
v 0.347288 0.062003 0.705308
v -0.246029 0.092650 0.720380
v -0.259326 0.126441 0.756612
v 0.226022 0.041013 0.636853
v 0.316320 0.009853 0.621947
v -0.316320 0.009853 0.621947
v -0.226022 0.041013 0.636853
v -0.196918 0.094603 0.685716
v 0.186318 0.162766 0.729462
v 0.116341 0.185799 0.652231
v 0.156112 0.102420 0.647104
v -0.156112 0.102420 0.647104
v -0.116341 0.185799 0.652231
v -0.186318 0.162766 0.729462
v 0.240039 0.207651 0.789681
v -0.240039 0.207651 0.789681
v 0.237274 0.274830 0.788879
v 0.235993 0.337901 0.760840
v -0.237274 0.274830 0.788879
v 0.143198 0.367868 0.648881
v 0.111531 0.279097 0.652860
v -0.111531 0.279097 0.652860
v -0.143198 0.367868 0.648881
v -0.224080 0.374995 0.722653
v 0.328437 0.425987 0.706401
v 0.292779 0.477651 0.625961
v 0.206503 0.437774 0.639838
v -0.206503 0.437774 0.639838
v -0.292779 0.477651 0.625961
v -0.328437 0.425987 0.706401
v 0.310209 0.356514 0.779919
v -0.432814 0.406814 0.688614
v -0.444829 0.363169 0.724016
v 0.477992 0.450069 0.591802
v 0.388488 0.481998 0.608955
v -0.388488 0.481998 0.608955
v -0.477992 0.450069 0.591802
v 0.511701 0.334471 0.672808
v 0.534596 0.252383 0.669054
v 0.587272 0.295797 0.570016
v 0.547379 0.386825 0.578028
v -0.547379 0.386825 0.578028
v -0.587272 0.295797 0.570016
v 0.434730 0.325645 0.762115
v 0.403029 0.339719 0.778311
v -0.292773 0.302077 0.812847
v -0.248389 0.256694 0.805008
v 0.287075 0.166372 0.802346
v 0.290768 0.186731 0.813086
v -0.290769 0.186731 0.813086
v -0.287075 0.166372 0.802346
v 0.431109 0.173843 0.772275
v 0.329548 0.189580 0.814278
v 0.298070 0.219654 0.818456
v -0.298070 0.219654 0.818456
v -0.422768 0.309799 0.782499
v 0.043147 -0.963286 0.567792
v 0.080368 -0.920842 0.644128
v -0.033109 -0.951454 0.607350
v -0.043147 -0.963286 0.567792
v 0.171606 -0.952287 0.541891
v 0.148018 -0.913800 0.635614
v -0.206250 -0.898946 0.626983
v -0.257042 -0.914847 0.581379
v -0.277507 -0.923415 0.541752
v -0.171606 -0.952287 0.541891
v -0.244345 -0.824953 0.643213
v 0.306797 -0.774131 0.586321
v -0.306797 -0.774131 0.586321
v 0.300396 -0.628686 0.573179
v 0.249384 -0.501511 0.642168
v 0.376307 -0.111913 0.580129
v -0.244994 -0.128213 0.663664
v -0.175421 -0.100317 0.742741
v 0.592334 -0.015033 0.514027
v 0.609526 0.015156 0.554910
v -0.609526 0.015156 0.554910
v 0.772174 0.251952 0.547353
v -0.725999 0.113236 0.490286
v 0.786327 0.395399 0.576688
v 0.731674 0.375435 0.641393
v -0.731674 0.375435 0.641393
v 0.460371 0.527345 0.757952
v 0.193207 0.664041 0.726099
v 0.319285 0.588110 0.795043
v -0.319285 0.588110 0.795043
v -0.293905 0.694309 0.715793
v 0.097735 0.459129 0.805128
v -0.000000 0.399680 0.785494
v -0.254863 0.464285 0.773410
v 0.316719 0.474955 0.762373
v -0.316719 0.474956 0.762373
v 0.491234 0.404829 0.714434
v -0.685974 0.377965 0.668379
v 0.610838 0.217730 0.658507
v 0.500950 0.081693 0.673692
v 0.288042 0.046427 0.732368
v 0.033150 0.134279 0.754529
v 0.100596 0.012392 0.757194
v -0.033150 0.134279 0.754529
v -0.029167 0.350519 0.797994
v -0.152837 0.346576 0.777736
v -0.000000 0.276227 0.782511
v -0.031534 0.255830 0.777070
v 0.000000 -0.929885 0.635000
v 0.147860 -0.713032 0.709132
v 0.172665 -0.442163 0.708805
v 0.088816 -0.433763 0.738785
v 0.085508 -0.610388 0.732798
v -0.206992 -0.613750 0.690660
v -0.085508 -0.610388 0.732798
v 0.000000 -0.528060 0.741468
v 0.098325 -0.271582 0.749460
v 0.095095 -0.255784 0.780571
v -0.079329 -0.287223 0.759009
v -0.098325 -0.271582 0.749460
v -0.047944 -0.139604 0.774763
v -0.000000 -0.138238 0.756462
v -0.000000 -0.172877 0.793918
v -0.000000 -0.298954 0.779929
v 0.059361 -0.254053 0.804124
v -0.075566 -0.259304 0.794846
v 0.068515 -0.168592 0.804058
v -0.068515 -0.168592 0.804058
v 0.036843 -0.204197 0.814681
v 0.000000 -0.226795 0.810805
v -0.000000 0.037950 0.749038
v 0.100525 -0.127178 0.760755
v -0.169179 -0.198383 0.708913
v 0.233958 -0.319884 0.597117
v 0.183072 -0.237066 0.662353
v -0.263091 -0.160979 0.584787
v -0.088983 -0.731793 0.720112
v -0.059148 -0.855310 0.688505
v -0.000000 -0.862301 0.663486
v 0.073019 -0.824926 0.668910
v -0.051782 -0.835839 0.655038
v 0.000000 -0.763250 0.695737
v -0.067532 -0.772155 0.677711
v -0.000000 -0.812117 0.654874
v 0.051782 -0.835838 0.655038
v 0.071420 -0.800519 0.661554
v -0.177975 0.206583 0.767645
v 0.152837 0.346576 0.777736
v 0.232866 0.107558 0.758554
v -0.232866 0.107558 0.758554
v -0.299901 0.095919 0.749502
v -0.512334 0.116141 0.684984
v 0.569012 0.175817 0.670692
v 0.567493 0.270539 0.680871
v -0.586494 0.302208 0.676838
v 0.284803 0.388725 0.761214
v -0.284803 0.388725 0.761214
v 0.438066 0.383126 0.737020
v 0.345628 0.398466 0.753930
v 0.408811 0.386824 0.740005
v -0.408811 0.386824 0.740005
v -0.345628 0.398466 0.753931
v 0.476886 0.356516 0.710755
v -0.476886 0.356516 0.710755
v 0.530423 0.316752 0.682876
v 0.547073 0.274962 0.674342
v -0.530423 0.316752 0.682876
v 0.540175 0.227277 0.675765
v -0.540175 0.227277 0.675765
v -0.539414 0.200055 0.682013
v 0.505423 0.172523 0.686806
v -0.505422 0.172523 0.686806
v 0.348401 0.092730 0.737161
v 0.445386 0.122645 0.706136
v 0.372630 0.102346 0.726782
v -0.372630 0.102346 0.726782
v -0.445386 0.122645 0.706136
v 0.298577 0.113090 0.743565
v -0.298577 0.113090 0.743565
v 0.207337 0.159528 0.759999
v 0.241334 0.139396 0.751834
v -0.241334 0.139396 0.751834
v 0.231333 0.337938 0.760293
v -0.231333 0.337938 0.760293
v 0.200877 0.258232 0.753984
v -0.200877 0.258232 0.753984
v 0.208870 0.185871 0.751980
v -0.208870 0.185871 0.751980
v 0.000000 0.441083 0.700359
v 0.093603 0.505789 0.686211
v 0.082118 0.477869 0.619947
v 0.177995 0.638840 0.694237
v -0.124385 0.509533 0.636905
v -0.159600 0.538441 0.630394
v 0.244707 0.644463 0.637811
v 0.525403 0.562066 0.630945
v -0.432052 0.568585 0.573807
v -0.525403 0.562066 0.630946
v 0.432052 0.568585 0.573807
v -0.775069 0.388405 0.480885
v 0.778236 0.229372 0.362959
v 0.770052 0.357280 0.412684
v -0.778236 0.229372 0.362959
v 0.737536 0.118346 0.320733
v -0.737536 0.118346 0.320733
v 0.447672 -0.101100 0.473745
v -0.487092 -0.086901 0.394846
v -0.447672 -0.101100 0.473745
v 0.000000 -0.503318 0.287332
v 0.181092 -0.420574 0.302231
v 0.161856 -0.468141 0.332183
v -0.119288 -0.561206 0.338794
v -0.136833 -0.417201 0.202253
v -0.025225 -0.631954 0.335420
v 0.040936 -0.742049 0.362160
v -0.000000 -0.675953 0.344060
v 0.107149 -0.651428 0.354453
v -0.040936 -0.742049 0.362160
v 0.067646 -0.950252 0.479663
v -0.000000 -0.874236 0.418496
v -0.144998 -0.802114 0.390550
v -0.067646 -0.950252 0.479664
v -0.162630 -0.929026 0.460781
v 0.096860 -0.959113 0.516895
v -0.000000 -0.960492 0.534414
v -0.254149 -0.909470 0.457367
v 0.254149 -0.909470 0.457367
v 0.255120 -0.933003 0.504956
v 0.291354 -0.779413 0.437955
v 0.321929 -0.794430 0.513765
v -0.291354 -0.779413 0.437955
v 0.233693 -0.625418 0.395394
v -0.233693 -0.625418 0.395394
v -0.230083 -0.459068 0.407156
v 0.221424 -0.383875 0.390619
v 0.256143 -0.249555 0.441696
v -0.256143 -0.249555 0.441696
v -0.241788 -0.284855 0.476908
v 0.000000 -0.133832 -0.616702
v -0.000000 0.052070 -0.729343
v 0.064367 0.092915 -0.738389
v -0.064367 0.092915 -0.738389
v -0.000000 -0.293315 -0.388192
v 0.331089 -0.140924 -0.465675
v 0.189186 -0.300861 -0.272774
v -0.189186 -0.300861 -0.272774
v -0.331089 -0.140924 -0.465675
v 0.000000 -0.418465 0.060654
v 0.229317 -0.343744 0.056977
v -0.705459 -0.001565 0.040948
v -0.000000 0.298865 -0.766734
v 0.374425 0.345347 -0.664110
v -0.307065 0.105852 -0.660708
v -0.319261 0.433030 -0.677180
v -0.000000 0.901066 0.085816
v 0.406718 0.784005 0.194305
v 0.419204 0.835918 0.084921
v -0.073420 0.924776 -0.003881
v -0.253552 0.902185 0.016827
v -0.419204 0.835918 0.084921
v -0.000000 0.900042 -0.274554
v 0.484041 0.812993 -0.265632
v 0.271147 0.809942 -0.438319
v 0.085863 0.862627 -0.394002
v -0.085863 0.862627 -0.394002
v -0.271147 0.809942 -0.438319
v -0.484041 0.812993 -0.265632
v -0.000000 0.585291 -0.694000
v 0.000000 0.772949 -0.543967
v 0.626251 0.486978 0.353289
v -0.626251 0.486978 0.353289
v 0.676604 0.624254 0.096936
v 0.613012 0.747174 -0.108934
v 0.661006 0.676242 -0.284732
v 0.669419 0.596984 -0.388183
v -0.669419 0.596984 -0.388183
v 0.686240 0.254526 -0.468555
v 0.510555 0.531824 -0.545783
v 0.569064 0.647554 -0.435749
v -0.569064 0.647554 -0.435749
v -0.728537 0.373869 -0.428673
v -0.576114 0.373473 -0.554509
v 0.464523 0.576387 0.381574
v -0.377169 0.658986 0.352242
v 0.442713 0.536594 0.522958
v -0.000000 0.678659 0.412258
v -0.365227 0.573930 0.447890
v 0.288602 0.552906 0.579393
v -0.126834 0.504661 0.584834
v 0.780197 0.414173 0.141264
v 0.801440 0.445327 0.022134
v -0.815241 0.291774 0.026137
v 0.822707 0.275757 -0.083270
v 0.806092 0.440910 -0.187469
v -0.822568 0.358183 -0.091233
v -0.822707 0.275757 -0.083270
v 0.822691 0.356184 -0.256357
v 0.800726 0.345740 -0.339238
v 0.472102 -0.150903 -0.206423
v -0.472102 -0.150903 -0.206423
v 0.656024 -0.062447 -0.028695
v 0.546445 -0.134647 -0.114199
v -0.546445 -0.134647 -0.114199
v -0.656024 -0.062447 -0.028695
v -0.410273 -0.150080 0.305083
v 0.267432 -0.191342 0.476498
v 0.266679 -0.265029 0.387026
v -0.342199 -0.213901 0.269457
v -0.266679 -0.265029 0.387026
v -0.267432 -0.191342 0.476498
v 0.565455 0.006977 -0.433910
v 0.500180 0.094870 -0.545429
v -0.500180 0.094870 -0.545429
v 0.307065 0.105852 -0.660709
v -0.401441 0.066345 -0.596977
v 0.622762 -0.064336 -0.309184
v -0.495529 -0.006989 -0.466999
v -0.475399 -0.100255 -0.343918
v 1.055313 0.426558 -0.324405
v 0.929059 0.387005 -0.256940
v -0.929059 0.387005 -0.256940
v 1.198048 0.417693 -0.394270
v -1.198048 0.417693 -0.394270
v -1.266275 0.327110 -0.415718
v -1.211920 0.381975 -0.401523
v 1.246943 0.272251 -0.414278
v -1.275344 0.126099 -0.442768
v 1.214902 0.050747 -0.418809
v 1.105818 0.012068 -0.352130
v -1.017692 -0.064726 -0.323267
v -1.056880 -0.034810 -0.323451
v -0.990506 -0.050387 -0.277809
v -1.214902 0.050747 -0.418809
v 0.957917 -0.043189 -0.257986
v 0.791185 -0.101325 -0.185929
v -0.993768 -0.078902 -0.338342
v -0.834868 -0.107667 -0.245548
v -0.938384 -0.031496 -0.258149
v -1.094670 0.031481 -0.373077
v -1.176213 0.101387 -0.417206
v -1.221176 0.210099 -0.432639
v -1.233043 0.296731 -0.419490
v -1.218227 0.297038 -0.429365
v -1.169921 0.351928 -0.416151
v -1.058229 0.365548 -0.351256
v -1.028829 0.385552 -0.315893
v 0.958834 0.360685 -0.270656
v -0.746698 -0.031896 -0.174144
v 0.740064 0.032516 -0.044115
v -0.850583 0.304100 -0.209452
v -0.846248 0.345653 -0.234304
v -0.903051 -0.009980 -0.284094
v 0.752165 0.020971 -0.200560
v 0.814308 0.026397 -0.270143
v -0.804759 0.079146 -0.288572
v -0.768556 0.077629 -0.234500
v -0.797914 0.176078 -0.203191
v -0.831798 0.256307 -0.202754
v 0.831798 0.256307 -0.202754
v -0.885075 0.247030 -0.272078
v -0.938196 0.285101 -0.306349
v 0.826294 0.068741 -0.301446
v -0.824880 0.099728 -0.311036
v -0.852027 0.056068 -0.314406
v -0.863638 -0.002093 -0.296543
v 1.054220 0.323114 -0.393887
v 1.153612 0.338920 -0.430566
v -1.188897 0.281435 -0.453151
v 1.191102 0.183344 -0.456850
v 1.038825 0.018663 -0.379320
v 1.122382 0.081703 -0.428157
v 0.983992 0.005985 -0.343319
v 0.889607 0.089667 -0.329501
v -0.971260 0.179951 -0.354980
v 1.050469 0.253121 -0.386834
v 1.045629 0.295616 -0.392756
v -1.164174 0.235604 -0.439415
v 1.142123 0.279155 -0.433226
v 1.015718 0.002940 -0.424739
v 1.044931 -0.049697 -0.394979
v -0.846586 -0.084435 -0.308627
v -1.015718 0.002940 -0.424739
v -1.242558 0.071425 -0.460224
v 1.288833 0.172937 -0.497686
v 1.314809 0.296315 -0.484583
v -1.245392 0.396431 -0.487373
v -1.297169 0.360048 -0.480366
v 1.139092 0.393342 -0.471228
v -1.139092 0.393342 -0.471228
v -1.036864 0.398863 -0.420829
v -0.974123 0.291499 -0.426645
v -0.843987 0.336519 -0.339515
v 0.866671 0.159185 -0.391526
v -0.866671 0.159185 -0.391526
v -1.067614 0.230438 -0.466728
v 1.223766 0.356915 -0.499624
v 1.258348 0.171172 -0.503857
v -1.258348 0.171172 -0.503857
v -1.223766 0.356915 -0.499624
v 0.809110 0.300401 -0.365300
v 0.654565 -0.010505 -0.378922
v -0.486844 0.196721 0.722942
v 0.566248 0.222092 0.618945
v 0.526926 0.123444 0.628102
v -0.504506 0.085433 0.623680
v -0.526926 0.123444 0.628102
v -0.553211 0.171681 0.622072
v -0.376573 0.032223 0.655799
v -0.423425 0.043091 0.647637
v -0.431347 0.080110 0.692328
v -0.465089 0.062802 0.640557
v -0.347288 0.062003 0.705308
v 0.432805 0.126367 0.737948
v 0.391592 0.100235 0.735757
v -0.432805 0.126367 0.737948
v 0.342483 0.137092 0.783003
v -0.297752 0.105338 0.751649
v -0.276650 0.036874 0.663292
v 0.137942 0.222082 0.692881
v 0.147497 0.173604 0.691816
v -0.137942 0.222082 0.692881
v -0.147497 0.173604 0.691816
v -0.167863 0.131627 0.689777
v 0.232695 0.153293 0.761103
v 0.203868 0.228011 0.762869
v -0.203868 0.228011 0.762869
v -0.213106 0.188907 0.762877
v -0.232695 0.153293 0.761103
v -0.278519 0.151724 0.785531
v -0.223209 0.308353 0.768101
v -0.208225 0.277458 0.762466
v 0.146830 0.326727 0.683346
v 0.177858 0.370725 0.687591
v 0.224080 0.374995 0.722653
v -0.172106 0.261186 0.730559
v 0.255401 0.445061 0.665809
v 0.305476 0.454169 0.666642
v 0.361173 0.395028 0.738944
v -0.361173 0.395028 0.738945
v -0.312737 0.391347 0.745626
v -0.310209 0.356514 0.779919
v -0.271800 0.372310 0.753909
v 0.444829 0.363169 0.724016
v 0.432814 0.406814 0.688614
v 0.410010 0.449293 0.650683
v 0.459631 0.428629 0.639499
v 0.503957 0.405688 0.621556
v -0.410010 0.449293 0.650683
v 0.530660 0.364341 0.625081
v 0.553338 0.320018 0.620613
v 0.565603 0.270718 0.618235
v -0.511701 0.334471 0.672808
v -0.497133 0.291368 0.711331
v 0.442612 0.266751 0.780005
v 0.384080 0.361990 0.764929
v -0.384080 0.361990 0.764929
v -0.403029 0.339719 0.778311
v 0.333992 0.349242 0.793155
v 0.352433 0.330539 0.802229
v -0.299832 0.333509 0.800773
v 0.253778 0.286808 0.802250
v 0.271788 0.308103 0.804471
v 0.254845 0.313950 0.788961
v -0.253778 0.286808 0.802250
v -0.271788 0.308103 0.804471
v 0.262573 0.194698 0.804796
v -0.262573 0.194698 0.804796
v 0.315220 0.148051 0.797080
v -0.351411 0.159296 0.801754
v -0.342483 0.137092 0.783002
v 0.443084 0.220113 0.778944
v 0.417607 0.203027 0.789361
v -0.417607 0.203027 0.789361
v 0.297760 0.257417 0.818497
v -0.297760 0.257417 0.818497
v 0.328847 0.288799 0.814227
v 0.369821 0.286267 0.806224
v 0.395057 0.240260 0.800885
v 0.414131 0.286069 0.791449
v 0.083389 -0.956795 0.587794
v 0.033109 -0.951454 0.607350
v -0.083389 -0.956795 0.587794
v 0.129713 -0.939842 0.607684
v -0.232617 -0.936679 0.560954
v 0.316868 -0.847116 0.552427
v 0.291636 -0.844937 0.596757
v 0.252889 -0.879631 0.611874
v -0.252889 -0.879631 0.611874
v -0.316868 -0.847116 0.552427
v -0.291636 -0.844937 0.596757
v 0.281999 -0.631813 0.614591
v -0.252943 -0.647632 0.655816
v -0.249384 -0.501511 0.642168
v -0.281999 -0.631813 0.614591
v 0.244994 -0.128213 0.663664
v 0.263091 -0.160979 0.584787
v -0.376307 -0.111913 0.580129
v 0.512946 -0.048233 0.566282
v 0.725999 0.113236 0.490286
v 0.664196 0.070706 0.552646
v -0.664196 0.070706 0.552646
v -0.792474 0.339519 0.565434
v -0.772174 0.251952 0.547353
v -0.786327 0.395399 0.576688
v 0.714412 0.429537 0.648478
v -0.769104 0.380477 0.608954
v 0.497079 0.528214 0.743511
v 0.670952 0.479395 0.639232
v -0.497079 0.528214 0.743511
v -0.670952 0.479395 0.639232
v 0.447775 0.604331 0.719156
v 0.347658 0.621443 0.779311
v -0.447775 0.604331 0.719156
v 0.238230 0.661350 0.775926
v 0.185435 0.618237 0.792372
v 0.256481 0.646933 0.792884
v 0.209308 0.669617 0.753224
v 0.233710 0.593488 0.808937
v -0.209308 0.669617 0.753224
v -0.256481 0.646933 0.792884
v -0.347658 0.621443 0.779311
v -0.271995 0.622416 0.801753
v -0.342463 0.673206 0.732294
v 0.112131 0.535992 0.781410
v 0.053392 0.459114 0.760701
v 0.164780 0.539746 0.811134
v -0.185435 0.618237 0.792372
v -0.129533 0.531633 0.800567
v -0.112131 0.535992 0.781410
v -0.159098 0.626522 0.746909
v 0.024191 0.394690 0.795560
v 0.056323 0.402839 0.801095
v -0.056323 0.402839 0.801095
v -0.024191 0.394690 0.795560
v 0.224327 0.496438 0.792729
v -0.198685 0.527293 0.808689
v -0.224327 0.496438 0.792729
v 0.411640 0.521873 0.766599
v 0.351129 0.508520 0.768803
v -0.411640 0.521873 0.766599
v -0.351129 0.508520 0.768803
v -0.546585 0.394675 0.700080
v -0.615391 0.398707 0.694050
v 0.685974 0.377965 0.668379
v -0.600599 0.354711 0.678201
v 0.712544 0.213438 0.596300
v 0.664876 0.208158 0.629293
v 0.635695 0.220591 0.649323
v 0.719470 0.310770 0.630282
v -0.719470 0.310770 0.630282
v -0.664876 0.208158 0.629293
v -0.635695 0.220591 0.649323
v -0.610838 0.217730 0.658507
v -0.712544 0.213438 0.596300
v -0.640652 0.291753 0.659580
v -0.595902 0.120877 0.639328
v 0.420486 -0.013234 0.663228
v 0.488210 0.043673 0.660877
v 0.378159 -0.059079 0.653784
v 0.559040 0.019580 0.605230
v -0.420486 -0.013234 0.663228
v -0.488210 0.043673 0.660877
v -0.247126 -0.027350 0.735223
v -0.307229 -0.036958 0.708286
v -0.131493 0.107007 0.755403
v -0.176266 0.017633 0.753873
v 0.125210 0.389699 0.792715
v -0.099580 0.309703 0.782924
v -0.102311 0.203686 0.763628
v 0.043695 -0.894914 0.675241
v 0.032432 -0.920084 0.648072
v -0.080368 -0.920842 0.644128
v -0.032432 -0.920084 0.648072
v -0.043695 -0.894914 0.675241
v 0.145443 -0.882632 0.664462
v -0.137541 -0.851677 0.685061
v -0.145443 -0.882632 0.664462
v 0.148408 -0.808918 0.694388
v -0.148408 -0.808918 0.694388
v 0.155744 -0.547802 0.715158
v -0.155744 -0.547802 0.715158
v -0.172665 -0.442163 0.708805
v 0.252943 -0.647632 0.655816
v 0.193701 -0.790363 0.680733
v -0.233959 -0.745101 0.666851
v -0.193701 -0.790363 0.680733
v 0.064068 -0.387812 0.745635
v -0.064068 -0.387812 0.745635
v 0.033286 -0.604203 0.737354
v -0.095095 -0.255784 0.780571
v 0.111803 -0.190814 0.774900
v -0.111803 -0.190814 0.774900
v -0.095071 -0.158536 0.776338
v -0.107533 -0.169532 0.760129
v 0.095072 -0.158536 0.776338
v 0.016437 -0.163549 0.783016
v 0.047944 -0.139604 0.774763
v 0.016878 -0.153073 0.765889
v -0.016437 -0.163549 0.783017
v -0.016878 -0.153073 0.765890
v 0.079329 -0.287223 0.759010
v 0.051169 -0.301139 0.766520
v 0.021343 -0.305341 0.771501
v -0.021343 -0.305341 0.771501
v 0.077607 -0.152826 0.791938
v 0.090023 -0.193934 0.807872
v 0.106785 -0.204177 0.796506
v -0.090023 -0.193934 0.807872
v -0.059361 -0.254053 0.804124
v -0.036843 -0.204197 0.814681
v 0.065158 -0.132903 0.760877
v 0.051888 -0.022184 0.752578
v 0.018937 -0.102124 0.752366
v -0.078062 -0.090169 0.758808
v -0.100596 0.012392 0.757194
v -0.051888 -0.022184 0.752578
v -0.018937 -0.102124 0.752366
v 0.143246 -0.238997 0.729134
v 0.126642 -0.148265 0.755923
v 0.150927 -0.168844 0.738496
v -0.150927 -0.168844 0.738496
v 0.120157 -0.273747 0.739735
v -0.120157 -0.273747 0.739735
v -0.093491 -0.324690 0.742814
v 0.186434 -0.382411 0.695335
v -0.233958 -0.319884 0.597117
v -0.232555 -0.371533 0.630580
v -0.213663 -0.401526 0.666432
v -0.186434 -0.382411 0.695335
v 0.204798 -0.275308 0.633988
v 0.186962 -0.300380 0.673440
v -0.204798 -0.275308 0.633988
v -0.186962 -0.300380 0.673440
v 0.219718 -0.176568 0.621091
v 0.193550 -0.175308 0.666248
v 0.225060 -0.191920 0.573556
v -0.183072 -0.237066 0.662353
v -0.193550 -0.175308 0.666248
v -0.225060 -0.191920 0.573556
v 0.088983 -0.731793 0.720112
v -0.108204 -0.815940 0.705040
v 0.070404 -0.862572 0.692465
v -0.070404 -0.862572 0.692465
v 0.058636 -0.881715 0.683792
v 0.036617 -0.863217 0.675315
v 0.018032 -0.866711 0.670218
v 0.026121 -0.878090 0.683367
v -0.026121 -0.878090 0.683367
v -0.018032 -0.866710 0.670218
v 0.056935 -0.845705 0.673149
v 0.059148 -0.855310 0.688505
v -0.073019 -0.824926 0.668910
v -0.056935 -0.845705 0.673149
v 0.067532 -0.772155 0.677711
v 0.083823 -0.764528 0.696315
v -0.067138 -0.758163 0.702014
v 0.154423 0.172009 0.761739
v -0.162127 0.202339 0.767694
v 0.162127 0.202339 0.767694
v -0.160794 0.252678 0.770720
v 0.174156 0.319708 0.772646
v -0.174156 0.319708 0.772646
v -0.288042 0.046427 0.732368
v -0.373280 0.058851 0.721127
v 0.512334 0.116141 0.684984
v 0.592436 0.241098 0.669983
v -0.592436 0.241098 0.669983
v 0.598408 0.327061 0.674982
v 0.487680 0.388826 0.720436
v 0.550974 0.352279 0.693746
v -0.598408 0.327061 0.674982
v -0.413143 0.417797 0.742798
v 0.260542 0.409760 0.767086
v -0.291230 0.436274 0.761462
v -0.260542 0.409760 0.767086
v 0.254863 0.464285 0.773410
v -0.257831 0.389749 0.767383
v -0.370637 0.404103 0.753482
v 0.491458 0.358071 0.712685
v 0.527065 0.335542 0.692761
v 0.553898 0.285276 0.680571
v -0.547108 0.311396 0.682281
v 0.555714 0.238789 0.677843
v -0.555714 0.238789 0.677843
v 0.519554 0.155910 0.690848
v 0.463974 0.122532 0.705353
v -0.519554 0.155910 0.690848
v 0.427772 0.106598 0.715566
v 0.395260 0.095653 0.724174
v -0.427772 0.106598 0.715566
v -0.395260 0.095653 0.724174
v 0.299901 0.095919 0.749502
v 0.257418 0.121252 0.755363
v -0.294239 0.106736 0.749486
v 0.214450 0.135881 0.764066
v 0.230037 0.136287 0.759261
v -0.230037 0.136287 0.759261
v -0.207337 0.159528 0.759998
v 0.191632 0.300465 0.770889
v -0.213684 0.330883 0.765993
v 0.193693 0.273115 0.763963
v -0.188348 0.227156 0.761415
v -0.193693 0.273115 0.763963
v 0.177975 0.206583 0.767645
v -0.193999 0.190291 0.759875
v 0.045073 0.457279 0.661526
v 0.086046 0.480132 0.658450
v -0.045073 0.457279 0.661526
v -0.093603 0.505789 0.686211
v 0.108773 0.552008 0.723791
v 0.162967 0.589673 0.661454
v -0.177995 0.638840 0.694237
v -0.162967 0.589673 0.661454
v -0.133569 0.574846 0.692653
v -0.108773 0.552008 0.723791
v 0.293905 0.694309 0.715793
v 0.269779 0.691745 0.688763
v 0.293181 0.656324 0.630482
v -0.220585 0.676359 0.694682
v 0.420063 0.628370 0.650216
v -0.420063 0.628370 0.650216
v -0.390845 0.627193 0.623317
v -0.293181 0.656324 0.630482
v -0.350858 0.619483 0.606617
v 0.744756 0.440398 0.586888
v 0.646366 0.497941 0.608996
v -0.605543 0.509720 0.569524
v -0.646366 0.497941 0.608996
v 0.776893 0.408944 0.539045
v 0.731050 0.432016 0.491186
v -0.776893 0.408944 0.539045
v -0.744756 0.440398 0.586888
v 0.797860 0.286641 0.507529
v 0.794269 0.328125 0.463244
v 0.789153 0.249948 0.437182
v 0.692827 0.065130 0.426944
v 0.768792 0.180120 0.399128
v -0.692827 0.065130 0.426944
v -0.592334 -0.015033 0.514027
v 0.544972 -0.051139 0.461456
v -0.544972 -0.051139 0.461456
v 0.089728 -0.463010 0.261411
v 0.135905 -0.449408 0.279468
v 0.043442 -0.537121 0.311068
v -0.135905 -0.449408 0.279468
v -0.043060 -0.446050 0.197707
v -0.048426 -0.482400 0.276673
v -0.043442 -0.537121 0.311068
v -0.068805 -0.597403 0.331646
v -0.161856 -0.468141 0.332183
v -0.107149 -0.651428 0.354453
v 0.108648 -0.913456 0.443594
v 0.144998 -0.802114 0.390550
v -0.104565 -0.838594 0.400295
v -0.108648 -0.913456 0.443594
v 0.162630 -0.929026 0.460781
v 0.197136 -0.937362 0.480204
v -0.096860 -0.959112 0.516895
v 0.314343 -0.871172 0.513028
v 0.299242 -0.886926 0.475675
v -0.299242 -0.886926 0.475675
v -0.314343 -0.871172 0.513028
v 0.282347 -0.584546 0.457603
v 0.301449 -0.633294 0.494499
v 0.307125 -0.637757 0.533349
v -0.282347 -0.584546 0.457603
v -0.307125 -0.637757 0.533349
v -0.301449 -0.633295 0.494499
v 0.165682 -0.755219 0.382504
v -0.249124 -0.837082 0.417483
v -0.165682 -0.755219 0.382504
v 0.203309 -0.467027 0.373096
v -0.177223 -0.580236 0.366015
v -0.203309 -0.467027 0.373096
v 0.280298 -0.472156 0.552913
v -0.221424 -0.383875 0.390619
v 0.245959 -0.228229 0.477446
v -0.223929 -0.247664 0.553953
v 0.265109 -0.415267 0.482995
v 0.232368 -0.328114 0.366015
v 0.250089 -0.345473 0.554154
v -0.256987 -0.358549 0.514912
v -0.250089 -0.345473 0.554154
v 0.337953 -0.148639 0.472083
v -0.262854 -0.173832 0.534635
v -0.344461 -0.137586 0.545460
v 0.146074 -0.042713 -0.669602
v 0.236005 -0.075451 -0.609222
v 0.178761 -0.144984 -0.573762
v 0.264562 -0.002785 -0.638502
v 0.105889 -0.185111 -0.553498
v -0.236005 -0.075451 -0.609222
v -0.146074 -0.042713 -0.669602
v -0.264562 -0.002785 -0.638502
v -0.066458 -0.081451 -0.661139
v 0.175746 -0.257246 -0.404570
v 0.101118 -0.311309 -0.316008
v -0.175746 -0.257246 -0.404570
v -0.045749 -0.244451 -0.484966
v -0.101118 -0.311309 -0.316008
v 0.167795 -0.375644 0.044587
v -0.167795 -0.375644 0.044587
v -0.185175 -0.337541 -0.132236
v -0.101018 -0.389720 -0.013455
v -0.056758 -0.363099 -0.177340
v 0.043060 -0.446050 0.197707
v 0.782752 0.178339 0.175190
v 0.723321 0.059099 0.183450
v -0.723321 0.059099 0.183450
v -0.756930 0.114516 0.181772
v -0.782752 0.178339 0.175190
v -0.647300 0.014863 0.344672
v 0.235399 0.344527 -0.724277
v 0.131910 0.334659 -0.754465
v 0.319261 0.433030 -0.677180
v 0.119059 0.140007 -0.740501
v 0.053453 0.335512 -0.764515
v -0.175198 0.241049 -0.742057
v -0.235399 0.344527 -0.724277
v -0.131910 0.334659 -0.754465
v -0.359499 0.229577 -0.667084
v -0.053453 0.335512 -0.764515
v -0.119058 0.140007 -0.740501
v 0.136428 0.854939 0.190566
v 0.337189 0.854741 0.112268
v 0.253552 0.902184 0.016827
v -0.337189 0.854741 0.112268
v -0.223785 0.791086 0.271709
v -0.136428 0.854939 0.190566
v -0.064536 0.882787 0.145756
v 0.408682 0.874815 -0.106308
v 0.295440 0.903461 -0.104359
v 0.208276 0.896614 -0.268856
v 0.176998 0.921593 -0.074965
v 0.361880 0.828145 -0.352552
v 0.119063 0.924956 -0.147078
v -0.329739 0.886973 -0.204709
v -0.408682 0.874815 -0.106308
v -0.208276 0.896614 -0.268856
v -0.361880 0.828145 -0.352552
v -0.119063 0.924956 -0.147078
v 0.158230 0.800368 -0.488594
v 0.223746 0.743138 -0.538827
v 0.282445 0.677947 -0.571451
v 0.168459 0.669960 -0.624803
v 0.429552 0.682393 -0.493819
v 0.357156 0.515208 -0.634635
v 0.202009 0.497254 -0.706694
v 0.073156 0.714984 -0.605301
v -0.429552 0.682393 -0.493819
v -0.223746 0.743138 -0.538827
v -0.158230 0.800368 -0.488594
v -0.357156 0.515207 -0.634635
v -0.073156 0.714984 -0.605301
v 0.711502 0.423901 0.391016
v -0.709882 0.439865 0.309996
v 0.652455 0.586543 0.176998
v 0.636438 0.516822 0.283373
v -0.729210 0.522568 0.156604
v -0.652455 0.586543 0.176998
v -0.564600 0.640662 0.209696
v 0.710178 0.654978 -0.106939
v 0.733750 0.590978 0.044366
v 0.635430 0.720358 -0.034729
v 0.655723 0.682760 0.026913
v 0.728503 0.610446 -0.250819
v -0.728503 0.610446 -0.250819
v -0.699276 0.610213 -0.326779
v 0.713304 0.318262 -0.447405
v 0.664595 0.374834 -0.490724
v 0.699197 0.446922 -0.440997
v 0.620842 0.425928 -0.513938
v 0.616064 0.565572 -0.456542
v -0.699197 0.446922 -0.440997
v -0.713304 0.318262 -0.447405
v -0.620842 0.425928 -0.513938
v 0.380550 0.601516 -0.578824
v 0.576114 0.373473 -0.554509
v -0.510555 0.531824 -0.545783
v -0.562702 0.733774 -0.343201
v 0.562702 0.733774 -0.343201
v 0.572984 0.773886 -0.187889
v -0.572984 0.773886 -0.187889
v 0.490673 0.807927 0.060568
v 0.522688 0.748818 0.127050
v 0.451255 0.851775 -0.017668
v -0.655723 0.682760 0.026913
v -0.522688 0.748818 0.127050
v -0.490673 0.807927 0.060568
v -0.561456 0.767856 0.029990
v -0.613012 0.747174 -0.108934
v -0.490617 0.690074 0.235077
v -0.464523 0.576387 0.381574
v 0.459741 0.537879 0.445809
v 0.539382 0.522435 0.404260
v 0.625734 0.472226 0.407062
v -0.625734 0.472226 0.407062
v 0.299171 0.678220 0.371664
v 0.223785 0.791086 0.271709
v 0.123479 0.621900 0.466877
v -0.299171 0.678220 0.371664
v -0.123479 0.621900 0.466877
v -0.063460 0.634178 0.456006
v 0.200675 0.592885 0.633159
v 0.250849 0.592753 0.610573
v 0.315415 0.603212 0.598173
v -0.315415 0.603212 0.598173
v 0.339356 0.542344 0.537379
v 0.198233 0.521551 0.563569
v 0.365227 0.573930 0.447890
v 0.172803 0.519176 0.598890
v 0.406579 0.532320 0.491489
v -0.339356 0.542344 0.537379
v -0.183156 0.551259 0.526105
v 0.069544 0.480665 0.601779
v 0.126834 0.504661 0.584834
v -0.069544 0.480665 0.601779
v 0.778776 0.321418 0.346053
v 0.757374 0.396353 0.260784
v 0.791530 0.356969 0.178706
v 0.709882 0.439865 0.309996
v 0.755795 0.375970 0.367275
v -0.786857 0.301128 0.263493
v -0.785138 0.267388 0.322151
v -0.778776 0.321418 0.346053
v -0.755795 0.375970 0.367275
v 0.803175 0.304440 0.142265
v 0.770812 0.466633 0.125165
v 0.766681 0.520352 0.078039
v 0.797977 0.234496 0.150953
v -0.770812 0.466633 0.125165
v -0.803175 0.304440 0.142265
v -0.797977 0.234496 0.150953
v 0.790966 0.511461 -0.069052
v 0.762280 0.581201 -0.103436
v 0.771388 0.550919 -0.007691
v -0.790966 0.511461 -0.069052
v -0.766681 0.520352 0.078039
v -0.762280 0.581201 -0.103436
v 0.772035 0.427655 -0.341986
v 0.772940 0.535684 -0.236363
v -0.772940 0.535684 -0.236363
v -0.794779 0.417760 -0.299892
v -0.772035 0.427655 -0.341987
v -0.747816 0.427555 -0.387897
v -0.822691 0.356184 -0.256357
v 0.318896 -0.277082 0.055454
v 0.339487 -0.253697 -0.104494
v 0.290653 -0.290854 0.176124
v 0.424347 -0.194053 0.027374
v -0.229317 -0.343744 0.056977
v -0.424347 -0.194053 0.027374
v -0.318896 -0.277082 0.055454
v -0.290653 -0.290854 0.176124
v 0.549989 -0.109208 0.095201
v 0.563791 -0.118983 -0.008699
v 0.530654 -0.140629 -0.025414
v -0.563791 -0.118983 -0.008699
v -0.530654 -0.140629 -0.025414
v 0.607403 -0.047094 0.213828
v -0.607403 -0.047094 0.213829
v 0.295374 -0.212934 0.402155
v 0.410273 -0.150080 0.305083
v -0.295374 -0.212934 0.402155
v -0.326390 -0.170942 0.435214
v -0.353189 -0.176307 0.367196
v 0.288997 -0.282509 0.238218
v -0.288997 -0.282509 0.238218
v 0.597021 0.099422 -0.483314
v 0.594474 0.038279 -0.450013
v 0.628037 0.179597 -0.494865
v -0.597021 0.099422 -0.483314
v -0.686240 0.254526 -0.468555
v 0.481156 0.315020 -0.609897
v 0.359499 0.229577 -0.667084
v 0.401441 0.066345 -0.596977
v -0.569559 0.275204 -0.555423
v -0.481156 0.315020 -0.609897
v 0.546607 -0.074991 -0.320596
v 0.475399 -0.100255 -0.343918
v -0.554049 -0.105469 -0.253423
v -0.622762 -0.064336 -0.309184
v -0.551994 -0.124627 -0.184559
v -0.565455 0.006977 -0.433910
v 0.403064 -0.171068 -0.299557
v 0.392427 -0.137804 -0.393016
v 0.278124 -0.273962 -0.221897
v -0.392428 -0.137804 -0.393016
v -0.278124 -0.273962 -0.221897
v 0.449214 0.017276 -0.536410
v -0.449214 0.017276 -0.536410
v 0.989043 0.409561 -0.286361
v -0.989043 0.409561 -0.286361
v -1.000271 0.394994 -0.290418
v -0.982330 0.424770 -0.298810
v 1.152945 0.440083 -0.376883
v -1.113228 0.416654 -0.358488
v -1.055313 0.426558 -0.324405
v 1.266275 0.327110 -0.415718
v 1.274858 0.367214 -0.423850
v -1.244640 0.383195 -0.411348
v 1.259093 0.238806 -0.414750
v 1.248995 0.175168 -0.412405
v 1.217740 0.121086 -0.403948
v -1.259093 0.238806 -0.414750
v -1.248995 0.175168 -0.412405
v -1.254975 0.129493 -0.422458
v -1.246943 0.272251 -0.414278
v -1.217741 0.121086 -0.403948
v 1.170449 0.046534 -0.385224
v 1.099296 -0.005933 -0.344579
v 0.990506 -0.050387 -0.277809
v 1.056880 -0.034810 -0.323451
v -1.170449 0.046534 -0.385224
v -1.105818 0.012068 -0.352130
v -1.129855 -0.013694 -0.385737
v 0.833855 -0.071409 -0.183622
v -0.900067 -0.069831 -0.219050
v -0.853113 -0.089017 -0.198753
v -0.921360 -0.095882 -0.270214
v 1.030755 -0.013905 -0.314263
v 0.938384 -0.031496 -0.258149
v -1.030755 -0.013905 -0.314263
v 1.149884 0.061118 -0.391582
v 1.098260 0.022910 -0.358438
v 1.176213 0.101387 -0.417206
v -1.149884 0.061118 -0.391582
v 1.221176 0.210099 -0.432639
v -1.232849 0.230715 -0.421386
v -1.191081 0.107237 -0.408938
v -1.220754 0.167508 -0.419707
v 1.169921 0.351928 -0.416151
v 1.188202 0.370776 -0.405005
v 1.218227 0.297038 -0.429365
v -1.188202 0.370776 -0.405005
v -1.218941 0.339279 -0.414899
v 1.096234 0.392521 -0.361930
v 1.113228 0.416654 -0.358488
v -1.096234 0.392521 -0.361930
v 1.028829 0.385552 -0.315892
v -0.958834 0.360685 -0.270656
v 0.715417 -0.012154 -0.053899
v 0.712009 -0.040738 -0.145138
v -0.715417 -0.012154 -0.053899
v 0.723657 -0.094582 -0.161402
v 0.734651 -0.052209 -0.159914
v -0.723657 -0.094582 -0.161402
v -0.734363 -0.075854 -0.153930
v -0.652111 -0.094325 -0.119099
v -0.712009 -0.040738 -0.145138
v -0.740064 0.032516 -0.044115
v 0.846248 0.345653 -0.234304
v 0.850583 0.304100 -0.209452
v 0.894727 0.327091 -0.233472
v 0.881304 0.364863 -0.236524
v -0.881304 0.364863 -0.236524
v 0.886482 -0.023511 -0.250149
v 0.836990 -0.046832 -0.199406
v -0.886482 -0.023511 -0.250149
v -0.807610 -0.021338 -0.225589
v 0.746698 -0.031896 -0.174144
v -0.766571 -0.011992 -0.205355
v 0.793067 0.052619 -0.258314
v -0.793067 0.052619 -0.258314
v -0.782588 0.080873 -0.264737
v 0.768556 0.077629 -0.234500
v -0.796570 0.121727 -0.275131
v -0.909107 0.306758 -0.255563
v 0.828796 0.277349 -0.169874
v -0.828795 0.277349 -0.169874
v 0.769944 0.110474 -0.046190
v 0.797914 0.176078 -0.203191
v 0.754298 0.069807 -0.176762
v 0.723037 -0.006655 -0.143864
v 0.775288 0.129365 -0.137274
v -0.754298 0.069807 -0.176762
v -0.775288 0.129365 -0.137274
v -0.769944 0.110474 -0.046190
v -0.723037 -0.006655 -0.143864
v 0.938196 0.285101 -0.306349
v 0.852980 0.192548 -0.284891
v -0.849143 0.168915 -0.305519
v 0.796570 0.121727 -0.275131
v 0.804759 0.079146 -0.288572
v 0.833652 0.038410 -0.295002
v -0.833652 0.038410 -0.295002
v -0.826294 0.068741 -0.301446
v 0.832475 0.009848 -0.287559
v -0.832475 0.009848 -0.287559
v 0.903051 -0.009980 -0.284094
v 0.956903 -0.003572 -0.314841
v 0.872840 -0.006016 -0.286620
v 0.836353 -0.003834 -0.285543
v 0.863638 -0.002093 -0.296543
v -0.872840 -0.006016 -0.286620
v -0.965372 0.287833 -0.338073
v -1.002136 0.294502 -0.366697
v -0.952122 0.254577 -0.340897
v 1.109322 0.340892 -0.414706
v -1.054220 0.323114 -0.393887
v -1.130793 0.317766 -0.434092
v 1.220420 0.252213 -0.444813
v 1.209582 0.288156 -0.445864
v -1.209582 0.288156 -0.445864
v -1.153612 0.338920 -0.430566
v 1.211324 0.167405 -0.451039
v 1.214250 0.195487 -0.461989
v -1.201024 0.154755 -0.458838
v -1.157622 0.087010 -0.428205
v -1.112558 0.050291 -0.406438
v -1.038825 0.018663 -0.379320
v -1.062901 0.020235 -0.376877
v -0.983992 0.005985 -0.343319
v -1.021249 0.005048 -0.352945
v -0.848153 0.005017 -0.300558
v -0.894079 0.052484 -0.323810
v -0.889607 0.089667 -0.329501
v 1.000507 0.133246 -0.368357
v -1.070748 0.198363 -0.394831
v -1.050469 0.253121 -0.386834
v 0.947635 0.212841 -0.345064
v 0.926317 0.142977 -0.339279
v -0.947635 0.212841 -0.345064
v 0.905302 0.204224 -0.325290
v -0.905302 0.204224 -0.325290
v 0.856097 0.145745 -0.318714
v -0.856097 0.145745 -0.318714
v -0.872745 0.123969 -0.325879
v 0.881014 0.015044 -0.308146
v 0.894079 0.052484 -0.323810
v -0.881014 0.015044 -0.308146
v 0.993653 0.024170 -0.358135
v 0.934452 0.041026 -0.329764
v 1.006852 0.068242 -0.372450
v -0.934452 0.041026 -0.329764
v 1.060012 0.100847 -0.399654
v -1.136411 0.179637 -0.428190
v 1.164174 0.235604 -0.439415
v 0.993768 -0.078902 -0.338342
v 0.951585 -0.079717 -0.344089
v 0.915370 -0.054551 -0.361196
v -0.951585 -0.079717 -0.344089
v -0.915370 -0.054551 -0.361196
v 1.242558 0.071425 -0.460225
v 1.182349 0.026832 -0.448814
v 1.129565 0.005107 -0.443412
v 1.079345 0.000042 -0.438801
v -1.079345 0.000042 -0.438801
v -1.129565 0.005107 -0.443412
v -1.182349 0.026832 -0.448814
v -1.044931 -0.049697 -0.394979
v -1.112254 0.071378 -0.473347
v 1.275344 0.126099 -0.442768
v 1.279566 0.116364 -0.461835
v 1.306121 0.173646 -0.465026
v 1.317199 0.229153 -0.475603
v 1.308800 0.186653 -0.487347
v 1.295581 0.246811 -0.433980
v -1.279566 0.116364 -0.461835
v -1.308800 0.186653 -0.487347
v -1.317199 0.229153 -0.475603
v -1.281925 0.126262 -0.481648
v -1.295581 0.246811 -0.433980
v 1.283971 0.381232 -0.447263
v 1.301655 0.330618 -0.443110
v 1.265262 0.401629 -0.462697
v -1.301655 0.330618 -0.443110
v -1.283971 0.381232 -0.447263
v -1.265262 0.401629 -0.462697
v -1.168452 0.448633 -0.435925
v -1.089129 0.452246 -0.393228
v -1.103742 0.433886 -0.429601
v -1.109340 0.455493 -0.373299
v 0.904450 0.384084 -0.332375
v 0.927981 0.372402 -0.368994
v 0.958754 0.344496 -0.407528
v 0.956520 0.417933 -0.318627
v -0.956520 0.417933 -0.318627
v -0.958754 0.344496 -0.407528
v -0.927981 0.372402 -0.368994
v -0.904450 0.384084 -0.332375
v 0.974123 0.291499 -0.426645
v 0.923172 0.003799 -0.392055
v 0.920934 0.079570 -0.407634
v -0.923172 0.003799 -0.392055
v 1.067614 0.230438 -0.466728
v 1.152734 0.178597 -0.492494
v 1.204083 0.145104 -0.499730
v -1.204083 0.145104 -0.499730
v -1.152733 0.178597 -0.492494
v 1.273919 0.327747 -0.508330
v 1.301587 0.311502 -0.501585
v -1.301587 0.311502 -0.501585
v -1.273919 0.327747 -0.508330
v -1.288833 0.172937 -0.497686
v -1.314808 0.296315 -0.484583
v 0.882113 0.378781 -0.289864
v -0.841768 0.350704 -0.265145
v -0.882113 0.378781 -0.289864
v -0.800726 0.345740 -0.339238
v -0.809110 0.300401 -0.365300
v -0.875156 0.284157 -0.385242
v 0.826109 0.210917 -0.387871
v 0.719005 0.094031 -0.403372
v 0.810743 0.250205 -0.379123
v 0.772327 0.040665 -0.366856
v -0.826109 0.210917 -0.387872
v -0.719005 0.094031 -0.403372
v 0.724480 -0.074699 -0.296467
v 0.695904 -0.044350 -0.340232
v 0.724536 -0.102807 -0.227560
v 0.775012 -0.097545 -0.269036
v 0.834868 -0.107667 -0.245548
v 0.846586 -0.084435 -0.308627
v -0.695904 -0.044350 -0.340232
v -0.724480 -0.074699 -0.296467
v -0.724536 -0.102807 -0.227560
v -0.636855 -0.103441 -0.194278
v -0.746428 -0.020822 -0.348582
v 0.486844 0.196721 0.722942
v 0.458016 0.236755 0.763768
v 0.553211 0.171681 0.622072
v 0.465089 0.062802 0.640557
v 0.423425 0.043091 0.647637
v 0.376573 0.032223 0.655799
v 0.504506 0.085433 0.623680
v -0.462728 0.152442 0.729333
v 0.297752 0.105338 0.751649
v 0.344023 0.104818 0.750360
v -0.344023 0.104818 0.750360
v 0.276650 0.036874 0.663292
v 0.235433 0.063437 0.678770
v 0.326423 0.031972 0.663849
v -0.235433 0.063437 0.678770
v 0.167863 0.131627 0.689777
v 0.196918 0.094603 0.685716
v 0.213106 0.188907 0.762877
v 0.259326 0.126441 0.756612
v 0.223209 0.308353 0.768101
v 0.208225 0.277458 0.762466
v -0.235993 0.337901 0.760840
v 0.142122 0.277930 0.692497
v 0.172106 0.261186 0.730559
v 0.216249 0.412241 0.680654
v -0.177858 0.370725 0.687591
v -0.146830 0.326727 0.683346
v -0.142122 0.277930 0.692497
v -0.216249 0.412241 0.680654
v 0.359203 0.457586 0.659781
v -0.305476 0.454169 0.666642
v -0.255401 0.445061 0.665809
v -0.359203 0.457586 0.659781
v 0.271800 0.372310 0.753909
v 0.312737 0.391347 0.745626
v 0.403256 0.385272 0.731534
v -0.403256 0.385272 0.731534
v -0.459631 0.428629 0.639499
v -0.503957 0.405688 0.621556
v -0.565602 0.270718 0.618235
v -0.553338 0.320018 0.620613
v -0.530660 0.364341 0.625081
v -0.566248 0.222092 0.618945
v -0.534596 0.252383 0.669054
v 0.497133 0.291368 0.711331
v 0.470176 0.331698 0.723829
v -0.470176 0.331698 0.723829
v -0.493673 0.244665 0.721563
v 0.422768 0.309799 0.782499
v -0.434730 0.325645 0.762115
v 0.369418 0.350590 0.785685
v -0.369418 0.350590 0.785685
v 0.299832 0.333509 0.800773
v -0.333992 0.349242 0.793155
v 0.248389 0.256694 0.805008
v -0.254845 0.313950 0.788961
v 0.249786 0.225683 0.805170
v -0.249786 0.225683 0.805170
v -0.315220 0.148051 0.797080
v 0.351411 0.159296 0.801754
v -0.431109 0.173843 0.772275
v 0.373366 0.193629 0.804574
v -0.443084 0.220113 0.778944
v -0.395057 0.240260 0.800885
v -0.373366 0.193629 0.804574
v -0.329548 0.189580 0.814278
v 0.292773 0.302077 0.812847
v 0.264838 0.242249 0.815421
v -0.264838 0.242249 0.815421
v -0.328847 0.288799 0.814227
v -0.352433 0.330539 0.802229
v -0.369821 0.286267 0.806224
v -0.442612 0.266751 0.780005
v -0.414131 0.286069 0.791449
v 0.257042 -0.914846 0.581379
v 0.157771 -0.949139 0.575382
v 0.232617 -0.936679 0.560954
v -0.129713 -0.939842 0.607684
v -0.157771 -0.949139 0.575382
v 0.244345 -0.824953 0.643213
v 0.277507 -0.923415 0.541752
v -0.300396 -0.628686 0.573179
v 0.344460 -0.137586 0.545460
v 0.384202 -0.084875 0.617958
v -0.512946 -0.048233 0.566282
v -0.384202 -0.084875 0.617958
v 0.716630 0.146496 0.546022
v -0.716630 0.146496 0.546022
v 0.792474 0.339519 0.565434
v 0.769104 0.380477 0.608954
v -0.714412 0.429537 0.648478
v -0.607617 0.445013 0.709632
v 0.601601 0.502485 0.683403
v -0.601601 0.502485 0.683404
v -0.460371 0.527345 0.757952
v 0.438464 0.623302 0.687366
v 0.342463 0.673206 0.732294
v 0.487168 0.557756 0.732782
v -0.487168 0.557756 0.732782
v -0.438464 0.623302 0.687366
v 0.271141 0.685205 0.750731
v 0.159098 0.626521 0.746909
v 0.271995 0.622416 0.801753
v -0.238230 0.661350 0.775926
v -0.271141 0.685205 0.750731
v -0.233710 0.593488 0.808937
v 0.107242 0.545566 0.752692
v 0.129533 0.531633 0.800567
v -0.107242 0.545566 0.752692
v -0.164780 0.539746 0.811134
v 0.022490 0.422522 0.775154
v 0.029167 0.350519 0.797994
v -0.022490 0.422522 0.775154
v -0.053392 0.459114 0.760701
v -0.097735 0.459129 0.805128
v 0.160701 0.451730 0.799915
v 0.198685 0.527293 0.808689
v -0.160701 0.451730 0.799915
v 0.279540 0.514971 0.781513
v -0.279540 0.514971 0.781513
v -0.484663 0.453266 0.733076
v 0.546585 0.394675 0.700080
v 0.484663 0.453266 0.733076
v 0.615391 0.398707 0.694050
v 0.607617 0.445013 0.709632
v 0.640652 0.291753 0.659580
v 0.595902 0.120877 0.639328
v 0.307229 -0.036958 0.708286
v -0.559040 0.019580 0.605230
v -0.378159 -0.059079 0.653784
v 0.175421 -0.100317 0.742741
v 0.247126 -0.027350 0.735223
v 0.131493 0.107007 0.755403
v 0.176266 0.017633 0.753873
v 0.101047 0.422340 0.806141
v 0.099580 0.309703 0.782924
v -0.101047 0.422340 0.806141
v -0.125210 0.389699 0.792715
v 0.031534 0.255830 0.777070
v 0.064397 0.241683 0.773407
v -0.064397 0.241683 0.773407
v 0.137541 -0.851677 0.685061
v 0.097329 -0.872096 0.685043
v 0.206250 -0.898946 0.626983
v -0.148018 -0.913800 0.635614
v -0.097329 -0.872096 0.685043
v 0.206992 -0.613750 0.690660
v 0.113049 -0.556131 0.727598
v -0.113049 -0.556131 0.727598
v -0.088816 -0.433763 0.738785
v 0.233959 -0.745101 0.666851
v -0.147860 -0.713032 0.709132
v 0.031633 -0.434872 0.746091
v -0.031633 -0.434872 0.746091
v -0.037348 -0.334616 0.753339
v 0.068421 -0.647133 0.733346
v -0.068421 -0.647133 0.733346
v -0.033286 -0.604203 0.737354
v 0.046223 -0.723262 0.724679
v 0.103448 -0.252666 0.761019
v -0.103448 -0.252666 0.761019
v 0.113003 -0.225624 0.777055
v -0.113003 -0.225624 0.777055
v 0.072285 -0.142462 0.774962
v -0.072285 -0.142462 0.774962
v -0.065158 -0.132903 0.760877
v 0.030170 -0.150628 0.781297
v 0.012037 -0.168413 0.788375
v 0.020396 -0.177852 0.808186
v 0.012553 -0.148634 0.759077
v 0.007516 -0.163523 0.769592
v -0.030170 -0.150628 0.781297
v -0.012037 -0.168413 0.788375
v -0.007516 -0.163523 0.769592
v -0.012553 -0.148634 0.759077
v 0.067892 -0.280846 0.776433
v 0.037348 -0.334616 0.753340
v -0.067892 -0.280846 0.776433
v -0.051169 -0.301139 0.766520
v 0.075566 -0.259304 0.794846
v 0.049383 -0.152358 0.795707
v -0.020396 -0.177852 0.808186
v -0.049383 -0.152358 0.795707
v -0.077607 -0.152826 0.791938
v -0.106785 -0.204177 0.796506
v 0.091643 -0.227077 0.807287
v 0.056401 -0.188679 0.813076
v -0.056401 -0.188679 0.813076
v 0.037342 -0.244957 0.809514
v 0.023081 -0.279990 0.794231
v -0.091643 -0.227077 0.807287
v -0.023081 -0.279990 0.794231
v -0.037342 -0.244957 0.809514
v 0.078062 -0.090169 0.758808
v 0.030176 0.007184 0.749375
v -0.100525 -0.127178 0.760756
v -0.030176 0.007184 0.749375
v 0.107533 -0.169532 0.760129
v -0.126642 -0.148265 0.755923
v -0.143246 -0.238997 0.729134
v 0.146636 -0.312681 0.720167
v 0.093491 -0.324690 0.742814
v -0.146636 -0.312681 0.720167
v 0.232555 -0.371533 0.630580
v 0.213663 -0.401526 0.666432
v 0.169179 -0.198383 0.708913
v -0.219718 -0.176568 0.621091
v -0.046223 -0.723262 0.724679
v 0.091000 -0.804869 0.703149
v 0.108204 -0.815940 0.705040
v 0.085154 -0.839421 0.698979
v -0.085154 -0.839421 0.698979
v -0.058636 -0.881715 0.683792
v 0.022100 -0.849326 0.652974
v -0.036617 -0.863217 0.675315
v 0.091199 -0.777595 0.696804
v 0.083145 -0.806899 0.680541
v -0.083823 -0.764528 0.696315
v -0.091199 -0.777595 0.696804
v -0.091000 -0.804869 0.703149
v -0.083145 -0.806899 0.680541
v 0.067138 -0.758163 0.702014
v 0.033640 -0.757835 0.703916
v 0.033691 -0.771004 0.679519
v 0.048069 -0.781874 0.666327
v -0.048069 -0.781874 0.666327
v -0.033691 -0.771004 0.679519
v -0.033640 -0.757835 0.703916
v 0.037994 -0.799699 0.657914
v 0.033058 -0.827425 0.649253
v -0.071420 -0.800519 0.661554
v -0.022100 -0.849326 0.652974
v -0.033058 -0.827425 0.649253
v -0.037994 -0.799699 0.657914
v 0.102311 0.203686 0.763628
v -0.154423 0.172009 0.761739
v 0.160794 0.252678 0.770720
v -0.206982 0.383126 0.774192
v 0.191456 0.140041 0.762645
v -0.191456 0.140041 0.762645
v 0.373281 0.058851 0.721127
v 0.292760 0.081856 0.742910
v -0.292760 0.081856 0.742910
v 0.436261 0.069014 0.704414
v -0.436261 0.069014 0.704414
v -0.500950 0.081693 0.673692
v -0.569012 0.175817 0.670692
v 0.600599 0.354711 0.678201
v 0.586494 0.302208 0.676838
v -0.550974 0.352279 0.693746
v 0.413143 0.417797 0.742798
v -0.487680 0.388826 0.720436
v -0.491234 0.404829 0.714434
v 0.341971 0.422611 0.754006
v 0.291230 0.436274 0.761462
v -0.341971 0.422611 0.754006
v 0.206982 0.383126 0.774192
v 0.257831 0.389749 0.767383
v -0.243354 0.371041 0.766623
v 0.370637 0.404103 0.753482
v 0.396282 0.395400 0.749255
v -0.396282 0.395400 0.749255
v 0.491413 0.368415 0.718870
v -0.491413 0.368415 0.718870
v -0.438066 0.383126 0.737020
v -0.491458 0.358071 0.712685
v 0.547108 0.311396 0.682281
v -0.527065 0.335542 0.692761
v -0.567493 0.270539 0.680871
v -0.553898 0.285276 0.680571
v -0.547073 0.274962 0.674342
v 0.539414 0.200055 0.682013
v 0.498333 0.154141 0.694661
v -0.498333 0.154141 0.694661
v 0.418556 0.084997 0.719517
v -0.418556 0.084997 0.719517
v -0.463974 0.122532 0.705353
v 0.294239 0.106736 0.749486
v -0.348401 0.092730 0.737161
v -0.214450 0.135881 0.764066
v -0.257418 0.121252 0.755363
v 0.213684 0.330883 0.765993
v 0.243354 0.371041 0.766623
v -0.191632 0.300465 0.770889
v 0.193999 0.190291 0.759875
v 0.188348 0.227156 0.761415
v 0.124385 0.509533 0.636905
v 0.028659 0.457465 0.628364
v 0.021058 0.449386 0.678008
v 0.022119 0.439349 0.737449
v -0.086046 0.480132 0.658450
v -0.022119 0.439349 0.737449
v -0.021058 0.449386 0.678008
v 0.133569 0.574846 0.692653
v 0.220585 0.676359 0.694682
v 0.332650 0.679739 0.673629
v 0.254565 0.674418 0.660101
v -0.254565 0.674418 0.660101
v -0.269779 0.691745 0.688763
v -0.193207 0.664041 0.726099
v 0.390845 0.627193 0.623317
v 0.350858 0.619483 0.606617
v -0.332650 0.679739 0.673629
v 0.605543 0.509720 0.569524
v 0.636814 0.479539 0.507861
v -0.636814 0.479539 0.507861
v 0.775069 0.388405 0.480885
v -0.731050 0.432016 0.491186
v -0.789153 0.249948 0.437182
v -0.794269 0.328125 0.463244
v -0.768792 0.180120 0.399128
v -0.797860 0.286641 0.507529
v 0.739664 0.126197 0.414659
v 0.630451 0.008406 0.444956
v -0.630451 0.008406 0.444956
v -0.739664 0.126197 0.414659
v 0.487092 -0.086901 0.394846
v 0.048426 -0.482400 0.276673
v 0.119288 -0.561205 0.338794
v 0.068805 -0.597403 0.331646
v -0.089728 -0.463010 0.261411
v -0.181092 -0.420574 0.302231
v 0.025225 -0.631954 0.335420
v 0.104565 -0.838594 0.400295
v 0.045041 -0.960031 0.516949
v -0.045041 -0.960031 0.516949
v -0.197136 -0.937362 0.480204
v 0.174616 -0.948786 0.508531
v -0.255120 -0.933003 0.504956
v -0.174616 -0.948786 0.508531
v 0.294065 -0.910451 0.513015
v 0.288060 -0.868374 0.447595
v -0.288060 -0.868374 0.447595
v -0.294065 -0.910451 0.513015
v 0.261056 -0.581999 0.425647
v -0.321929 -0.794430 0.513765
v -0.261056 -0.581999 0.425647
v 0.190062 -0.683394 0.378359
v 0.177223 -0.580236 0.366015
v -0.190062 -0.683394 0.378359
v 0.249124 -0.837082 0.417483
v 0.160466 -0.515782 0.348116
v -0.160466 -0.515782 0.348116
v 0.230083 -0.459068 0.407156
v -0.265109 -0.415267 0.482995
v -0.280298 -0.472156 0.552913
v 0.256987 -0.358549 0.514912
v 0.241788 -0.284855 0.476908
v 0.224469 -0.201879 0.548893
v 0.223929 -0.247664 0.553953
v 0.234680 -0.212643 0.510276
v -0.224469 -0.201879 0.548893
v -0.245959 -0.228229 0.477446
v -0.234680 -0.212643 0.510276
v 0.262854 -0.173832 0.534635
v 0.362216 -0.134783 0.513467
v -0.362216 -0.134783 0.513467
v 0.060683 -0.164620 -0.583731
v 0.066458 -0.081450 -0.661139
v 0.068748 -0.006582 -0.705394
v -0.271202 -0.128201 -0.538757
v -0.178761 -0.144984 -0.573762
v -0.068748 -0.006582 -0.705394
v -0.060683 -0.164620 -0.583731
v -0.105889 -0.185111 -0.553498
v 0.154749 -0.213152 -0.502150
v 0.239315 -0.204158 -0.459256
v 0.042707 -0.310918 -0.343923
v 0.045749 -0.244451 -0.484966
v -0.154749 -0.213152 -0.502150
v -0.239315 -0.204158 -0.459256
v -0.042707 -0.310918 -0.343923
v 0.185175 -0.337541 -0.132236
v 0.101018 -0.389720 -0.013455
v 0.043020 -0.405475 0.012885
v 0.056758 -0.363099 -0.177340
v -0.043020 -0.405475 0.012885
v 0.136833 -0.417201 0.202253
v 0.208792 -0.386261 0.333092
v 0.210816 -0.366276 0.266594
v -0.210816 -0.366276 0.266594
v -0.208792 -0.386261 0.333092
v 0.756930 0.114516 0.181772
v 0.647300 0.014863 0.344672
v 0.677861 0.007041 0.188225
v -0.677861 0.007041 0.188225
v 0.175198 0.241049 -0.742057
v 0.097848 0.437647 -0.749262
v 0.219067 0.153945 -0.712140
v 0.050130 0.207097 -0.762198
v -0.097848 0.437647 -0.749262
v -0.050130 0.207097 -0.762198
v -0.219067 0.153945 -0.712140
v 0.231036 0.866475 0.140899
v 0.073420 0.924776 -0.003881
v 0.064536 0.882787 0.145756
v -0.406718 0.784005 0.194305
v -0.231036 0.866475 0.140899
v -0.065377 0.794033 0.292145
v 0.329739 0.886973 -0.204709
v 0.334136 0.862568 -0.289154
v 0.422391 0.781899 -0.394033
v 0.094968 0.905752 -0.246696
v -0.176998 0.921593 -0.074965
v -0.422391 0.781899 -0.394033
v -0.334136 0.862568 -0.289153
v -0.295440 0.903461 -0.104359
v -0.094968 0.905752 -0.246696
v 0.099839 0.533708 -0.715446
v 0.095942 0.635733 -0.661191
v 0.070532 0.792271 -0.514717
v -0.282445 0.677947 -0.571451
v -0.168459 0.669960 -0.624803
v -0.070532 0.792271 -0.514717
v -0.095942 0.635733 -0.661191
v -0.099839 0.533708 -0.715446
v -0.202009 0.497254 -0.706694
v -0.711502 0.423901 0.391016
v -0.636438 0.516822 0.283373
v -0.676604 0.624254 0.096936
v -0.710178 0.654978 -0.106939
v -0.733750 0.590978 0.044366
v -0.635430 0.720358 -0.034729
v 0.746065 0.604048 -0.183989
v 0.699276 0.610213 -0.326779
v 0.735671 0.525292 -0.354535
v -0.746065 0.604047 -0.183989
v -0.661006 0.676242 -0.284732
v -0.735671 0.525292 -0.354535
v 0.617406 0.486337 -0.492997
v -0.616064 0.565572 -0.456542
v -0.617406 0.486337 -0.492997
v 0.488977 0.723802 -0.418921
v -0.488977 0.723802 -0.418921
v -0.380550 0.601516 -0.578824
v -0.664595 0.374834 -0.490724
v 0.503950 0.829489 -0.110447
v 0.599722 0.739125 -0.260106
v -0.503950 0.829489 -0.110447
v -0.599722 0.739125 -0.260106
v 0.561456 0.767856 0.029990
v -0.451255 0.851775 -0.017668
v 0.490617 0.690074 0.235077
v 0.564600 0.640662 0.209696
v 0.431701 0.679526 0.292042
v -0.431701 0.679526 0.292042
v 0.522889 0.530236 0.534347
v 0.655188 0.458439 0.448597
v -0.539382 0.522435 0.404260
v -0.459741 0.537879 0.445809
v -0.655187 0.458439 0.448597
v -0.522889 0.530236 0.534347
v 0.377169 0.658986 0.352242
v 0.058432 0.509926 0.572497
v 0.210039 0.667372 0.409064
v 0.065377 0.794033 0.292145
v 0.063460 0.634178 0.456006
v -0.210039 0.667372 0.409064
v 0.159600 0.538440 0.630394
v -0.250849 0.592753 0.610573
v -0.200675 0.592885 0.633159
v -0.288602 0.552906 0.579393
v -0.244707 0.644463 0.637811
v 0.245691 0.534022 0.561783
v 0.183156 0.551259 0.526105
v -0.245691 0.534022 0.561783
v -0.198233 0.521551 0.563569
v -0.406579 0.532320 0.491489
v -0.442713 0.536594 0.522959
v -0.172803 0.519176 0.598890
v -0.058432 0.509926 0.572497
v -0.082118 0.477869 0.619947
v -0.028659 0.457465 0.628364
v 0.785138 0.267388 0.322151
v 0.779953 0.214371 0.277189
v 0.786857 0.301128 0.263493
v 0.742373 0.394172 0.332161
v -0.779953 0.214371 0.277189
v -0.770052 0.357280 0.412684
v -0.742373 0.394172 0.332161
v -0.757374 0.396353 0.260784
v -0.791530 0.356969 0.178706
v 0.815241 0.291774 0.026137
v 0.729210 0.522568 0.156604
v -0.801440 0.445327 0.022134
v -0.780197 0.414173 0.141264
v 0.805794 0.451368 -0.089481
v 0.822568 0.358183 -0.091233
v -0.805794 0.451368 -0.089481
v -0.806092 0.440910 -0.187469
v -0.771388 0.550919 -0.007691
v 0.794780 0.417760 -0.299892
v 0.799425 0.436631 -0.251025
v 0.728537 0.373869 -0.428673
v 0.747816 0.427555 -0.387897
v -0.799425 0.436631 -0.251025
v -0.339487 -0.253696 -0.104494
v 0.497978 -0.107081 0.260626
v -0.497978 -0.107081 0.260626
v -0.549989 -0.109208 0.095201
v 0.326390 -0.170942 0.435214
v 0.353189 -0.176307 0.367196
v 0.270648 -0.279981 0.314154
v 0.342199 -0.213901 0.269457
v -0.270648 -0.279981 0.314154
v -0.232368 -0.328114 0.366015
v -0.337953 -0.148639 0.472083
v 0.569559 0.275204 -0.555423
v -0.628037 0.179597 -0.494865
v -0.594474 0.038279 -0.450013
v -0.374425 0.345347 -0.664110
v 0.554049 -0.105469 -0.253423
v 0.533585 -0.038929 -0.394595
v 0.636855 -0.103441 -0.194278
v 0.551994 -0.124627 -0.184559
v 0.495529 -0.006989 -0.466999
v -0.533585 -0.038929 -0.394595
v -0.546607 -0.074991 -0.320596
v 0.421737 -0.059177 -0.482161
v 0.375986 -0.207758 -0.224366
v -0.403064 -0.171068 -0.299557
v -0.421737 -0.059177 -0.482161
v -0.375986 -0.207758 -0.224366
v 0.271202 -0.128201 -0.538757
v 0.982330 0.424770 -0.298810
v 1.000271 0.394994 -0.290418
v 1.120073 0.432663 -0.358653
v -1.120073 0.432663 -0.358653
v -1.152945 0.440083 -0.376883
v -1.188705 0.447192 -0.412134
v 1.211920 0.381975 -0.401523
v 1.244640 0.383195 -0.411348
v -1.274858 0.367214 -0.423849
v 1.254975 0.129493 -0.422458
v 1.204759 0.114079 -0.403061
v -1.204759 0.114079 -0.403061
v 1.129855 -0.013694 -0.385737
v -1.099296 -0.005933 -0.344579
v 0.900067 -0.069831 -0.219050
v 0.856220 -0.101802 -0.221091
v 0.853113 -0.089017 -0.198753
v 1.017692 -0.064726 -0.323267
v 0.921360 -0.095882 -0.270214
v -0.856220 -0.101802 -0.221091
v -0.957917 -0.043189 -0.257986
v 1.094670 0.031481 -0.373077
v -1.098260 0.022910 -0.358438
v 1.232849 0.230715 -0.421386
v 1.220754 0.167508 -0.419707
v 1.191081 0.107237 -0.408938
v 1.233043 0.296731 -0.419490
v 1.218941 0.339279 -0.414899
v -1.149511 0.388879 -0.391044
v 1.058229 0.365548 -0.351256
v 1.149510 0.388879 -0.391044
v 0.652111 -0.094325 -0.119099
v 0.710922 -0.025710 -0.112778
v 0.705459 -0.001565 0.040948
v -0.710922 -0.025710 -0.112778
v 0.734363 -0.075854 -0.153930
v 0.717060 -0.104272 -0.185333
v 0.781581 -0.062860 -0.171774
v -0.717060 -0.104272 -0.185333
v -0.791186 -0.101325 -0.185929
v -0.734651 -0.052209 -0.159914
v -0.781581 -0.062860 -0.171774
v -0.833855 -0.071409 -0.183622
v 0.773775 0.118635 0.047603
v -0.773775 0.118635 0.047603
v 0.882633 0.344969 -0.225702
v 0.873947 0.370305 -0.254763
v -0.882633 0.344969 -0.225702
v -0.873947 0.370305 -0.254763
v -0.894728 0.327091 -0.233472
v 0.807610 -0.021338 -0.225589
v -0.836990 -0.046832 -0.199406
v 0.784348 0.019842 -0.236952
v 0.766571 -0.011992 -0.205355
v -0.784348 0.019842 -0.236952
v 0.782588 0.080873 -0.264737
v 0.835534 0.224287 -0.234364
v -0.835534 0.224287 -0.234364
v 0.909107 0.306758 -0.255563
v 0.885075 0.247030 -0.272078
v 0.807706 0.212642 -0.087996
v 0.748298 0.043365 -0.193370
v -0.748298 0.043365 -0.193370
v -0.807706 0.212642 -0.087996
v -0.752165 0.020971 -0.200560
v 0.849143 0.168915 -0.305519
v -0.852980 0.192548 -0.284891
v -0.814308 0.026397 -0.270143
v 0.848153 0.005017 -0.300558
v -0.836353 -0.003834 -0.285543
v 1.005302 0.333860 -0.338196
v 0.965372 0.287833 -0.338073
v 1.002136 0.294502 -0.366697
v 1.066894 0.344153 -0.381410
v -1.066893 0.344153 -0.381410
v -1.109322 0.340892 -0.414706
v -1.005302 0.333860 -0.338196
v 1.187054 0.319937 -0.440637
v -1.187055 0.319937 -0.440637
v -1.220420 0.252213 -0.444813
v 1.216986 0.203201 -0.449288
v 1.201024 0.154755 -0.458838
v -1.216987 0.203201 -0.449288
v -1.211324 0.167405 -0.451039
v -1.214250 0.195487 -0.461989
v -1.191102 0.183344 -0.456850
v 1.062901 0.020235 -0.376877
v 1.112558 0.050291 -0.406438
v 1.157622 0.087010 -0.428205
v 1.191271 0.128625 -0.442222
v -1.122382 0.081703 -0.428157
v -1.191271 0.128625 -0.442222
v 1.021249 0.005048 -0.352945
v -0.956903 -0.003572 -0.314841
v 0.852027 0.056068 -0.314406
v 1.015901 0.207203 -0.372753
v -1.000507 0.133246 -0.368357
v -1.015901 0.207203 -0.372753
v 1.070748 0.198363 -0.394831
v -1.045629 0.295616 -0.392756
v 0.971260 0.179951 -0.354980
v -0.926317 0.142977 -0.339279
v 0.952122 0.254577 -0.340897
v 0.824880 0.099728 -0.311036
v 0.872745 0.123969 -0.325879
v -0.993653 0.024170 -0.358135
v -1.006852 0.068242 -0.372450
v 1.102660 0.136672 -0.417238
v -1.060012 0.100847 -0.399654
v -1.102660 0.136672 -0.417238
v 1.136411 0.179637 -0.428190
v 1.188896 0.281435 -0.453151
v 1.094562 0.284920 -0.412813
v 1.130793 0.317766 -0.434092
v -1.094562 0.284920 -0.412813
v -1.142123 0.279155 -0.433226
v 1.182384 0.016732 -0.425339
v -1.204449 0.078779 -0.482662
v -1.182384 0.016732 -0.425339
v 1.281925 0.126262 -0.481648
v 1.314020 0.279074 -0.459031
v -1.306121 0.173646 -0.465026
v -1.314019 0.279074 -0.459031
v 1.297169 0.360048 -0.480366
v 1.245392 0.396431 -0.487373
v 1.223372 0.429592 -0.451174
v 1.188705 0.447192 -0.412134
v -1.223372 0.429592 -0.451174
v 1.089129 0.452246 -0.393228
v 1.168452 0.448633 -0.435925
v 1.103742 0.433886 -0.429601
v 1.109340 0.455493 -0.373299
v 1.036864 0.398863 -0.420829
v 1.028617 0.444199 -0.346462
v -1.028617 0.444199 -0.346462
v 0.962848 0.177978 -0.426996
v 0.829622 0.011709 -0.360977
v -0.920934 0.079570 -0.407634
v -0.962848 0.177978 -0.426997
v -0.829622 0.011709 -0.360977
v 1.165798 0.306562 -0.493294
v 1.112254 0.071378 -0.473347
v 1.204449 0.078779 -0.482662
v -1.165798 0.306562 -0.493294
v 1.290634 0.250470 -0.510370
v -1.290634 0.250470 -0.510370
v 0.843987 0.336519 -0.339515
v 0.841768 0.350704 -0.265145
v 0.798430 0.124448 -0.383932
v 0.766230 0.256661 -0.399717
v 0.875156 0.284157 -0.385242
v -0.798430 0.124448 -0.383932
v -0.810743 0.250205 -0.379123
v -0.766230 0.256661 -0.399717
v -0.772327 0.040665 -0.366856
v 0.746428 -0.020822 -0.348582
v -0.775012 -0.097545 -0.269036
v -0.654565 -0.010505 -0.378922
v 0.486250 0.165436 0.710096
v -0.486250 0.165436 0.710096
v 0.571195 0.195213 0.603133
v 0.526921 0.104187 0.612008
v -0.526921 0.104187 0.612008
v -0.571195 0.195213 0.603133
v 0.487561 0.065541 0.619880
v 0.404394 0.028477 0.636165
v -0.404394 0.028477 0.636165
v -0.487561 0.065541 0.619881
v 0.266675 0.106237 0.743365
v 0.359479 0.089522 0.733667
v -0.266675 0.106237 0.743365
v -0.359479 0.089522 0.733667
v 0.306188 0.025460 0.651649
v 0.245678 0.046381 0.661626
v -0.245678 0.046381 0.661626
v -0.306188 0.025460 0.651649
v 0.172226 0.108728 0.674627
v 0.131986 0.192930 0.679218
v -0.172226 0.108728 0.674627
v 0.219326 0.207110 0.773065
v 0.209462 0.168061 0.752101
v -0.219326 0.207110 0.773065
v -0.209462 0.168061 0.752101
v 0.222279 0.288026 0.772893
v 0.193782 0.257043 0.752615
v 0.237087 0.320903 0.772858
v -0.222279 0.288026 0.772893
v -0.193782 0.257043 0.752615
v 0.149446 0.255341 0.706011
v 0.205098 0.387172 0.697595
v -0.155279 0.355738 0.675383
v -0.133521 0.295783 0.678160
v 0.329962 0.447199 0.678500
v -0.283986 0.459652 0.654694
v -0.225851 0.432697 0.663987
v 0.298678 0.373880 0.761113
v 0.333199 0.405450 0.731120
v -0.242995 0.362344 0.746800
v 0.383107 0.380606 0.746696
v -0.428256 0.385730 0.715063
v 0.434927 0.429277 0.660187
v -0.481271 0.428314 0.619365
v -0.386130 0.464792 0.640209
v 0.532813 0.341368 0.639724
v 0.557638 0.247617 0.635208
v -0.570270 0.295861 0.602833
v -0.527900 0.385974 0.610049
v 0.450888 0.338948 0.738502
v -0.508406 0.262138 0.703217
v -0.491768 0.320719 0.705851
v -0.419533 0.324819 0.777085
v 0.385906 0.350845 0.777709
v 0.315486 0.346872 0.792806
v -0.352329 0.347131 0.794102
v 0.261133 0.302972 0.800448
v 0.246928 0.271327 0.800330
v 0.286172 0.316093 0.807258
v 0.278925 0.180937 0.807654
v 0.251830 0.241860 0.809385
v -0.278925 0.180937 0.807654
v -0.251830 0.241860 0.809385
v 0.431774 0.198673 0.782139
v 0.352714 0.179002 0.808300
v -0.352714 0.179002 0.808300
v 0.305882 0.197692 0.816674
v 0.305852 0.282059 0.816573
v -0.285967 0.239404 0.818777
v -0.305852 0.282059 0.816573
v -0.428628 0.290367 0.784932
v 0.051297 -0.960250 0.588061
v 0.262383 -0.925800 0.561041
v 0.191816 -0.946946 0.559778
v -0.121016 -0.926635 0.628686
v -0.124345 -0.950300 0.589724
v 0.264875 -0.853187 0.617655
v 0.241615 -0.899852 0.606591
v -0.264875 -0.853187 0.617655
v 0.309054 -0.832317 0.578551
v -0.309054 -0.832317 0.578551
v 0.299195 -0.683564 0.591551
v 0.326235 -0.137645 0.570295
v -0.326235 -0.137645 0.570295
v 0.326754 -0.091893 0.650611
v -0.326754 -0.091893 0.650611
v 0.706094 0.108789 0.530706
v -0.735241 0.200585 0.563103
v 0.792909 0.294738 0.540693
v 0.787070 0.373802 0.584989
v -0.744720 0.393464 0.633770
v 0.667292 0.469240 0.658389
v 0.530314 0.497656 0.736610
v 0.514812 0.553366 0.712800
v -0.404073 0.640193 0.716929
v 0.284271 0.638068 0.794797
v 0.298571 0.689897 0.736051
v 0.187333 0.659026 0.744041
v -0.227948 0.648654 0.788827
v -0.239470 0.675341 0.761625
v -0.199223 0.559535 0.811732
v -0.268342 0.608967 0.805057
v 0.124326 0.577100 0.742856
v 0.140584 0.564611 0.793041
v 0.127286 0.507984 0.806645
v -0.088235 0.509666 0.765299
v 0.030094 0.436071 0.759661
v 0.035384 0.385250 0.800297
v -0.014743 0.404298 0.786724
v -0.081005 0.425083 0.805084
v 0.248939 0.494819 0.783517
v -0.194339 0.492183 0.801479
v 0.394980 0.550240 0.775696
v -0.415491 0.496502 0.757519
v -0.314912 0.505479 0.771671
v 0.554132 0.411861 0.707315
v -0.554132 0.411861 0.707314
v 0.649744 0.401964 0.688537
v -0.649744 0.401964 0.688537
v 0.701231 0.243765 0.619217
v 0.718350 0.356906 0.646367
v -0.635812 0.180867 0.637928
v -0.633760 0.244396 0.654925
v 0.453909 -0.017085 0.643165
v 0.535526 0.079731 0.654696
v -0.403840 -0.003671 0.678122
v 0.236819 -0.058252 0.731197
v -0.127177 0.421158 0.800756
v -0.123917 0.350816 0.785023
v 0.049290 -0.911294 0.658356
v -0.049290 -0.911294 0.658356
v 0.127244 -0.869731 0.679295
v -0.127244 -0.869731 0.679295
v 0.162896 -0.780921 0.695634
v 0.132324 -0.826775 0.695585
v 0.136902 -0.603677 0.719189
v 0.094179 -0.527380 0.734023
v -0.136902 -0.603677 0.719189
v -0.094179 -0.527380 0.734023
v 0.225423 -0.792965 0.664408
v -0.225423 -0.792965 0.664408
v 0.043879 -0.379840 0.747980
v 0.082065 -0.667090 0.730648
v 0.049194 -0.662147 0.733364
v -0.020948 -0.522410 0.741893
v 0.106678 -0.244209 0.772539
v -0.106678 -0.244209 0.772539
v 0.105698 -0.173861 0.769033
v 0.059840 -0.138053 0.768533
v 0.083188 -0.149216 0.781792
v 0.020536 -0.156081 0.776767
v 0.010925 -0.166584 0.780691
v 0.010153 -0.136554 0.755662
v -0.040557 -0.146761 0.784969
v -0.010925 -0.166584 0.780691
v -0.011332 -0.156068 0.762552
v -0.010153 -0.136554 0.755662
v 0.064956 -0.292196 0.767050
v 0.012717 -0.296005 0.781655
v -0.078639 -0.266877 0.784929
v -0.035242 -0.310640 0.763205
v -0.065087 -0.156884 0.799266
v 0.099608 -0.207040 0.805846
v 0.038462 -0.189013 0.814139
v 0.027436 -0.225355 0.812389
v 0.040342 -0.261161 0.803897
v -0.040342 -0.261160 0.803897
v 0.080510 -0.120219 0.759769
v 0.074972 -0.031865 0.756311
v 0.021906 0.053597 0.749118
v -0.080510 -0.120219 0.759769
v -0.074972 -0.031865 0.756311
v -0.021906 0.053597 0.749118
v 0.153537 -0.201679 0.727764
v 0.111743 -0.149582 0.758880
v -0.145105 -0.140357 0.748250
v -0.111743 -0.149582 0.758880
v 0.103911 -0.284159 0.744354
v 0.135055 -0.270000 0.730562
v 0.082339 -0.375757 0.742626
v -0.168317 -0.375906 0.709063
v 0.233036 -0.423541 0.646772
v 0.195165 -0.362837 0.681020
v 0.188672 -0.262511 0.655748
v 0.180127 -0.202316 0.679764
v -0.180127 -0.202316 0.679764
v -0.228146 -0.180777 0.593333
v 0.094053 -0.819311 0.705102
v 0.071049 -0.853579 0.694479
v 0.073700 -0.873003 0.687872
v -0.073700 -0.873003 0.687872
v -0.071049 -0.853579 0.694479
v 0.012566 -0.860415 0.661940
v 0.062652 -0.835706 0.665385
v -0.062652 -0.835706 0.665385
v 0.078776 -0.811543 0.669157
v -0.078776 -0.811543 0.669157
v 0.049676 -0.752342 0.711549
v 0.050060 -0.774950 0.671937
v -0.021870 -0.764879 0.693130
v 0.053551 -0.792156 0.660589
v 0.036778 -0.837992 0.649437
v -0.036778 -0.837992 0.649437
v -0.053551 -0.792156 0.660589
v 0.169238 0.171975 0.764232
v 0.128951 0.162399 0.758706
v -0.169238 0.171975 0.764232
v -0.128951 0.162399 0.758706
v -0.163753 0.219271 0.769460
v 0.173956 0.291115 0.771837
v -0.177110 0.351230 0.774613
v -0.210649 0.125137 0.762724
v 0.272764 0.094809 0.751708
v -0.272764 0.094809 0.751708
v 0.408517 0.066536 0.716306
v -0.408517 0.066536 0.716306
v 0.534398 0.147022 0.682603
v -0.534398 0.147022 0.682603
v 0.584255 0.272385 0.675909
v -0.584255 0.272385 0.675909
v 0.621876 0.326168 0.668731
v 0.511880 0.370618 0.711204
v 0.581201 0.328729 0.680535
v -0.621876 0.326168 0.668731
v -0.460023 0.407853 0.727846
v 0.374603 0.416539 0.751230
v -0.374603 0.416539 0.751230
v 0.287570 0.453828 0.763643
v 0.240524 0.396858 0.770380
v -0.287570 0.453828 0.763643
v -0.240524 0.396858 0.770380
v 0.263160 0.385210 0.765549
v 0.413647 0.389884 0.743787
v -0.413647 0.389884 0.743787
v -0.472844 0.370167 0.724153
v -0.501902 0.349818 0.704369
v 0.558994 0.265590 0.680350
v -0.538284 0.322264 0.685121
v -0.558994 0.265590 0.680350
v 0.548146 0.221995 0.677553
v -0.548146 0.221995 0.677553
v 0.488207 0.147229 0.696197
v -0.488207 0.147229 0.696197
v 0.435703 0.103394 0.714993
v 0.422400 0.106764 0.715766
v -0.372841 0.094108 0.729728
v 0.315609 0.097482 0.746052
v 0.280751 0.113497 0.750650
v 0.241469 0.131410 0.756375
v 0.228590 0.350017 0.764823
v -0.228590 0.350017 0.764823
v 0.202336 0.177430 0.757294
v -0.202336 0.177430 0.757294
v 0.098707 0.494645 0.661390
v 0.014184 0.442116 0.705760
v -0.069853 0.469434 0.648176
v -0.027173 0.450980 0.657180
v 0.107123 0.539683 0.702736
v 0.172095 0.571562 0.641008
v -0.157592 0.604359 0.682734
v 0.295260 0.694262 0.694319
v 0.246767 0.683841 0.681284
v 0.197034 0.663949 0.705985
v -0.263557 0.664847 0.643622
v 0.380208 0.649312 0.648803
v 0.321860 0.630275 0.611291
v -0.461021 0.605642 0.656440
v -0.321860 0.630275 0.611291
v 0.596769 0.521362 0.603635
v 0.592131 0.505768 0.535644
v -0.690869 0.473774 0.612432
v -0.675578 0.456781 0.481488
v 0.777631 0.413550 0.567942
v 0.767315 0.409630 0.504710
v 0.780873 0.360938 0.453119
v -0.780117 0.219312 0.402181
v -0.797411 0.287575 0.470738
v 0.748962 0.141880 0.384882
v 0.657956 0.031015 0.411496
v -0.657956 0.031015 0.411496
v -0.748962 0.141880 0.384882
v 0.498361 -0.077033 0.448541
v -0.498361 -0.077033 0.448541
v 0.032508 -0.503498 0.291934
v 0.158349 -0.447202 0.305982
v 0.091926 -0.600194 0.339316
v -0.116637 -0.447397 0.257277
v -0.060585 -0.465733 0.256957
v -0.044529 -0.586638 0.325949
v 0.014977 -0.681397 0.345533
v 0.080563 -0.877571 0.420128
v -0.097145 -0.796395 0.383010
v -0.111825 -0.934509 0.460785
v 0.060777 -0.958768 0.503529
v -0.060777 -0.958768 0.503529
v 0.208204 -0.941465 0.496126
v -0.208204 -0.941465 0.496126
v 0.305090 -0.891593 0.500046
v 0.285354 -0.844741 0.434981
v -0.285354 -0.844741 0.434981
v -0.305090 -0.891593 0.500046
v 0.313734 -0.700011 0.512189
v 0.281314 -0.651868 0.440261
v 0.244215 -0.551688 0.410841
v -0.281314 -0.651868 0.440261
v -0.313734 -0.700011 0.512189
v -0.244215 -0.551688 0.410841
v 0.206397 -0.639376 0.380649
v -0.206397 -0.639376 0.380649
v 0.190030 -0.805496 0.396913
v 0.175794 -0.487192 0.351844
v -0.150542 -0.544531 0.349095
v 0.220180 -0.426925 0.394815
v -0.220180 -0.426925 0.394815
v 0.245068 -0.249724 0.466156
v -0.245068 -0.249724 0.466156
v 0.251722 -0.339294 0.490811
v 0.235603 -0.302793 0.568740
v -0.262696 -0.386152 0.541370
v 0.229503 -0.191702 0.551390
v 0.245360 -0.210071 0.487665
v -0.224071 -0.216001 0.537892
v 0.324850 -0.148285 0.529190
v -0.384652 -0.126859 0.488725
v 0.233291 -0.112911 -0.578996
v 0.044795 0.045448 -0.726440
v 0.215330 -0.042423 -0.642140
v 0.140773 -0.181398 -0.549345
v 0.043335 -0.127783 -0.622091
v -0.091069 -0.044697 -0.684269
v -0.070445 -0.198081 -0.546324
v 0.153709 -0.291294 -0.334827
v 0.027551 -0.286723 -0.405254
v -0.188071 -0.229799 -0.456173
v -0.061866 -0.330600 -0.284684
v 0.027612 -0.422867 0.090227
v -0.027612 -0.422867 0.090227
v -0.195947 -0.396852 0.301690
v -0.219741 -0.364232 0.366866
v 0.774221 0.139635 0.133384
v 0.705035 0.021199 0.131413
v -0.705035 0.021199 0.131413
v -0.786737 0.206104 0.206754
v 0.177257 0.306762 -0.745141
v 0.313556 0.377996 -0.689453
v 0.292484 0.159611 -0.683690
v 0.167290 0.170235 -0.734019
v 0.031597 0.284775 -0.767070
v -0.088597 0.371516 -0.759599
v -0.076016 0.139880 -0.749132
v 0.194830 0.846236 0.195527
v 0.043220 0.905969 0.079320
v -0.387419 0.830456 0.131877
v -0.273438 0.879489 0.089532
v -0.086711 0.853773 0.204957
v 0.350016 0.890281 -0.140982
v 0.239987 0.912909 -0.059308
v 0.347518 0.812123 -0.395538
v 0.059731 0.894984 -0.296929
v -0.392459 0.838498 -0.303991
v -0.059731 0.894984 -0.296929
v 0.214485 0.787292 -0.491521
v 0.293863 0.484866 -0.674934
v 0.067138 0.586397 -0.691905
v 0.045312 0.763264 -0.555152
v -0.360036 0.657682 -0.550131
v -0.214485 0.787292 -0.491521
v -0.045312 0.763264 -0.555152
v -0.067138 0.586397 -0.691905
v -0.127574 0.492709 -0.729530
v 0.660568 0.476032 0.319610
v -0.660568 0.476032 0.319610
v 0.685574 0.580207 0.146125
v -0.685574 0.580207 0.146125
v 0.656999 0.707004 -0.081509
v 0.615563 0.729712 0.004563
v -0.615563 0.729712 0.004563
v 0.704692 0.582027 -0.356273
v -0.750937 0.587165 -0.226435
v -0.698786 0.634029 -0.286038
v 0.725927 0.273526 -0.435909
v 0.647519 0.455790 -0.483018
v -0.626089 0.605039 -0.424476
v -0.588242 0.526193 -0.497702
v -0.725927 0.273526 -0.435909
v 0.417604 0.547714 -0.590496
v 0.497160 0.689634 -0.448182
v 0.493279 0.749906 -0.387031
v -0.497160 0.689634 -0.448182
v -0.417604 0.547714 -0.590496
v -0.493279 0.749906 -0.387031
v 0.565464 0.785409 -0.136715
v 0.616092 0.715693 -0.294026
v -0.565464 0.785409 -0.136715
v -0.616092 0.715693 -0.294026
v 0.453318 0.835147 0.043801
v -0.453318 0.835147 0.043801
v 0.525202 0.693849 0.193807
v 0.442305 0.717317 0.246680
v -0.442305 0.717317 0.246680
v 0.467589 0.543864 0.541405
v 0.595710 0.494160 0.389727
v -0.490655 0.540593 0.415048
v -0.662994 0.452323 0.416393
v 0.343515 0.637814 0.392774
v 0.173578 0.615354 0.466410
v 0.043487 0.700103 0.392689
v -0.246289 0.717630 0.349708
v -0.079813 0.586738 0.501428
v 0.149636 0.519426 0.620867
v -0.229390 0.612095 0.627321
v -0.286498 0.579660 0.594950
v 0.205690 0.523561 0.573173
v 0.398630 0.535225 0.515773
v 0.410213 0.540356 0.468511
v -0.205690 0.523561 0.573173
v -0.090890 0.487015 0.601318
v 0.780206 0.235808 0.325743
v 0.784422 0.294140 0.314914
v 0.795331 0.320338 0.192522
v 0.741023 0.396085 0.362934
v -0.768224 0.351990 0.374920
v -0.740411 0.406139 0.304557
v -0.777565 0.388765 0.192770
v 0.807097 0.276537 0.103893
v -0.807097 0.276537 0.103893
v 0.802146 0.470105 -0.051244
v 0.822390 0.305881 -0.050725
v -0.802146 0.470105 -0.051244
v -0.763305 0.551010 0.038653
v 0.788316 0.397102 -0.327609
v 0.805470 0.403358 -0.269160
v 0.733198 0.413705 -0.414567
v -0.793633 0.472481 -0.230871
v -0.755702 0.459200 -0.359738
v 0.299621 -0.290955 0.001674
v 0.341576 -0.254332 0.093401
v -0.584935 -0.102595 0.011906
v -0.501140 -0.153833 -0.036629
v -0.577473 -0.118985 -0.049927
v 0.548606 -0.091703 0.187131
v -0.548606 -0.091703 0.187131
v 0.369699 -0.178211 0.309398
v -0.369699 -0.178211 0.309398
v 0.253590 -0.290988 0.357586
v 0.256640 -0.317579 0.229494
v -0.301448 -0.258704 0.266594
v -0.253590 -0.290988 0.357586
v 0.647804 0.120850 -0.459205
v -0.647804 0.120850 -0.459205
v 0.539612 0.325316 -0.577902
v 0.450963 0.065954 -0.565810
v -0.411660 0.299743 -0.647260
v 0.580434 -0.118105 -0.169066
v 0.527043 -0.126935 -0.208448
v 0.532467 -0.008380 -0.435457
v -0.521798 -0.069533 -0.351020
v -0.573339 -0.080382 -0.294882
v 0.381390 -0.114737 -0.448428
v 0.338263 -0.241000 -0.194126
v -0.419389 -0.141046 -0.344646
v -0.456571 -0.014615 -0.499282
v -0.414144 -0.178804 -0.241175
v -0.325561 0.054569 -0.633377
v -0.966451 0.408619 -0.278548
v -1.013155 0.411761 -0.298479
v 1.153011 0.449783 -0.385597
v 1.157212 0.432225 -0.375801
v -1.157212 0.432225 -0.375801
v -1.153012 0.449783 -0.385597
v 1.264193 0.363325 -0.416380
v 1.242561 0.176613 -0.410135
v 1.199461 0.089340 -0.398325
v -1.267388 0.182864 -0.421599
v -1.260793 0.283264 -0.414862
v -1.250155 0.098701 -0.427524
v 1.130016 0.015743 -0.363356
v -1.049162 -0.032249 -0.314278
v -1.067990 -0.040020 -0.343746
v 0.873179 -0.104451 -0.242932
v 0.976942 -0.082770 -0.308794
v -0.835494 -0.098809 -0.200202
v 1.115070 0.037143 -0.373493
v 1.080322 0.006606 -0.343010
v -1.080322 0.006606 -0.343010
v -1.115071 0.037143 -0.373493
v -1.174472 0.089348 -0.406167
v 1.226020 0.201843 -0.424717
v 1.207716 0.130208 -0.410882
v 1.238069 0.266970 -0.417840
v -1.170290 0.371526 -0.404527
v -1.224325 0.313355 -0.421005
v -1.206959 0.365518 -0.406342
v 1.122965 0.401357 -0.372201
v -1.063846 0.383226 -0.344075
v 0.721450 -0.006054 -0.074434
v -0.710670 -0.031100 -0.133823
v -0.699613 -0.024541 -0.027434
v 0.707481 -0.086367 -0.150096
v 0.750330 -0.063884 -0.161793
v -0.744470 -0.101479 -0.175431
v -0.726912 -0.042403 -0.158165
v -0.812126 -0.060997 -0.180046
v -0.761722 0.083973 -0.016058
v 0.896332 0.365831 -0.237745
v -0.896332 0.365832 -0.237745
v -0.765243 0.006417 -0.211684
v -0.768744 -0.023264 -0.198894
v 0.797574 0.032862 -0.254637
v -0.797574 0.032862 -0.254637
v -0.779028 0.093190 -0.259006
v 0.875937 0.257893 -0.254684
v 0.922478 0.334801 -0.251956
v 0.821837 0.258604 -0.114593
v -0.821837 0.258604 -0.114593
v 0.773917 0.122442 -0.177364
v 0.739349 0.030431 -0.170464
v -0.754009 0.047854 -0.207527
v -0.783942 0.149578 -0.087295
v 0.892430 0.242301 -0.287214
v -0.827947 0.158178 -0.289142
v 0.816022 0.082354 -0.301338
v 0.827845 0.023431 -0.284596
v -0.836089 0.053614 -0.303784
v 0.852805 -0.005544 -0.287499
v -0.912970 -0.006745 -0.295445
v 1.032921 0.306944 -0.385795
v -1.032921 0.306944 -0.385795
v 1.134014 0.335736 -0.429682
v 1.078609 0.337799 -0.398880
v -1.078609 0.337799 -0.398880
v -1.134014 0.335736 -0.429682
v 1.216912 0.279963 -0.440799
v 1.198801 0.297440 -0.449768
v -1.198801 0.297440 -0.449768
v -1.216912 0.279963 -0.440799
v 1.216323 0.191024 -0.455030
v 1.202426 0.147771 -0.451681
v -1.216323 0.191024 -0.455030
v 1.088546 0.031900 -0.384495
v 1.176660 0.105947 -0.429825
v -1.134557 0.070049 -0.424541
v -1.046393 0.014122 -0.373671
v -0.987473 0.000902 -0.335404
v 0.878114 0.064789 -0.324036
v 0.992758 0.175672 -0.363728
v -1.042986 0.223369 -0.382347
v 0.950486 0.180462 -0.347141
v 0.847811 0.122684 -0.319414
v 0.897248 0.117817 -0.331940
v -0.847811 0.122684 -0.319414
v -0.897248 0.117817 -0.331939
v 0.863614 0.004138 -0.302511
v -0.901726 0.035379 -0.318500
v 1.097695 0.104169 -0.418130
v -1.022399 0.098813 -0.380872
v 1.165930 0.197681 -0.442296
v 1.103137 0.170230 -0.412835
v 1.166187 0.266452 -0.442842
v -1.166187 0.266452 -0.442842
v -1.123168 0.294420 -0.428195
v -1.062719 0.279488 -0.397119
v 0.903123 -0.077737 -0.334752
v 0.950291 -0.019428 -0.393354
v -0.903123 -0.077737 -0.334753
v -0.950291 -0.019428 -0.393354
v 1.085779 -0.018076 -0.427105
v -1.085779 -0.018076 -0.427105
v 1.290385 0.140352 -0.456178
v 1.314460 0.198666 -0.476961
v 1.270374 0.102194 -0.469347
v 1.295109 0.160310 -0.490789
v 1.308383 0.290856 -0.445754
v -1.290385 0.140352 -0.456178
v -1.314460 0.198666 -0.476961
v -1.270374 0.102194 -0.469347
v -1.317755 0.267765 -0.473813
v -1.295109 0.160310 -0.490789
v 1.283374 0.385769 -0.463256
v 1.288230 0.364674 -0.437106
v 1.200524 0.444283 -0.435940
v -1.245113 0.413542 -0.467643
v 1.120763 0.448305 -0.421175
v 1.093915 0.414514 -0.442175
v -1.072611 0.453789 -0.369595
v 0.975063 0.375158 -0.399668
v -0.975063 0.375158 -0.399668
v -0.990288 0.432738 -0.321081
v 1.003410 0.235417 -0.442284
v -0.893556 0.027998 -0.387359
v -0.918868 0.137790 -0.409545
v 1.134087 0.238175 -0.487799
v -1.182317 0.357841 -0.492227
v -1.134087 0.238175 -0.487799
v 1.282547 0.198133 -0.505799
v 1.250932 0.362741 -0.501827
v -1.282547 0.198133 -0.505799
v -1.292325 0.297760 -0.509542
v -1.307038 0.325181 -0.491380
v -1.250932 0.362741 -0.501827
v 0.815503 0.322311 -0.346965
v 0.863693 0.366499 -0.270021
v 0.914232 0.395473 -0.314030
v 0.767228 0.081644 -0.379234
v 0.832140 0.248714 -0.381238
v 0.781511 0.004702 -0.353322
v -0.767228 0.081644 -0.379234
v -0.832140 0.248714 -0.381238
v -0.781511 0.004702 -0.353322
v 0.679120 -0.059703 -0.316371
v -0.679120 -0.059703 -0.316371
v -0.777466 -0.104444 -0.247741
v 0.478900 0.226706 0.738604
v -0.478900 0.226706 0.738604
v 0.529749 0.147774 0.642555
v -0.529749 0.147774 0.642555
v 0.440616 0.060489 0.660524
v 0.347998 0.039904 0.675679
v -0.440616 0.060489 0.660524
v -0.347998 0.039904 0.675679
v 0.440986 0.149399 0.749533
v 0.420030 0.102626 0.724708
v -0.420030 0.102626 0.724708
v -0.440986 0.149399 0.749533
v 0.330035 0.116136 0.763414
v -0.330035 0.116136 0.763414
v 0.225035 0.082175 0.695695
v -0.225035 0.082175 0.695695
v 0.165509 0.155666 0.704353
v -0.165509 0.155666 0.704353
v -0.131986 0.192930 0.679218
v 0.257052 0.144101 0.769287
v -0.257052 0.144101 0.769287
v -0.237087 0.320903 0.772858
v 0.133521 0.295783 0.678160
v 0.155279 0.355738 0.675383
v -0.149446 0.255341 0.706011
v -0.205098 0.387172 0.697595
v 0.225851 0.432697 0.663987
v 0.283986 0.459652 0.654694
v -0.329962 0.447199 0.678500
v 0.242995 0.362344 0.746800
v -0.333199 0.405450 0.731120
v -0.298678 0.373880 0.761113
v 0.428256 0.385730 0.715063
v -0.383107 0.380606 0.746696
v 0.386130 0.464792 0.640209
v 0.481271 0.428314 0.619365
v -0.434927 0.429277 0.660187
v 0.527900 0.385974 0.610049
v 0.570270 0.295861 0.602833
v -0.532813 0.341368 0.639724
v -0.557638 0.247617 0.635208
v 0.491768 0.320719 0.705851
v 0.508406 0.262138 0.703217
v -0.450888 0.338948 0.738502
v 0.419533 0.324819 0.777085
v -0.385906 0.350845 0.777709
v 0.352329 0.347131 0.794102
v -0.315486 0.346872 0.792806
v -0.246928 0.271327 0.800330
v -0.261133 0.302972 0.800448
v -0.286172 0.316093 0.807258
v 0.250977 0.209068 0.801187
v -0.250977 0.209068 0.801187
v 0.294515 0.154375 0.796610
v -0.294515 0.154375 0.796610
v 0.339729 0.147400 0.795792
v -0.339729 0.147400 0.795792
v 0.448472 0.241849 0.776537
v -0.448472 0.241849 0.776537
v 0.396946 0.211165 0.798913
v -0.431774 0.198673 0.782139
v -0.396946 0.211165 0.798913
v -0.305882 0.197692 0.816674
v 0.285967 0.239404 0.818777
v 0.350152 0.303025 0.809049
v -0.350152 0.303025 0.809049
v 0.428628 0.290367 0.784932
v 0.394011 0.271926 0.800064
v -0.394011 0.271926 0.800064
v -0.051297 -0.960250 0.588061
v 0.121016 -0.926635 0.628686
v 0.124345 -0.950300 0.589724
v -0.262383 -0.925800 0.561041
v -0.191816 -0.946946 0.559778
v -0.241615 -0.899852 0.606591
v 0.263975 -0.594321 0.638020
v -0.263975 -0.594321 0.638020
v -0.299195 -0.683564 0.591551
v 0.581251 -0.013940 0.545293
v 0.429214 -0.081715 0.588505
v -0.581251 -0.013940 0.545293
v -0.429214 -0.081715 0.588505
v 0.622050 0.038000 0.570223
v 0.735242 0.200585 0.563103
v -0.622050 0.038000 0.570223
v -0.706094 0.108789 0.530706
v -0.792909 0.294738 0.540693
v -0.787070 0.373802 0.584989
v 0.744720 0.393464 0.633770
v -0.667292 0.469240 0.658389
v -0.530314 0.497656 0.736610
v 0.404073 0.640193 0.716929
v 0.443452 0.571818 0.753777
v -0.443452 0.571818 0.753777
v -0.514812 0.553366 0.712800
v 0.239470 0.675341 0.761625
v 0.227948 0.648654 0.788827
v 0.199223 0.559535 0.811732
v 0.268342 0.608967 0.805057
v -0.284271 0.638068 0.794796
v -0.187333 0.659026 0.744041
v -0.298571 0.689897 0.736051
v 0.088235 0.509666 0.765300
v -0.127286 0.507984 0.806644
v -0.140584 0.564611 0.793041
v -0.124326 0.577100 0.742856
v 0.014743 0.404298 0.786724
v 0.081005 0.425083 0.805084
v -0.035384 0.385250 0.800297
v -0.030094 0.436071 0.759661
v 0.194339 0.492183 0.801479
v -0.248939 0.494819 0.783517
v 0.415491 0.496502 0.757519
v 0.314912 0.505479 0.771671
v -0.394980 0.550240 0.775696
v 0.546964 0.386219 0.696304
v -0.546964 0.386219 0.696304
v 0.635812 0.180867 0.637928
v 0.633760 0.244396 0.654925
v -0.701231 0.243765 0.619217
v -0.718350 0.356906 0.646367
v 0.403840 -0.003671 0.678122
v -0.453909 -0.017085 0.643165
v -0.535526 0.079731 0.654695
v 0.239068 0.010334 0.740899
v -0.236819 -0.058252 0.731197
v -0.239068 0.010334 0.740899
v 0.132342 0.045509 0.756661
v -0.132342 0.045509 0.756661
v 0.127177 0.421158 0.800756
v 0.123917 0.350816 0.785023
v 0.020342 0.292972 0.786300
v 0.085474 0.255667 0.774249
v -0.020342 0.292972 0.786300
v -0.085474 0.255667 0.774249
v 0.042928 0.213838 0.767615
v -0.042928 0.213838 0.767615
v 0.020179 -0.933871 0.631508
v -0.020179 -0.933871 0.631508
v 0.168033 -0.898767 0.643717
v -0.168033 -0.898767 0.643717
v -0.162896 -0.780921 0.695634
v -0.132324 -0.826775 0.695585
v 0.178199 -0.529434 0.706660
v -0.178199 -0.529434 0.706660
v 0.234423 -0.680126 0.671874
v -0.234423 -0.680126 0.671873
v -0.043879 -0.379840 0.747980
v 0.020948 -0.522411 0.741893
v -0.082065 -0.667090 0.730648
v -0.049194 -0.662147 0.733364
v 0.094353 -0.270091 0.754789
v -0.094353 -0.270091 0.754789
v 0.112915 -0.206249 0.783271
v -0.112915 -0.206249 0.783271
v -0.105698 -0.173861 0.769033
v -0.083188 -0.149216 0.781792
v -0.059840 -0.138053 0.768533
v 0.040557 -0.146761 0.784969
v 0.010023 -0.172079 0.796917
v 0.011332 -0.156068 0.762552
v -0.020536 -0.156081 0.776767
v -0.010023 -0.172079 0.796917
v 0.078638 -0.266877 0.784928
v 0.035242 -0.310640 0.763205
v -0.064956 -0.292196 0.767050
v -0.012717 -0.296005 0.781655
v 0.065087 -0.156884 0.799266
v -0.099608 -0.207040 0.805846
v 0.073350 -0.183369 0.809325
v -0.073350 -0.183369 0.809325
v -0.038462 -0.189013 0.814139
v 0.076721 -0.247473 0.803717
v -0.076721 -0.247473 0.803717
v -0.027436 -0.225355 0.812389
v 0.032907 -0.040082 0.750487
v -0.032907 -0.040082 0.750487
v 0.145105 -0.140357 0.748250
v -0.153537 -0.201679 0.727764
v -0.103911 -0.284159 0.744354
v -0.135055 -0.270000 0.730562
v 0.168317 -0.375906 0.709063
v -0.082339 -0.375757 0.742626
v 0.224835 -0.318142 0.619826
v -0.224835 -0.318142 0.619826
v -0.233036 -0.423541 0.646772
v -0.195165 -0.362837 0.681020
v -0.188672 -0.262511 0.655748
v 0.209680 -0.160829 0.653794
v 0.228146 -0.180777 0.593332
v -0.209680 -0.160829 0.653794
v -0.094053 -0.819311 0.705102
v 0.040556 -0.885023 0.683141
v -0.040556 -0.885023 0.683141
v 0.024497 -0.869998 0.676776
v -0.024497 -0.869998 0.676776
v -0.012566 -0.860415 0.661940
v 0.050010 -0.855585 0.678965
v -0.050010 -0.855585 0.678965
v 0.089884 -0.763141 0.704391
v 0.088764 -0.796736 0.693662
v -0.089884 -0.763141 0.704391
v -0.088764 -0.796736 0.693662
v 0.021870 -0.764879 0.693130
v 0.076442 -0.765619 0.690499
v -0.050060 -0.774950 0.671937
v -0.049676 -0.752342 0.711549
v -0.076442 -0.765619 0.690499
v 0.024756 -0.812745 0.653532
v -0.024756 -0.812745 0.653532
v 0.163753 0.219271 0.769460
v 0.177110 0.351230 0.774613
v -0.173956 0.291115 0.771837
v 0.210649 0.125137 0.762724
v 0.321564 0.063538 0.730926
v -0.321564 0.063538 0.730926
v 0.480578 0.085631 0.688589
v -0.480578 0.085631 0.688589
v 0.593540 0.208365 0.664679
v -0.593540 0.208365 0.664679
v -0.511880 0.370618 0.711204
v -0.581201 0.328729 0.680535
v 0.460023 0.407853 0.727846
v 0.296398 0.423241 0.760635
v -0.296398 0.423241 0.760635
v -0.263160 0.385210 0.765549
v 0.371006 0.398991 0.753262
v -0.371006 0.398991 0.753262
v 0.472844 0.370168 0.724153
v 0.501902 0.349818 0.704369
v 0.538284 0.322264 0.685121
v 0.550501 0.293306 0.679119
v -0.550501 0.293306 0.679119
v 0.517677 0.169087 0.690508
v -0.517677 0.169087 0.690508
v 0.372841 0.094108 0.729728
v -0.435703 0.103394 0.714993
v -0.422400 0.106764 0.715766
v -0.315609 0.097482 0.746052
v -0.280751 0.113497 0.750650
v 0.216711 0.143294 0.762042
v -0.216711 0.143294 0.762042
v -0.241469 0.131410 0.756375
v 0.192441 0.250829 0.759879
v 0.199843 0.302729 0.767555
v -0.192441 0.250829 0.759879
v -0.199843 0.302729 0.767555
v 0.186700 0.205105 0.763335
v -0.186700 0.205105 0.763335
v 0.069853 0.469434 0.648176
v 0.027173 0.450980 0.657180
v -0.098707 0.494645 0.661390
v -0.014184 0.442116 0.705760
v 0.157592 0.604359 0.682734
v -0.107123 0.539683 0.702736
v -0.172095 0.571562 0.641008
v 0.263557 0.664847 0.643622
v -0.295260 0.694262 0.694319
v -0.246767 0.683841 0.681284
v -0.197034 0.663949 0.705985
v 0.461021 0.605642 0.656440
v 0.391967 0.604314 0.601267
v -0.380208 0.649312 0.648803
v -0.391967 0.604314 0.601268
v 0.690869 0.473774 0.612432
v 0.675578 0.456781 0.481488
v -0.592131 0.505768 0.535644
v -0.596769 0.521362 0.603635
v -0.777631 0.413550 0.567942
v -0.767315 0.409630 0.504710
v 0.797411 0.287575 0.470738
v 0.780117 0.219313 0.402181
v -0.780873 0.360938 0.453119
v 0.724804 0.103915 0.445053
v 0.593789 -0.018557 0.475777
v -0.724804 0.103915 0.445053
v -0.593789 -0.018557 0.475777
v 0.116637 -0.447398 0.257277
v 0.044529 -0.586637 0.325949
v 0.060585 -0.465733 0.256957
v -0.032508 -0.503498 0.291934
v -0.091926 -0.600194 0.339316
v -0.158349 -0.447202 0.305982
v -0.014977 -0.681397 0.345533
v 0.111825 -0.934509 0.460785
v 0.097145 -0.796395 0.383010
v -0.080563 -0.877571 0.420127
v 0.030128 -0.962110 0.538755
v 0.205275 -0.927031 0.464318
v -0.030128 -0.962110 0.538755
v -0.205275 -0.927031 0.464318
v 0.145318 -0.955051 0.523207
v -0.145318 -0.955051 0.523207
v 0.321180 -0.848866 0.525091
v 0.286852 -0.889872 0.458003
v 0.282175 -0.923441 0.519762
v -0.286852 -0.889872 0.458003
v -0.321179 -0.848866 0.525091
v -0.282175 -0.923441 0.519762
v 0.151099 -0.701987 0.371357
v -0.151099 -0.701987 0.371357
v -0.190030 -0.805496 0.396913
v 0.150542 -0.544531 0.349095
v -0.175794 -0.487192 0.351844
v 0.283377 -0.537575 0.477900
v 0.297832 -0.576988 0.554556
v -0.283377 -0.537575 0.477900
v -0.297832 -0.576988 0.554556
v 0.262696 -0.386152 0.541370
v -0.251722 -0.339294 0.490811
v -0.235603 -0.302793 0.568740
v 0.224071 -0.216001 0.537892
v -0.229503 -0.191702 0.551390
v -0.245360 -0.210071 0.487665
v 0.384652 -0.126859 0.488725
v -0.324850 -0.148285 0.529190
v 0.070445 -0.198081 -0.546324
v 0.091069 -0.044697 -0.684269
v -0.233291 -0.112911 -0.578996
v -0.215330 -0.042423 -0.642140
v -0.044795 0.045448 -0.726440
v -0.043335 -0.127783 -0.622091
v -0.140773 -0.181398 -0.549345
v 0.188071 -0.229799 -0.456173
v 0.284110 -0.160371 -0.486591
v 0.061866 -0.330600 -0.284684
v -0.284110 -0.160371 -0.486591
v -0.027551 -0.286723 -0.405254
v -0.153709 -0.291294 -0.334827
v 0.218201 -0.305902 -0.216996
v 0.151295 -0.370515 -0.027191
v 0.174546 -0.382186 0.109304
v 0.062296 -0.390564 -0.053099
v -0.151295 -0.370515 -0.027191
v -0.218201 -0.305902 -0.216996
v -0.174546 -0.382186 0.109304
v -0.062296 -0.390564 -0.053099
v 0.195947 -0.396852 0.301690
v 0.219741 -0.364232 0.366866
v 0.738195 0.096291 0.233154
v 0.646815 -0.007041 0.249785
v 0.786737 0.206104 0.206754
v -0.738195 0.096291 0.233154
v -0.774221 0.139635 0.133384
v -0.646815 -0.007041 0.249785
v 0.076016 0.139880 -0.749132
v 0.088597 0.371516 -0.759599
v -0.177257 0.306762 -0.745141
v -0.292484 0.159611 -0.683690
v -0.313556 0.377996 -0.689453
v -0.031597 0.284775 -0.767070
v -0.167290 0.170235 -0.734019
v 0.387419 0.830455 0.131877
v 0.273438 0.879489 0.089532
v 0.086711 0.853773 0.204957
v -0.194830 0.846236 0.195527
v -0.043220 0.905969 0.079320
v 0.289873 0.883376 -0.265086
v 0.392459 0.838498 -0.303991
v 0.135919 0.911771 -0.224109
v 0.118021 0.928750 -0.078327
v -0.289873 0.883376 -0.265086
v -0.350016 0.890281 -0.140982
v -0.347518 0.812123 -0.395538
v -0.239987 0.912910 -0.059308
v -0.118021 0.928750 -0.078327
v -0.135919 0.911771 -0.224109
v 0.222799 0.694584 -0.585264
v 0.360036 0.657682 -0.550131
v 0.127574 0.492709 -0.729530
v 0.112247 0.670985 -0.637877
v 0.103691 0.819404 -0.472642
v -0.222799 0.694584 -0.585264
v -0.293863 0.484866 -0.674934
v -0.103691 0.819404 -0.472642
v -0.112247 0.670985 -0.637877
v 0.615610 0.581155 0.224788
v -0.615610 0.581155 0.224788
v 0.689493 0.636780 0.053929
v -0.689493 0.636780 0.053929
v -0.656999 0.707004 -0.081509
v 0.744017 0.613052 -0.134125
v 0.750937 0.587165 -0.226435
v 0.698786 0.634029 -0.286038
v -0.744017 0.613052 -0.134125
v -0.704692 0.582027 -0.356273
v 0.705421 0.354175 -0.455144
v 0.588242 0.526193 -0.497702
v 0.626089 0.605039 -0.424476
v -0.705420 0.354175 -0.455143
v -0.647519 0.455790 -0.483018
v 0.618660 0.395859 -0.523959
v -0.618659 0.395859 -0.523959
v 0.562163 0.774231 -0.235636
v 0.454428 0.857745 -0.078253
v -0.562163 0.774231 -0.235636
v -0.454428 0.857745 -0.078253
v 0.522033 0.783477 0.069979
v -0.522033 0.783477 0.069979
v 0.423942 0.639505 0.340418
v -0.525202 0.693849 0.193807
v -0.423942 0.639505 0.340418
v 0.490655 0.540593 0.415048
v 0.662994 0.452323 0.416393
v -0.595710 0.494160 0.389727
v -0.467589 0.543864 0.541405
v 0.246289 0.717630 0.349708
v 0.079813 0.586738 0.501428
v -0.343515 0.637814 0.392774
v -0.173578 0.615354 0.466411
v -0.043487 0.700103 0.392689
v 0.229390 0.612095 0.627321
v 0.286498 0.579660 0.594950
v -0.149636 0.519426 0.620867
v 0.289615 0.540733 0.559345
v 0.172962 0.520227 0.562304
v -0.289615 0.540733 0.559345
v -0.172962 0.520227 0.562304
v -0.410213 0.540356 0.468511
v -0.398630 0.535225 0.515773
v 0.090890 0.487015 0.601318
v 0.047620 0.473592 0.605869
v -0.047620 0.473592 0.605869
v 0.777565 0.388765 0.192770
v 0.740411 0.406139 0.304557
v 0.768224 0.351990 0.374920
v -0.780206 0.235808 0.325743
v -0.784422 0.294140 0.314914
v -0.741023 0.396085 0.362934
v -0.795331 0.320338 0.192522
v 0.786355 0.438718 0.098064
v 0.759765 0.496116 0.128475
v -0.759765 0.496116 0.128475
v -0.786355 0.438717 0.098064
v 0.813205 0.417349 -0.127656
v 0.777290 0.548688 -0.064143
v 0.763305 0.551010 0.038653
v -0.813206 0.417349 -0.127656
v -0.822390 0.305882 -0.050725
v -0.777290 0.548688 -0.064143
v 0.755702 0.459200 -0.359738
v 0.793633 0.472481 -0.230871
v -0.805470 0.403358 -0.269160
v -0.788316 0.397102 -0.327609
v -0.733198 0.413705 -0.414567
v -0.299621 -0.290955 0.001674
v -0.341576 -0.254332 0.093401
v 0.584935 -0.102595 0.011906
v 0.577473 -0.118985 -0.049927
v 0.501140 -0.153833 -0.036629
v 0.463057 -0.113849 0.323115
v -0.463057 -0.113849 0.323115
v 0.307342 -0.169192 0.462046
v 0.327777 -0.183562 0.403839
v 0.271721 -0.241281 0.410583
v -0.271721 -0.241281 0.410583
v -0.327777 -0.183562 0.403839
v -0.307342 -0.169192 0.462046
v 0.301448 -0.258704 0.266594
v -0.256641 -0.317579 0.229494
v 0.562598 0.080825 -0.496488
v 0.625103 0.236183 -0.511427
v 0.606692 0.010808 -0.418952
v -0.562598 0.080825 -0.496488
v -0.625103 0.236183 -0.511427
v -0.606692 0.010808 -0.418952
v 0.411660 0.299743 -0.647260
v -0.450963 0.065954 -0.565810
v -0.539612 0.325316 -0.577902
v 0.573339 -0.080382 -0.294882
v 0.521798 -0.069533 -0.351020
v -0.527043 -0.126935 -0.208448
v -0.580434 -0.118105 -0.169066
v -0.532467 -0.008380 -0.435457
v 0.419389 -0.141046 -0.344646
v 0.456571 -0.014615 -0.499282
v 0.414144 -0.178804 -0.241175
v -0.381390 -0.114737 -0.448429
v -0.338263 -0.241000 -0.194126
v 0.325561 0.054569 -0.633377
v 0.966451 0.408619 -0.278548
v 1.013156 0.411761 -0.298480
v 1.095817 0.429120 -0.346512
v -1.095817 0.429120 -0.346512
v 1.221212 0.397029 -0.403045
v -1.264193 0.363325 -0.416380
v -1.221212 0.397029 -0.403045
v 1.267388 0.182864 -0.421599
v 1.260793 0.283264 -0.414862
v 1.250155 0.098701 -0.427524
v -1.242561 0.176613 -0.410135
v -1.199461 0.089340 -0.398325
v 1.049162 -0.032249 -0.314278
v 1.067990 -0.040020 -0.343746
v -1.130016 0.015743 -0.363356
v 0.944884 -0.056974 -0.247422
v 0.835494 -0.098809 -0.200202
v 0.861089 -0.078470 -0.196595
v -0.861089 -0.078470 -0.196595
v -0.944883 -0.056974 -0.247422
v -0.873179 -0.104451 -0.242932
v -0.976942 -0.082770 -0.308794
v 0.976916 -0.030299 -0.276758
v -0.976916 -0.030299 -0.276758
v 1.174472 0.089348 -0.406167
v -1.226020 0.201843 -0.424717
v -1.207716 0.130208 -0.410882
v -1.238069 0.266970 -0.417840
v 1.170290 0.371526 -0.404527
v 1.224325 0.313355 -0.421005
v 1.206959 0.365518 -0.406342
v 1.063846 0.383226 -0.344075
v -1.122965 0.401357 -0.372201
v 0.995130 0.382287 -0.290266
v -0.995130 0.382287 -0.290266
v 0.699613 -0.024541 -0.027434
v 0.710670 -0.031100 -0.133823
v -0.721450 -0.006054 -0.074434
v 0.744470 -0.101479 -0.175431
v 0.812126 -0.060997 -0.180046
v 0.726912 -0.042403 -0.158165
v -0.707481 -0.086367 -0.150096
v -0.750330 -0.063884 -0.161793
v 0.761722 0.083973 -0.016058
v 0.872670 0.323834 -0.220540
v 0.867809 0.360899 -0.238465
v -0.872670 0.323834 -0.220540
v -0.867809 0.360899 -0.238465
v 0.868030 -0.017554 -0.256179
v 0.886742 -0.033342 -0.234431
v -0.868030 -0.017554 -0.256179
v -0.886742 -0.033342 -0.234431
v 0.765243 0.006417 -0.211684
v 0.768744 -0.023264 -0.198894
v 0.791763 0.071250 -0.269966
v -0.791763 0.071250 -0.269966
v 0.819521 0.219025 -0.214764
v 0.779028 0.093190 -0.259006
v -0.819521 0.219025 -0.214764
v -0.875937 0.257893 -0.254684
v -0.922478 0.334801 -0.251956
v 0.836964 0.283223 -0.197288
v -0.836964 0.283223 -0.197288
v 0.754009 0.047854 -0.207527
v 0.783942 0.149578 -0.087295
v -0.773917 0.122442 -0.177364
v -0.739349 0.030432 -0.170464
v 0.827947 0.158178 -0.289142
v -0.892430 0.242301 -0.287214
v -0.816022 0.082354 -0.301338
v 0.836089 0.053614 -0.303784
v -0.827845 0.023431 -0.284596
v 0.835831 0.002235 -0.291735
v -0.835831 0.002235 -0.291735
v 0.912970 -0.006745 -0.295445
v -0.852805 -0.005544 -0.287499
v 0.969727 0.306354 -0.326522
v 0.970947 0.279105 -0.348154
v -0.969727 0.306354 -0.326522
v -0.970947 0.279105 -0.348154
v 1.045665 0.350042 -0.357311
v -1.045665 0.350042 -0.357311
v 1.171587 0.337715 -0.430039
v -1.171587 0.337715 -0.430039
v 1.219872 0.221481 -0.443103
v 1.205182 0.177646 -0.462892
v -1.219872 0.221481 -0.443103
v -1.205182 0.177646 -0.462892
v -1.202426 0.147771 -0.451681
v 1.046393 0.014122 -0.373671
v 1.134556 0.070049 -0.424541
v -1.088546 0.031900 -0.384495
v -1.176660 0.105947 -0.429825
v 0.987474 0.000902 -0.335404
v -0.878113 0.064789 -0.324036
v 1.042986 0.223369 -0.382347
v -0.992758 0.175672 -0.363728
v -0.950486 0.180462 -0.347141
v 0.936471 0.228354 -0.336889
v -0.936471 0.228354 -0.336889
v 0.869819 0.174059 -0.317068
v -0.869819 0.174059 -0.317068
v 0.901726 0.035379 -0.318500
v -0.863614 0.004138 -0.302511
v 0.978864 0.042371 -0.353317
v 1.006424 0.015110 -0.362748
v -0.978864 0.042371 -0.353317
v -1.006424 0.015110 -0.362748
v 1.022399 0.098813 -0.380872
v -1.097695 0.104169 -0.418130
v -1.103137 0.170230 -0.412835
v -1.165930 0.197681 -0.442296
v 1.123168 0.294420 -0.428195
v 1.062719 0.279488 -0.397119
v 0.999335 -0.073512 -0.359762
v -0.999335 -0.073512 -0.359762
v 1.201653 0.034288 -0.444443
v 1.172736 0.032274 -0.459458
v 1.070783 0.021724 -0.448746
v 1.176763 0.013134 -0.411534
v -1.070783 0.021724 -0.448746
v -1.172737 0.032274 -0.459458
v -1.201653 0.034288 -0.444443
v -1.176763 0.013134 -0.411534
v 1.317755 0.267765 -0.473812
v -1.308383 0.290856 -0.445754
v 1.245113 0.413542 -0.467643
v -1.283374 0.385769 -0.463256
v -1.288230 0.364674 -0.437106
v -1.200524 0.444283 -0.435940
v 1.072611 0.453789 -0.369595
v -1.120763 0.448305 -0.421175
v -1.093915 0.414514 -0.442175
v 0.888318 0.364200 -0.344728
v 0.990288 0.432738 -0.321081
v 0.935119 0.314271 -0.405850
v -0.888318 0.364200 -0.344728
v -0.935118 0.314271 -0.405850
v 0.893555 0.027998 -0.387359
v 0.918868 0.137790 -0.409545
v -1.003410 0.235417 -0.442284
v 1.182317 0.357841 -0.492227
v 1.161287 0.131367 -0.492527
v 1.228285 0.134704 -0.498966
v -1.161286 0.131367 -0.492527
v -1.228285 0.134704 -0.498966
v 1.292325 0.297760 -0.509542
v 1.307038 0.325181 -0.491380
v 0.833569 0.342539 -0.249571
v -0.863693 0.366499 -0.270021
v -0.815503 0.322311 -0.346965
v -0.833569 0.342539 -0.249571
v -0.914232 0.395473 -0.314030
v 0.827495 0.167850 -0.386362
v 0.796769 0.264349 -0.378776
v -0.827495 0.167850 -0.386362
v -0.796769 0.264349 -0.378776
v 0.690438 -0.102175 -0.204140
v 0.702134 -0.029215 -0.352903
v 0.777466 -0.104444 -0.247741
v 0.780633 -0.087555 -0.288657
v -0.702134 -0.029215 -0.352903
v -0.780633 -0.087555 -0.288657
v -0.690438 -0.102175 -0.204140
vn 0.7194 -0.3015 0.6257
vn 0.7022 -0.4207 0.5744
vn 0.7705 -0.2699 0.5775
vn -0.6941 -0.4231 0.5824
vn -0.7194 -0.3015 0.6257
vn -0.7672 -0.2561 0.5880
vn 0.8297 -0.1818 0.5278
vn 0.8410 -0.2614 0.4737
vn 0.8909 -0.0864 0.4459
vn 0.6984 -0.4743 0.5361
vn 0.6972 -0.5391 0.4725
vn 0.7817 -0.3742 0.4989
vn -0.7145 -0.5271 0.4601
vn -0.6984 -0.4743 0.5361
vn -0.7817 -0.3742 0.4989
vn -0.8618 -0.2433 0.4452
vn -0.8297 -0.1818 0.5278
vn -0.8940 -0.0932 0.4382
vn 0.5814 -0.6189 0.5282
vn 0.5042 -0.7368 0.4504
vn 0.6202 -0.6487 0.4411
vn 0.2781 -0.8026 0.5277
vn 0.1987 -0.8718 0.4478
vn 0.3593 -0.8199 0.4458
vn -0.2090 -0.8764 0.4339
vn -0.2781 -0.8026 0.5277
vn -0.3593 -0.8199 0.4458
vn -0.4955 -0.7361 0.4611
vn -0.5814 -0.6189 0.5282
vn -0.6312 -0.6253 0.4588
vn -0.2595 -0.6422 0.7212
vn -0.4200 -0.5817 0.6966
vn -0.2550 -0.7145 0.6515
vn 0.1647 -0.6512 0.7409
vn 0.0091 -0.7331 0.6801
vn 0.1849 -0.7438 0.6423
vn 0.4200 -0.5817 0.6966
vn 0.2595 -0.6422 0.7212
vn 0.2016 -0.7050 0.6799
vn 0.0028 -0.7171 0.6970
vn -0.1647 -0.6511 0.7409
vn -0.2024 -0.7334 0.6490
vn -0.0877 -0.8279 0.5539
vn -0.1630 -0.8789 0.4482
vn 0.0413 -0.8877 0.4586
vn -0.2766 -0.7667 0.5793
vn -0.4535 -0.7395 0.4974
vn -0.3156 -0.8441 0.4334
vn 0.4535 -0.7395 0.4974
vn 0.2766 -0.7667 0.5793
vn 0.2834 -0.8432 0.4569
vn 0.1449 -0.8954 0.4211
vn 0.0877 -0.8279 0.5539
vn -0.0413 -0.8877 0.4586
vn -0.5931 -0.5317 0.6046
vn -0.7104 -0.4774 0.5170
vn -0.6031 -0.6246 0.4962
vn -0.8189 -0.0977 0.5655
vn -0.7855 -0.3079 0.5368
vn -0.7664 -0.1647 0.6209
vn 0.7096 -0.4716 0.5235
vn 0.5931 -0.5317 0.6046
vn 0.5881 -0.6288 0.5087
vn -0.5599 -0.3000 0.7724
vn -0.6206 -0.1050 0.7771
vn -0.6496 -0.1533 0.7447
vn -0.5612 -0.3461 0.7519
vn -0.6606 -0.2504 0.7077
vn -0.5765 -0.4357 0.6913
vn 0.6346 -0.0952 0.7670
vn 0.5599 -0.3000 0.7724
vn 0.6496 -0.1533 0.7447
vn 0.6520 -0.2340 0.7212
vn 0.5612 -0.3461 0.7519
vn 0.5545 -0.4429 0.7046
vn -0.6320 0.1916 0.7509
vn -0.6767 0.1989 0.7089
vn -0.6661 0.0853 0.7410
vn -0.6811 0.0660 0.7292
vn -0.6956 0.1802 0.6955
vn -0.7131 0.0018 0.7011
vn -0.4551 0.5169 0.7250
vn -0.5769 0.4215 0.6996
vn -0.5636 0.3375 0.7540
vn 0.6767 0.1989 0.7089
vn 0.6336 0.2049 0.7460
vn 0.6661 0.0853 0.7410
vn 0.6956 0.1802 0.6955
vn 0.6811 0.0660 0.7292
vn 0.7119 0.0008 0.7023
vn -0.7300 0.1871 0.6574
vn -0.8017 0.0641 0.5943
vn -0.7438 -0.0066 0.6684
vn -0.3906 0.6514 0.6505
vn -0.5365 0.6232 0.5690
vn -0.5565 0.4849 0.6746
vn 0.6705 0.4134 0.6161
vn 0.7546 0.3688 0.5428
vn 0.6496 0.5328 0.5423
vn 0.7324 0.1931 0.6529
vn 0.7904 0.0413 0.6112
vn 0.8032 0.2179 0.5544
vn 0.1162 0.7876 0.6051
vn 0.0145 0.8452 0.5343
vn -0.1039 0.7821 0.6144
vn 0.1545 0.7957 0.5856
vn 0.2361 0.8377 0.4925
vn 0.0358 0.8606 0.5080
vn 0.3673 0.7099 0.6009
vn 0.5183 0.6639 0.5391
vn 0.3888 0.7881 0.4772
vn -0.0418 0.7211 0.6916
vn -0.1848 0.6982 0.6916
vn -0.2343 0.6359 0.7354
vn 0.1161 0.7766 0.6192
vn -0.0972 0.7563 0.6470
vn 0.0348 0.7470 0.6639
vn 0.4216 0.5792 0.6977
vn 0.5705 0.4930 0.6569
vn 0.3900 0.6510 0.6513
vn 0.3873 0.6554 0.6485
vn 0.2783 0.7048 0.6525
vn 0.2094 0.6906 0.6923
vn -0.4504 0.6329 0.6297
vn -0.3784 0.7098 0.5941
vn -0.5199 0.6220 0.5855
vn 0.5247 0.6485 0.5515
vn 0.4257 0.7413 0.5189
vn 0.3575 0.7247 0.5891
vn -0.5487 0.6330 0.5461
vn -0.4461 0.7395 0.5041
vn -0.5851 0.6690 0.4584
vn -0.2299 0.7996 0.5548
vn -0.1284 0.8603 0.4934
vn -0.2978 0.8266 0.4775
vn 0.7834 0.2750 0.5573
vn 0.7956 0.3578 0.4889
vn 0.7017 0.4444 0.5569
vn 0.8205 -0.0660 0.5679
vn 0.8782 0.0186 0.4780
vn 0.8295 0.1154 0.5464
vn -0.8374 0.1835 0.5149
vn -0.8503 0.2586 0.4584
vn -0.8845 0.0880 0.4581
vn -0.6902 0.4910 0.5316
vn -0.6850 0.5600 0.4660
vn -0.7893 0.3957 0.4695
vn 0.6768 0.3384 0.6538
vn 0.6139 0.4907 0.6183
vn 0.5259 0.5296 0.6655
vn -0.7580 0.0855 0.6466
vn -0.7931 0.1414 0.5924
vn -0.7840 -0.0594 0.6180
vn -0.7199 0.2851 0.6328
vn -0.6970 0.4256 0.5771
vn -0.7699 0.2605 0.5826
vn -0.5511 0.5595 0.6190
vn -0.6741 0.3368 0.6574
vn -0.4413 0.3869 0.8097
vn 0.2056 0.7892 0.5787
vn 0.3648 0.5223 0.7708
vn 0.3871 0.6941 0.6070
vn -0.2990 0.7114 0.6360
vn -0.0550 0.5581 0.8279
vn -0.0875 0.7983 0.5959
vn -0.0540 0.7600 0.6477
vn -0.2690 0.4671 0.8423
vn -0.0646 0.4864 0.8713
vn -0.4501 0.2986 0.8416
vn -0.4678 0.5269 0.7096
vn -0.6083 0.3804 0.6966
vn -0.7636 0.0994 0.6380
vn -0.5635 0.2000 0.8015
vn -0.7031 0.2105 0.6793
vn -0.2829 0.2870 0.9152
vn -0.0903 0.3319 0.9390
vn -0.3767 0.5680 0.7318
vn -0.5075 -0.4504 0.7346
vn -0.2049 -0.4273 0.8806
vn -0.3464 -0.3018 0.8882
vn -0.7372 0.0282 0.6751
vn -0.4658 -0.1193 0.8768
vn -0.4773 0.0868 0.8744
vn 0.2049 -0.4273 0.8806
vn 0.4735 -0.5232 0.7086
vn 0.3464 -0.3018 0.8882
vn 0.4658 -0.1193 0.8768
vn 0.7365 -0.0819 0.6715
vn 0.4773 0.0868 0.8744
vn 0.6515 -0.2951 0.6989
vn 0.4252 -0.0845 0.9012
vn 0.3815 -0.3292 0.8638
vn 0.2236 -0.0953 0.9700
vn 0.1101 -0.2953 0.9491
vn 0.3824 -0.3159 0.8683
vn -0.1200 -0.3201 0.9398
vn -0.2236 -0.0953 0.9700
vn -0.3824 -0.3159 0.8683
vn -0.0391 -0.2617 0.9644
vn 0.0813 -0.0566 0.9951
vn -0.1367 -0.1299 0.9821
vn -0.1078 0.1134 0.9877
vn 0.0852 0.0510 0.9951
vn 0.0359 0.1993 0.9793
vn 0.1427 -0.1035 0.9843
vn 0.1281 0.0776 0.9887
vn -0.0595 -0.0006 0.9982
vn -0.0852 0.0510 0.9951
vn 0.1076 0.1125 0.9878
vn -0.0359 0.1993 0.9793
vn -0.6626 0.2864 0.6921
vn -0.4119 0.0689 0.9086
vn -0.3821 0.2011 0.9020
vn 0.0982 -0.8752 0.4737
vn 0.0276 -0.9558 0.2929
vn 0.0826 -0.9847 0.1533
vn 0.6394 -0.6428 0.4218
vn 0.3345 -0.8157 0.4719
vn 0.3403 -0.9320 0.1249
vn 0.2147 -0.8975 0.3853
vn 0.1375 -0.9793 0.1488
vn 0.2018 -0.9773 0.0639
vn -0.2090 -0.7798 0.5901
vn -0.1253 -0.8157 0.5648
vn -0.1534 -0.7220 0.6746
vn -0.2009 -0.8811 0.4281
vn -0.1186 -0.9731 0.1977
vn -0.1129 -0.8705 0.4790
vn 0.6536 -0.1685 0.7378
vn 0.4905 -0.3744 0.7869
vn 0.6372 -0.4342 0.6368
vn 0.4408 -0.4628 0.7691
vn 0.3463 -0.6939 0.6313
vn 0.6163 -0.4727 0.6298
vn -0.4905 -0.3744 0.7869
vn -0.6536 -0.1685 0.7378
vn -0.6372 -0.4342 0.6368
vn 0.9573 -0.0048 0.2891
vn 0.8029 -0.0850 0.5900
vn 0.8229 -0.2990 0.4831
vn -0.8029 -0.0850 0.5900
vn -0.9556 -0.0023 0.2948
vn -0.8229 -0.2990 0.4831
vn 0.8294 0.0272 0.5580
vn 0.9463 0.0611 0.3174
vn 0.9039 0.1197 0.4106
vn 0.3889 -0.8769 0.2826
vn 0.3972 -0.8734 0.2819
vn 0.3728 -0.8593 0.3501
vn -0.3972 -0.8734 0.2819
vn -0.3887 -0.8768 0.2832
vn -0.3957 -0.8397 0.3719
vn 0.4177 -0.7628 0.4936
vn 0.4200 -0.7014 0.5759
vn 0.4313 -0.7273 0.5338
vn -0.4200 -0.7014 0.5759
vn -0.3907 -0.7562 0.5249
vn -0.4173 -0.7609 0.4969
vn 0.8159 -0.4257 0.3912
vn 0.6425 -0.3867 0.6616
vn 0.7238 -0.6022 0.3369
vn -0.7980 -0.4512 0.3995
vn -0.6469 -0.4323 0.6282
vn -0.7195 -0.3560 0.5963
vn 0.9861 -0.0486 0.1591
vn 0.7927 -0.2889 0.5368
vn 0.8979 -0.3288 0.2927
vn 0.7800 0.2941 0.5524
vn 0.7599 -0.1884 0.6221
vn 0.9819 0.0507 0.1825
vn -0.6925 0.3178 0.6476
vn -0.6573 -0.1928 0.7285
vn -0.5238 0.0558 0.8500
vn 0.5265 0.7218 0.4493
vn 0.5126 0.4746 0.7155
vn 0.5939 0.6141 0.5198
vn 0.3563 0.1818 0.9165
vn 0.2320 -0.1448 0.9619
vn 0.4539 0.2247 0.8622
vn 0.4940 0.6015 0.6278
vn 0.5339 0.4893 0.6896
vn 0.5603 0.7335 0.3847
vn -0.4995 0.8466 0.1838
vn -0.5594 0.7736 0.2978
vn -0.4948 0.6395 0.5885
vn -0.0267 0.3251 0.9453
vn 0.2783 0.2502 0.9273
vn 0.3302 0.5345 0.7779
vn -0.0542 0.9743 0.2186
vn 0.2282 0.7192 0.6563
vn 0.3620 0.9248 0.1173
vn -0.7530 0.6549 -0.0635
vn -0.6802 0.6247 0.3837
vn -0.4762 0.8732 0.1032
vn 0.4683 0.7150 0.5190
vn -0.1348 0.8218 0.5536
vn 0.1039 0.4110 0.9057
vn 0.2665 0.9007 0.3432
vn -0.1453 0.6167 0.7737
vn 0.3808 0.5999 0.7036
vn 0.0981 0.1409 0.9852
vn -0.1787 -0.1009 0.9787
vn -0.0563 -0.0426 0.9975
vn 0.0066 0.2492 0.9684
vn -0.2529 0.1621 0.9538
vn -0.1415 -0.1259 0.9819
vn -0.8408 0.5361 0.0750
vn -0.7651 0.5290 0.3671
vn -0.8169 0.5765 -0.0211
vn -0.6228 0.4186 0.6610
vn -0.3819 0.3254 0.8650
vn -0.6193 0.5252 0.5837
vn -0.4546 0.2620 0.8513
vn -0.1317 0.0489 0.9901
vn -0.3335 0.2742 0.9020
vn 0.8238 0.5594 0.0923
vn 0.7743 0.5490 0.3148
vn 0.7889 0.4861 0.3759
vn -0.3154 0.9158 0.2484
vn -0.5717 0.7358 0.3629
vn -0.6097 0.7763 0.1602
vn -0.2251 0.2104 0.9513
vn 0.0365 -0.0726 0.9967
vn -0.2288 0.2663 0.9363
vn 0.3947 0.6722 0.6263
vn 0.5512 0.4712 0.6886
vn 0.3201 0.2762 0.9062
vn 0.3819 0.2650 0.8854
vn 0.1180 0.0167 0.9929
vn 0.0674 -0.1023 0.9925
vn 0.2508 -0.2600 0.9325
vn 0.2721 -0.3231 0.9064
vn 0.3085 -0.2572 0.9158
vn -0.3041 -0.2561 0.9176
vn -0.2039 -0.2065 0.9570
vn -0.2420 -0.2795 0.9291
vn 0.2747 0.0401 0.9607
vn 0.1678 -0.1615 0.9725
vn 0.1924 -0.1925 0.9623
vn -0.1216 -0.3282 0.9367
vn -0.1319 -0.3194 0.9384
vn -0.1134 -0.3610 0.9257
vn -0.1197 -0.3038 0.9452
vn -0.1758 -0.2773 0.9446
vn -0.1694 -0.3311 0.9282
vn 0.1025 -0.3676 0.9243
vn 0.1221 -0.3628 0.9238
vn 0.1346 -0.3744 0.9174
vn -0.1274 -0.3610 0.9238
vn -0.1025 -0.3676 0.9243
vn -0.1346 -0.3744 0.9174
vn 0.1797 -0.3216 0.9297
vn 0.4976 0.0230 0.8671
vn 0.1946 -0.2833 0.9391
vn -0.4651 0.0215 0.8850
vn -0.3114 -0.2900 0.9050
vn -0.1946 -0.2833 0.9391
vn 0.6203 -0.3123 0.7195
vn 0.3905 -0.2525 0.8853
vn 0.5589 -0.3511 0.7512
vn 0.6014 -0.2499 0.7588
vn 0.5095 0.0319 0.8599
vn 0.3856 -0.3140 0.8676
vn -0.5530 -0.3496 0.7563
vn -0.4622 -0.2879 0.8387
vn -0.4916 -0.2084 0.8455
vn -0.3586 -0.1667 0.9185
vn -0.2914 -0.1231 0.9486
vn -0.2190 -0.1270 0.9674
vn 0.4330 -0.6143 0.6597
vn 0.4320 -0.4051 0.8058
vn 0.4349 -0.5487 0.7140
vn 0.4690 -0.4894 0.7352
vn 0.4303 -0.3155 0.8458
vn 0.3938 -0.4094 0.8230
vn -0.4097 -0.4639 0.7855
vn -0.3960 -0.4003 0.8264
vn -0.4717 -0.5323 0.7029
vn 0.4543 -0.4526 0.7673
vn 0.3412 -0.3314 0.8796
vn 0.2918 -0.2186 0.9312
vn -0.1892 -0.1988 0.9616
vn -0.2661 -0.2663 0.9264
vn -0.2121 -0.2333 0.9490
vn -0.2404 -0.1775 0.9543
vn -0.1766 -0.1176 0.9772
vn -0.1935 -0.1639 0.9673
vn 0.0978 -0.7143 0.6930
vn -0.0851 -0.7131 0.6959
vn 0.0387 -0.7826 0.6213
vn 0.0851 -0.7131 0.6959
vn -0.0889 -0.7000 0.7086
vn -0.0387 -0.7826 0.6213
vn 0.2221 -0.4093 0.8849
vn 0.1968 -0.5938 0.7802
vn 0.3298 -0.4632 0.8226
vn -0.2041 -0.6007 0.7729
vn -0.2030 -0.4302 0.8796
vn -0.3298 -0.4632 0.8226
vn 0.3797 -0.2772 0.8826
vn 0.4031 -0.1174 0.9076
vn 0.2698 -0.1299 0.9541
vn 0.2208 -0.3141 0.9233
vn 0.3703 -0.2868 0.8835
vn 0.2772 -0.1464 0.9496
vn 0.2857 -0.0339 0.9577
vn 0.2146 -0.0647 0.9745
vn 0.3413 -0.0521 0.9385
vn 0.2751 -0.0334 0.9608
vn 0.1918 -0.0389 0.9807
vn 0.3107 -0.0668 0.9482
vn -0.2248 -0.0669 0.9721
vn -0.2857 -0.0339 0.9577
vn -0.3460 -0.0491 0.9370
vn -0.1939 -0.0347 0.9804
vn -0.2751 -0.0334 0.9608
vn -0.3107 -0.0668 0.9482
vn 0.4226 -0.2720 0.8645
vn 0.6211 -0.1432 0.7706
vn 0.4353 -0.1133 0.8931
vn -0.6231 -0.1503 0.7676
vn -0.4565 -0.2878 0.8419
vn -0.4353 -0.1133 0.8931
vn 0.0879 -0.1047 0.9906
vn 0.0702 -0.0387 0.9968
vn 0.1174 -0.0844 0.9895
vn 0.1370 -0.0489 0.9894
vn -0.0600 -0.1739 0.9829
vn 0.0829 -0.1515 0.9850
vn 0.0481 -0.0537 0.9974
vn -0.0708 -0.0878 0.9936
vn 0.1553 -0.1464 0.9770
vn -0.0365 -0.0523 0.9980
vn 0.0751 -0.0865 0.9934
vn -0.0774 -0.0756 0.9941
vn 0.8952 -0.4399 0.0720
vn 0.8423 -0.3796 0.3826
vn 0.7717 -0.5908 0.2355
vn -0.7712 -0.4878 0.4090
vn -0.9123 -0.3586 0.1978
vn -0.7717 -0.5908 0.2355
vn 0.8460 0.4517 0.2831
vn 0.9528 0.2771 0.1239
vn 0.7748 0.6042 0.1858
vn 0.0614 0.9347 0.3500
vn 0.4052 0.8386 0.3641
vn 0.1534 0.7673 0.6227
vn 0.2678 0.8574 0.4395
vn 0.6203 0.6334 0.4626
vn 0.6712 0.6685 0.3202
vn -0.5254 0.6339 0.5675
vn -0.6654 0.5684 0.4839
vn -0.6303 0.6675 0.3965
vn -0.0008 0.9640 0.2660
vn -0.3536 0.8186 0.4527
vn -0.5636 0.7353 0.3764
vn 0.1883 0.4473 0.8743
vn -0.2076 0.2277 0.9513
vn 0.0405 0.0916 0.9950
vn 0.3504 0.6811 0.6429
vn 0.1534 0.6751 0.7216
vn 0.1116 0.8498 0.5151
vn 0.3536 0.8186 0.4527
vn -0.0439 0.9733 0.2254
vn 0.5645 0.7348 0.3760
vn 0.6131 0.6716 0.4161
vn 0.0162 0.6908 0.7229
vn 0.5221 0.5240 0.6729
vn 0.1685 0.1365 0.9762
vn -0.1883 0.4473 0.8743
vn -0.0405 0.0916 0.9950
vn 0.5527 -0.5972 0.5813
vn 0.3559 -0.6484 0.6730
vn 0.2907 -0.4966 0.8179
vn 0.1534 -0.6590 0.7363
vn -0.0637 -0.5905 0.8045
vn 0.2199 -0.4242 0.8785
vn -0.5766 -0.6737 0.4623
vn -0.3481 -0.6777 0.6478
vn -0.5502 -0.5672 0.6128
vn -0.1900 -0.5919 0.7833
vn -0.2205 -0.4243 0.8783
vn -0.2127 -0.6909 0.6910
vn 0.0214 0.4373 0.8991
vn -0.0629 0.7425 0.6669
vn -0.3655 0.4256 0.8278
vn 0.2470 0.0309 0.9685
vn 0.7088 -0.2339 0.6655
vn 0.6466 0.2641 0.7156
vn 0.0500 0.0402 0.9979
vn 0.0432 0.4768 0.8779
vn -0.0120 0.2323 0.9726
vn -0.0758 -0.2249 0.9714
vn -0.0039 -0.1470 0.9891
vn -0.1296 -0.0496 0.9903
vn -0.0063 -0.3285 0.9445
vn 0.1968 -0.5845 0.7871
vn 0.1130 -0.2896 0.9504
vn -0.2080 -0.5817 0.7863
vn -0.0218 -0.4723 0.8812
vn -0.1130 -0.2896 0.9504
vn -0.0580 0.1563 0.9860
vn -0.0102 0.0464 0.9989
vn -0.0646 0.0677 0.9956
vn -0.0638 0.0667 0.9957
vn -0.0092 0.0423 0.9991
vn -0.0962 0.0027 0.9954
vn 0.0020 0.0129 0.9999
vn -0.0884 -0.0102 0.9960
vn 0.0662 -0.0795 0.9946
vn 0.0102 0.0464 0.9989
vn -0.0127 0.1760 0.9843
vn 0.0646 0.0677 0.9956
vn 0.0384 0.0023 0.9993
vn 0.0638 0.0667 0.9957
vn 0.0962 0.0027 0.9954
vn 0.0262 -0.0633 0.9977
vn -0.0020 0.0129 0.9999
vn -0.0662 -0.0795 0.9946
vn 0.7048 -0.1004 0.7022
vn 0.5952 -0.3544 0.7212
vn 0.6563 -0.1868 0.7310
vn 0.2169 0.0269 0.9758
vn 0.2885 -0.0704 0.9549
vn 0.1380 -0.0556 0.9889
vn -0.5351 -0.0807 0.8409
vn -0.4137 -0.0865 0.9063
vn -0.5391 -0.2427 0.8065
vn -0.2885 -0.0704 0.9549
vn -0.2150 0.0158 0.9765
vn -0.1380 -0.0556 0.9889
vn 0.3693 -0.2041 0.9066
vn 0.2570 -0.0763 0.9634
vn 0.3805 -0.2092 0.9008
vn 0.5375 -0.0573 0.8413
vn 0.6905 0.0112 0.7233
vn 0.6272 -0.1860 0.7563
vn 0.1961 -0.0405 0.9798
vn 0.2745 -0.0330 0.9610
vn 0.3074 -0.0706 0.9490
vn -0.4388 0.0253 0.8982
vn -0.6200 0.0757 0.7810
vn -0.5833 0.0484 0.8108
vn 0.8021 0.1767 0.5705
vn 0.7676 0.1119 0.6311
vn 0.8632 0.1526 0.4812
vn 0.8092 0.1755 0.5606
vn 0.8509 0.1720 0.4964
vn 0.7594 0.1127 0.6408
vn 0.8412 0.2202 0.4939
vn 0.8816 0.0730 0.4663
vn 0.8267 0.2241 0.5162
vn 0.8419 -0.4959 0.2127
vn 0.9360 -0.0773 0.3435
vn 0.9167 -0.1781 0.3577
vn -0.9360 -0.0773 0.3435
vn -0.8419 -0.4959 0.2127
vn -0.9167 -0.1781 0.3577
vn -0.5264 -0.8010 0.2850
vn -0.5609 -0.7849 0.2633
vn -0.9095 -0.4065 0.0872
vn -0.2120 -0.1649 0.9633
vn -0.6592 -0.0378 0.7510
vn 0.0106 -0.2956 0.9553
vn -0.0128 -0.2177 0.9759
vn -0.5861 0.3519 0.7298
vn -0.2751 0.0953 0.9567
vn 0.1226 -0.5868 0.8004
vn 0.0961 -0.4285 0.8984
vn -0.1363 -0.3381 0.9312
vn -0.0961 -0.4285 0.8984
vn -0.1183 -0.5893 0.7992
vn 0.1363 -0.3381 0.9312
vn 0.4608 0.3431 0.8185
vn -0.0033 -0.3059 0.9521
vn 0.2751 0.0953 0.9567
vn -0.2201 0.7009 0.6784
vn 0.0960 0.5746 0.8128
vn -0.1956 0.4937 0.8473
vn -0.6860 0.6484 0.3300
vn -0.5875 0.3223 0.7423
vn -0.5262 0.6749 0.5174
vn 0.6628 0.2846 0.6926
vn 0.7282 0.5820 0.3620
vn 0.5262 0.6749 0.5174
vn -0.9024 0.3227 0.2854
vn -0.8524 -0.0110 0.5227
vn -0.6170 0.1242 0.7771
vn 0.8524 -0.0110 0.5227
vn 0.9024 0.3227 0.2854
vn 0.6247 0.2551 0.7381
vn -0.0939 -0.4873 0.8682
vn 0.0482 -0.8560 0.5148
vn 0.2335 -0.5790 0.7811
vn 0.0344 -0.7526 0.6576
vn -0.2332 -0.5058 0.8305
vn -0.0178 -0.8777 0.4788
vn 0.1264 -0.5049 0.8539
vn -0.0074 -0.8799 0.4750
vn -0.1181 -0.8631 0.4910
vn 0.0530 -0.4506 0.8912
vn -0.0552 -0.2306 0.9715
vn -0.2727 -0.4869 0.8298
vn -0.0695 0.2008 0.9772
vn -0.2985 0.6145 0.7303
vn -0.2501 0.1053 0.9625
vn 0.3537 0.6020 0.7159
vn 0.0695 0.2008 0.9772
vn 0.2501 0.1053 0.9625
vn 0.1714 -0.2564 0.9513
vn -0.0530 -0.4506 0.8912
vn 0.2278 -0.5643 0.7936
vn -0.1945 -0.1412 0.9707
vn -0.2479 -0.2607 0.9330
vn -0.0672 -0.0961 0.9931
vn 0.0159 -0.1082 0.9940
vn 0.0070 -0.0995 0.9950
vn -0.0286 -0.1064 0.9939
vn 0.2479 -0.2607 0.9330
vn 0.1945 -0.1412 0.9707
vn 0.0733 -0.1299 0.9888
vn -0.0070 -0.0995 0.9950
vn 0.0264 -0.0607 0.9978
vn 0.0286 -0.1064 0.9939
vn -0.0181 -0.0562 0.9983
vn 0.0938 -0.0944 0.9911
vn -0.1090 -0.0278 0.9937
vn -0.0092 -0.0282 0.9996
vn 0.0982 -0.0625 0.9932
vn 0.0624 -0.0344 0.9975
vn -0.1494 -0.1208 0.9814
vn -0.0974 -0.0781 0.9922
vn -0.1054 -0.1037 0.9890
vn 0.0426 -0.2813 0.9587
vn 0.0788 -0.0967 0.9922
vn -0.0221 -0.1771 0.9839
vn 0.0239 -0.4139 0.9100
vn 0.1237 -0.4720 0.8729
vn 0.0889 -0.2648 0.9602
vn -0.1237 -0.4720 0.8729
vn -0.0210 -0.5394 0.8418
vn -0.0754 -0.2782 0.9576
vn 0.2163 -0.4472 0.8679
vn 0.4102 -0.3438 0.8447
vn 0.2542 -0.2983 0.9200
vn -0.4102 -0.3438 0.8447
vn -0.3767 -0.5119 0.7721
vn -0.2079 -0.3907 0.8968
vn 0.4704 -0.2714 0.8397
vn 0.4148 -0.1170 0.9023
vn 0.4323 -0.2079 0.8775
vn -0.4148 -0.1170 0.9023
vn -0.4759 -0.2198 0.8516
vn -0.4323 -0.2079 0.8775
vn 0.3507 -0.0850 0.9326
vn 0.3067 -0.0631 0.9497
vn 0.3327 -0.0660 0.9407
vn -0.3067 -0.0631 0.9497
vn -0.3487 -0.0553 0.9356
vn -0.3327 -0.0660 0.9407
vn 0.2269 -0.1328 0.9648
vn 0.2730 -0.1326 0.9528
vn 0.2520 -0.1092 0.9616
vn 0.3546 -0.0069 0.9350
vn 0.3602 -0.1338 0.9232
vn 0.3935 -0.0355 0.9186
vn 0.2962 -0.1049 0.9493
vn 0.2991 -0.1452 0.9431
vn 0.3230 -0.0845 0.9426
vn -0.2730 -0.1326 0.9528
vn -0.2248 -0.1518 0.9625
vn -0.2638 -0.1108 0.9582
vn -0.3337 0.1829 0.9248
vn -0.4285 0.2323 0.8732
vn -0.3656 0.1755 0.9141
vn 0.2086 0.1180 0.9709
vn 0.0740 0.0865 0.9935
vn 0.2007 0.1341 0.9704
vn -0.0740 0.0864 0.9935
vn -0.1188 0.1934 0.9739
vn -0.2007 0.1341 0.9704
vn 0.1982 -0.2159 0.9561
vn 0.2153 -0.1331 0.9674
vn 0.1837 -0.1440 0.9724
vn 0.1930 -0.0493 0.9800
vn 0.1373 -0.0610 0.9886
vn 0.1615 -0.0072 0.9868
vn -0.2153 -0.1331 0.9674
vn -0.2166 -0.2126 0.9528
vn -0.1837 -0.1440 0.9724
vn -0.1442 -0.0653 0.9874
vn -0.1580 -0.1135 0.9809
vn -0.1615 -0.0073 0.9868
vn 0.2793 -0.2538 0.9261
vn 0.2628 -0.2978 0.9177
vn 0.1962 -0.3500 0.9160
vn 0.1713 -0.3157 0.9333
vn -0.0118 -0.7412 0.6712
vn -0.0212 -0.7240 0.6895
vn 0.0118 -0.7412 0.6712
vn -0.1801 -0.3459 0.9208
vn 0.0212 -0.7240 0.6895
vn -0.2493 -0.2579 0.9335
vn -0.0586 -0.5121 0.8569
vn 0.0065 -0.6932 0.7207
vn 0.2326 -0.8205 0.5221
vn -0.0266 -0.6020 0.7980
vn 0.0173 -0.7107 0.7033
vn -0.2303 -0.0074 0.9731
vn -0.3098 -0.2671 0.9125
vn -0.3552 -0.1023 0.9292
vn 0.1353 -0.5775 0.8051
vn 0.0689 -0.3196 0.9450
vn -0.0390 -0.4598 0.8872
vn 0.3098 -0.2672 0.9125
vn 0.2303 -0.0074 0.9731
vn 0.4218 -0.0332 0.9061
vn 0.0302 0.1875 0.9818
vn -0.2222 0.1253 0.9669
vn -0.1462 0.2252 0.9633
vn 0.2222 0.1253 0.9669
vn 0.0902 0.0235 0.9957
vn 0.1463 0.2252 0.9633
vn 0.2892 0.0702 0.9547
vn -0.3971 0.4859 0.7786
vn -0.1096 0.4106 0.9052
vn 0.3971 0.4858 0.7786
vn 0.0192 0.2436 0.9697
vn 0.1158 0.4432 0.8889
vn 0.2962 -0.0414 0.9542
vn 0.1257 0.3169 0.9401
vn 0.2474 0.0712 0.9663
vn -0.2601 0.6852 0.6803
vn 0.1010 0.4048 0.9088
vn 0.1563 0.2806 0.9470
vn -0.2285 0.1452 0.9627
vn -0.2422 0.3616 0.9003
vn -0.2026 0.3254 0.9236
vn 0.2223 -0.0919 0.9706
vn 0.2936 0.4147 0.8613
vn 0.2502 0.1324 0.9591
vn 0.2889 0.5397 0.7908
vn 0.3266 0.5154 0.7922
vn 0.2935 0.3400 0.8935
vn 0.3802 0.3968 0.8354
vn 0.3616 0.4764 0.8014
vn 0.4289 0.3890 0.8153
vn 0.2900 -0.2820 0.9146
vn 0.3945 -0.2795 0.8754
vn 0.2770 -0.2816 0.9187
vn -0.3945 -0.2795 0.8754
vn -0.3447 -0.2126 0.9143
vn -0.2683 -0.2677 0.9254
vn 0.4677 0.1276 0.8746
vn 0.4391 0.2529 0.8621
vn 0.4915 0.1109 0.8638
vn -0.4199 0.2280 0.8785
vn -0.3896 0.2431 0.8883
vn -0.4915 0.1109 0.8638
vn -0.7590 0.5212 -0.3901
vn -0.6864 0.6335 -0.3569
vn -0.7691 0.5599 -0.3081
vn -0.5823 0.7842 0.2143
vn 0.0610 0.9155 0.3976
vn -0.3253 0.9155 0.2368
vn 0.4905 0.8643 -0.1113
vn 0.3980 0.9127 0.0924
vn 0.4275 0.9039 -0.0095
vn 0.3953 0.9076 -0.1413
vn -0.5346 0.8161 0.2194
vn 0.2423 0.9621 0.1253
vn -0.8067 0.5358 -0.2494
vn -0.7789 0.4653 -0.4204
vn -0.7748 0.4986 -0.3887
vn -0.5555 0.4680 -0.6872
vn -0.5049 0.3940 -0.7680
vn -0.6331 0.4424 -0.6352
vn 0.7805 0.5567 -0.2844
vn 0.7377 0.4939 -0.4604
vn 0.6501 0.5386 -0.5359
vn 0.3246 0.9454 -0.0284
vn 0.1168 0.8998 -0.4204
vn -0.0944 0.9955 -0.0101
vn -0.0476 0.8658 -0.4982
vn -0.4819 0.7209 -0.4981
vn -0.3522 0.9195 -0.1747
vn -0.4808 0.8735 -0.0766
vn -0.5750 0.6877 -0.4431
vn -0.7370 0.6551 -0.1663
vn 0.0385 0.7965 -0.6034
vn 0.4329 0.6255 -0.6491
vn 0.2659 0.4836 -0.8339
vn 0.3676 0.8219 -0.4352
vn 0.2444 0.7805 -0.5754
vn 0.4492 0.8695 -0.2053
vn 0.1545 0.6906 -0.7065
vn -0.0641 0.5661 -0.8218
vn -0.1542 0.4605 -0.8742
vn -0.5318 0.8415 -0.0953
vn -0.5026 0.8543 -0.1325
vn -0.4980 0.8212 -0.2785
vn 0.0641 0.5661 -0.8218
vn -0.1425 0.6901 -0.7095
vn 0.1532 0.4712 -0.8686
vn 0.4222 0.8902 -0.1710
vn 0.4040 0.8925 -0.2007
vn 0.4822 0.8750 -0.0441
vn 0.4091 0.8842 -0.2253
vn 0.3594 0.8944 -0.2663
vn 0.3612 0.8671 -0.3430
vn -0.6025 0.7353 0.3103
vn -0.5203 0.8484 0.0973
vn -0.4806 0.8722 -0.0909
vn -0.4291 0.8780 -0.2122
vn -0.3463 0.9126 -0.2175
vn -0.4580 0.8557 -0.2408
vn 0.9022 0.4251 -0.0732
vn 0.5626 0.8119 -0.1559
vn 0.6963 0.6688 0.2605
vn 0.8652 0.4443 -0.2325
vn 0.6637 0.7188 -0.2071
vn 0.5640 0.8123 -0.1487
vn 0.9143 0.3125 -0.2577
vn 0.7680 0.5860 -0.2585
vn 0.9026 0.3576 -0.2397
vn -0.9607 -0.2776 -0.0002
vn -0.9808 -0.0951 -0.1700
vn -0.9797 -0.1997 -0.0161
vn -0.9672 -0.2503 0.0426
vn -0.9976 0.0143 -0.0675
vn -0.9884 0.0501 -0.1432
vn 0.8833 -0.4675 0.0335
vn 0.8493 -0.5278 -0.0128
vn 0.8838 -0.4677 0.0142
vn 0.6876 -0.7245 0.0478
vn 0.6067 -0.7933 0.0509
vn 0.7018 -0.7099 0.0597
vn -0.6067 -0.7933 0.0509
vn -0.6715 -0.7392 0.0525
vn -0.6879 -0.7243 0.0468
vn -0.8198 -0.5692 0.0628
vn -0.8833 -0.4675 0.0335
vn -0.8853 -0.4648 0.0155
vn 0.4721 -0.8795 0.0596
vn 0.4640 -0.8828 0.0729
vn 0.4880 -0.8718 0.0440
vn -0.4640 -0.8828 0.0729
vn -0.4493 -0.8919 0.0520
vn -0.4880 -0.8718 0.0440
vn 0.2161 -0.7916 -0.5715
vn 0.1732 -0.6597 -0.7313
vn 0.1612 -0.4200 -0.8931
vn 0.6060 -0.7573 -0.2437
vn 0.6892 -0.6372 -0.3448
vn 0.5829 -0.6314 -0.5114
vn 0.3622 -0.3333 -0.8705
vn 0.2798 -0.2089 -0.9370
vn 0.2544 -0.2173 -0.9424
vn -0.4487 -0.8426 -0.2978
vn -0.4373 -0.6205 -0.6509
vn -0.5430 -0.7773 -0.3177
vn -0.0815 -0.9384 -0.3358
vn -0.0995 -0.7376 -0.6679
vn -0.1159 -0.9354 -0.3340
vn -0.0408 -0.2868 -0.9571
vn -0.0969 -0.2280 -0.9688
vn -0.1331 -0.2695 -0.9537
vn 0.0647 -0.2279 -0.9715
vn 0.1081 -0.2207 -0.9693
vn -0.0170 -0.2739 -0.9616
vn -0.0071 -0.4382 -0.8988
vn 0.0387 -0.4987 -0.8659
vn -0.0563 -0.5769 -0.8149
vn -0.0394 -0.3221 -0.9459
vn -0.1073 -0.3659 -0.9244
vn -0.1236 -0.2367 -0.9637
vn -0.0068 -0.7039 -0.7103
vn -0.0907 -0.8589 -0.5040
vn -0.0778 -0.6050 -0.7924
vn 0.0176 -0.9985 -0.0518
vn -0.1211 -0.9649 -0.2329
vn 0.0556 -0.9606 -0.2722
vn 0.0542 -0.9354 -0.3494
vn -0.0176 -0.9985 -0.0518
vn -0.0556 -0.9606 -0.2722
vn 0.1968 -0.9740 -0.1124
vn 0.1234 -0.9505 -0.2852
vn 0.2354 -0.8890 -0.3927
vn -0.1234 -0.9505 -0.2852
vn -0.1776 -0.9793 -0.0971
vn -0.2346 -0.8882 -0.3951
vn 0.8810 -0.4549 0.1297
vn 0.6609 -0.6474 -0.3796
vn 0.9370 -0.1489 -0.3160
vn 0.8479 -0.0539 -0.5275
vn 0.2886 -0.4527 -0.8437
vn 0.5441 -0.1028 -0.8327
vn -0.2886 -0.4527 -0.8437
vn -0.8798 -0.1415 -0.4538
vn -0.5441 -0.1028 -0.8327
vn -0.6554 -0.6971 -0.2908
vn -0.8810 -0.4549 0.1297
vn -0.9370 -0.1488 -0.3160
vn 0.9950 0.0937 0.0350
vn 0.9624 0.0792 -0.2600
vn 0.9815 0.1433 -0.1269
vn 0.9062 0.0924 -0.4125
vn 0.6271 0.0634 -0.7763
vn 0.8324 0.0810 -0.5482
vn 0.7229 0.0789 -0.6864
vn 0.7199 0.0295 -0.6934
vn 0.6517 0.0653 -0.7557
vn -0.6684 0.0384 -0.7428
vn -0.8848 0.0780 -0.4593
vn -0.8324 0.0810 -0.5482
vn -0.9490 0.0950 -0.3008
vn -0.9959 0.0868 0.0241
vn -0.9815 0.1433 -0.1269
vn -0.7199 0.0295 -0.6934
vn -0.7229 0.0789 -0.6864
vn -0.6529 0.0696 -0.7542
vn 0.4020 -0.0336 -0.9150
vn 0.3182 -0.0689 -0.9455
vn 0.4502 -0.0178 -0.8927
vn -0.3140 -0.0792 -0.9461
vn -0.4020 -0.0336 -0.9150
vn -0.4502 -0.0178 -0.8927
vn 0.2873 -0.1327 -0.9486
vn 0.1287 -0.3608 -0.9237
vn 0.1381 -0.2263 -0.9642
vn 0.6349 -0.0541 -0.7707
vn 0.4835 -0.2903 -0.8258
vn 0.6765 -0.2885 -0.6776
vn -0.4902 -0.0461 -0.8704
vn -0.5065 -0.2034 -0.8379
vn -0.3793 -0.1511 -0.9129
vn 0.9079 -0.0666 -0.4139
vn 0.7896 -0.0339 -0.6127
vn 0.8891 -0.1377 -0.4365
vn -0.7896 -0.0339 -0.6127
vn -0.8232 0.0361 -0.5666
vn -0.8947 -0.0689 -0.4413
vn 0.9571 -0.1321 0.2578
vn 0.7732 -0.4229 0.4725
vn 0.9814 -0.1196 0.1503
vn -0.7732 -0.4229 0.4725
vn -0.9571 -0.1321 0.2578
vn -0.9833 -0.0373 0.1782
vn 0.9706 0.1867 -0.1520
vn 0.9806 0.1905 0.0455
vn 0.9761 0.1944 -0.0972
vn 0.9483 0.2593 0.1830
vn 0.9522 0.2491 0.1770
vn 0.9487 0.2253 0.2220
vn -0.9804 0.1968 -0.0062
vn -0.9497 0.2238 0.2192
vn -0.9710 0.2181 0.0980
vn 0.9198 -0.3710 0.1278
vn 0.7370 -0.4810 0.4748
vn 0.5179 -0.8456 0.1290
vn 0.9502 0.0359 0.3094
vn 0.7717 -0.4374 0.4616
vn 0.7008 -0.6476 0.2991
vn -0.9577 0.0204 0.2872
vn -0.7008 -0.6174 0.3574
vn -0.9314 0.0364 0.3622
vn 0.3883 -0.9007 0.1949
vn 0.3917 -0.9097 0.1377
vn 0.3835 -0.9131 0.1383
vn -0.4069 -0.9110 0.0665
vn -0.4012 -0.9132 0.0713
vn -0.4022 -0.9055 0.1351
vn 0.4310 -0.6058 -0.6688
vn 0.3713 -0.6962 -0.6143
vn 0.3015 -0.6183 -0.7258
vn 0.1904 -0.3127 -0.9306
vn -0.0172 -0.3817 -0.9241
vn 0.0175 -0.2425 -0.9700
vn 0.4378 -0.4787 -0.7611
vn 0.2931 -0.5766 -0.7626
vn 0.3429 -0.3763 -0.8607
vn 0.3021 -0.7279 -0.6155
vn 0.1146 -0.8219 -0.5579
vn 0.1575 -0.6989 -0.6976
vn 0.1288 -0.6759 -0.7257
vn -0.0118 -0.7416 -0.6707
vn -0.0240 -0.6288 -0.7772
vn -0.2383 -0.3767 -0.8952
vn -0.0411 -0.4658 -0.8839
vn -0.2012 -0.5851 -0.7856
vn -0.1512 -0.6985 -0.6995
vn 0.0036 -0.7458 -0.6662
vn -0.1808 -0.8183 -0.5457
vn 0.3678 -0.8762 -0.3115
vn 0.2500 -0.9252 -0.2856
vn 0.2082 -0.9022 -0.3776
vn 0.0976 -0.8883 -0.4488
vn -0.0473 -0.9430 -0.3293
vn -0.0902 -0.8713 -0.4824
vn -0.3577 -0.7771 -0.5179
vn -0.2173 -0.8568 -0.4677
vn -0.3868 -0.8446 -0.3702
vn -0.1750 -0.9088 -0.3788
vn -0.0052 -0.9485 -0.3168
vn -0.2082 -0.9388 -0.2743
vn 0.0540 -0.9748 -0.2164
vn 0.1540 -0.9701 -0.1875
vn 0.1638 -0.9592 -0.2304
vn -0.2049 -0.9503 -0.2344
vn -0.0540 -0.9748 -0.2164
vn -0.1067 -0.9641 -0.2432
vn -0.8351 -0.5380 -0.1149
vn -0.7872 -0.5011 -0.3595
vn -0.8415 -0.5124 -0.1714
vn -0.9334 -0.3028 -0.1924
vn -0.9291 -0.2500 -0.2726
vn -0.9433 -0.3287 0.0455
vn 0.9020 -0.4188 0.1049
vn 0.9514 -0.3001 0.0685
vn 0.9257 -0.3639 0.1032
vn 0.7514 -0.6423 0.1509
vn 0.6894 -0.7079 0.1533
vn 0.7963 -0.5858 0.1511
vn -0.6719 -0.7175 0.1837
vn -0.7514 -0.6423 0.1509
vn -0.7946 -0.5885 0.1494
vn -0.9570 -0.2668 0.1138
vn -0.9840 -0.1389 0.1111
vn -0.9704 -0.2247 0.0889
vn 0.3478 -0.0175 -0.9374
vn 0.2123 -0.0524 -0.9758
vn 0.2582 0.0985 -0.9611
vn 0.4357 0.1416 -0.8889
vn 0.3917 0.0162 -0.9200
vn 0.3506 0.1441 -0.9254
vn 0.4386 -0.2306 -0.8686
vn 0.3651 -0.2811 -0.8875
vn 0.3673 -0.1525 -0.9175
vn 0.3479 -0.1430 -0.9265
vn 0.3083 -0.2521 -0.9173
vn 0.2118 -0.1302 -0.9686
vn 0.1227 -0.0029 -0.9924
vn -0.0372 -0.0696 -0.9969
vn -0.0253 0.0972 -0.9949
vn -0.2215 0.1256 -0.9670
vn -0.0457 0.1480 -0.9879
vn -0.1270 -0.0007 -0.9919
vn -0.1722 -0.1385 -0.9753
vn -0.0516 -0.1714 -0.9839
vn -0.2084 -0.2840 -0.9359
vn 0.2142 0.8281 0.5181
vn 0.0823 0.9247 0.3716
vn 0.0543 0.8123 0.5807
vn 0.0532 0.9480 0.3137
vn -0.1323 0.9797 0.1507
vn -0.1238 0.9041 0.4090
vn -0.4485 0.8009 0.3968
vn -0.2949 0.8080 0.5101
vn -0.3007 0.9139 0.2728
vn -0.2242 0.8453 0.4850
vn -0.1203 0.9342 0.3360
vn -0.2287 0.9453 0.2325
vn -0.1339 0.8058 0.5768
vn -0.0145 0.8232 0.5676
vn -0.1242 0.9197 0.3724
vn 0.3289 0.9340 -0.1398
vn 0.2008 0.9753 -0.0916
vn 0.2457 0.9679 0.0529
vn 0.2093 0.9728 0.0997
vn 0.1417 0.9894 -0.0331
vn 0.0931 0.9870 0.1311
vn 0.3655 0.8393 -0.4025
vn 0.3149 0.7512 -0.5801
vn 0.2206 0.8714 -0.4382
vn -0.0125 0.9871 -0.1596
vn 0.0870 0.9598 -0.2667
vn -0.0361 0.9451 -0.3248
vn -0.3585 0.8967 -0.2596
vn -0.2300 0.8939 -0.3847
vn -0.3658 0.8362 -0.4086
vn -0.0685 0.9518 -0.2988
vn 0.0125 0.9871 -0.1596
vn 0.0409 0.9456 -0.3228
vn 0.1709 0.8476 -0.5024
vn 0.2788 0.7401 -0.6120
vn 0.1763 0.7556 -0.6309
vn 0.4250 0.2538 -0.8689
vn 0.3482 0.2102 -0.9136
vn 0.3476 0.3818 -0.8564
vn 0.0119 0.5292 -0.8484
vn 0.1925 0.4665 -0.8633
vn 0.0054 0.3928 -0.9196
vn 0.0002 0.8341 -0.5516
vn 0.1162 0.7713 -0.6258
vn -0.0266 0.7127 -0.7009
vn -0.3501 0.6185 -0.7035
vn -0.3466 0.5201 -0.7806
vn -0.4076 0.5326 -0.7417
vn -0.2775 0.7288 -0.6259
vn -0.1368 0.8505 -0.5078
vn -0.1763 0.7556 -0.6309
vn -0.1017 0.7443 -0.6601
vn -0.0002 0.8341 -0.5516
vn 0.0214 0.7113 -0.7026
vn -0.1925 0.4665 -0.8633
vn -0.0119 0.5292 -0.8484
vn -0.0054 0.3928 -0.9196
vn -0.2241 0.4167 -0.8810
vn -0.0664 0.3301 -0.9416
vn -0.2414 0.2093 -0.9476
vn 0.5454 0.7821 0.3015
vn 0.5983 0.7251 0.3411
vn 0.5568 0.7316 0.3934
vn -0.6238 0.6919 0.3635
vn -0.6043 0.7619 0.2332
vn -0.5568 0.7316 0.3934
vn 0.6282 0.5933 0.5033
vn 0.6828 0.5942 0.4252
vn 0.5997 0.6389 0.4818
vn -0.6788 0.6042 0.4173
vn -0.6282 0.5933 0.5033
vn -0.5997 0.6389 0.4818
vn 0.7136 0.6878 0.1327
vn 0.6954 0.7184 -0.0155
vn 0.6359 0.7671 0.0851
vn 0.6443 0.6774 0.3550
vn 0.7059 0.6838 0.1847
vn 0.6331 0.7615 0.1388
vn -0.7059 0.6838 0.1847
vn -0.6195 0.6995 0.3562
vn -0.6206 0.7648 0.1732
vn 0.8209 0.4805 -0.3085
vn 0.7324 0.3826 -0.5632
vn 0.6650 0.5949 -0.4515
vn -0.9100 0.4056 -0.0861
vn -0.7647 0.6288 -0.1407
vn -0.8254 0.4736 -0.3072
vn -0.7373 0.6491 -0.1875
vn -0.6655 0.6353 -0.3918
vn -0.8199 0.4768 -0.3169
vn 0.6668 -0.0058 -0.7452
vn 0.6501 -0.0241 -0.7594
vn 0.7390 0.0356 -0.6728
vn 0.5113 0.3073 -0.8026
vn 0.6006 0.3586 -0.7147
vn 0.6370 0.2386 -0.7330
vn -0.5068 0.4733 -0.7205
vn -0.6233 0.4015 -0.6710
vn -0.5865 0.5722 -0.5732
vn -0.5201 0.2890 -0.8037
vn -0.6088 0.3401 -0.7168
vn -0.5021 0.4297 -0.7505
vn -0.6501 -0.0241 -0.7594
vn -0.6411 -0.0209 -0.7672
vn -0.6894 0.1114 -0.7158
vn 0.3739 0.4301 -0.8218
vn 0.4301 0.4642 -0.7742
vn 0.4546 0.3130 -0.8339
vn 0.3825 0.6460 -0.6606
vn 0.4962 0.6486 -0.5772
vn 0.4433 0.5477 -0.7096
vn 0.3745 0.6931 -0.6160
vn 0.4047 0.7996 -0.4438
vn 0.4959 0.6558 -0.5692
vn -0.4962 0.6486 -0.5772
vn -0.3825 0.6460 -0.6606
vn -0.4258 0.5503 -0.7182
vn -0.4493 0.4396 -0.7777
vn -0.3739 0.4301 -0.8218
vn -0.4474 0.3080 -0.8396
vn -0.4554 0.7765 -0.4355
vn -0.3745 0.6931 -0.6160
vn -0.4959 0.6558 -0.5692
vn 0.5111 0.8460 -0.1518
vn 0.5921 0.8050 0.0357
vn 0.6471 0.7591 -0.0713
vn 0.5224 0.8038 -0.2845
vn 0.6669 0.7220 -0.1841
vn 0.6526 0.6521 -0.3857
vn -0.6106 0.7907 0.0432
vn -0.5111 0.8460 -0.1518
vn -0.6471 0.7591 -0.0713
vn -0.6669 0.7220 -0.1841
vn -0.5224 0.8038 -0.2845
vn -0.6053 0.6851 -0.4053
vn 0.3382 0.9112 0.2352
vn 0.4488 0.8009 0.3965
vn 0.5172 0.8309 0.2051
vn -0.4488 0.8009 0.3965
vn -0.3273 0.9100 0.2544
vn -0.5172 0.8309 0.2051
vn 0.5905 0.6169 0.5204
vn 0.6226 0.6083 0.4924
vn 0.5408 0.6592 0.5224
vn 0.3654 0.6877 0.6274
vn 0.4732 0.6379 0.6076
vn 0.5081 0.6711 0.5399
vn -0.4732 0.6379 0.6076
vn -0.3572 0.6749 0.6457
vn -0.4849 0.6854 0.5432
vn 0.1704 0.8646 -0.4727
vn 0.1161 0.9510 -0.2864
vn -0.0002 0.8464 -0.5325
vn 0.5620 0.7963 0.2239
vn 0.5806 0.7393 0.3410
vn 0.4815 0.8507 0.2110
vn -0.3823 0.8991 0.2131
vn -0.3858 0.7783 0.4953
vn -0.4359 0.7637 0.4763
vn -0.5014 0.8652 -0.0105
vn -0.3911 0.9199 0.0280
vn -0.4655 0.8846 0.0279
vn 0.3535 0.6770 0.6455
vn 0.3303 0.6987 0.6346
vn 0.3018 0.6802 0.6680
vn 0.1328 0.6861 0.7153
vn 0.0973 0.7063 0.7012
vn 0.0872 0.6823 0.7259
vn 0.0574 0.7005 0.7113
vn -0.1044 0.7450 0.6588
vn -0.0033 0.6988 0.7153
vn -0.1992 0.7060 0.6796
vn -0.1266 0.7175 0.6849
vn -0.2397 0.7403 0.6280
vn -0.0168 0.6901 0.7235
vn -0.0870 0.6634 0.7432
vn -0.0189 0.7130 0.7009
vn -0.5875 0.5727 -0.5717
vn -0.4213 0.6844 -0.5951
vn -0.4364 0.7680 -0.4687
vn 0.4923 0.4703 -0.7324
vn 0.3645 0.4552 -0.8123
vn 0.3015 0.4106 -0.8605
vn 0.2903 0.4038 -0.8676
vn 0.1950 0.4326 -0.8803
vn 0.2171 0.3891 -0.8953
vn -0.4705 0.7437 -0.4749
vn -0.2385 0.9417 0.2372
vn -0.4327 0.8652 -0.2533
vn 0.1249 0.9539 -0.2729
vn 0.2201 0.9692 0.1108
vn -0.0928 0.8417 -0.5319
vn 0.2281 0.8986 0.3748
vn 0.3035 0.7562 0.5797
vn 0.2132 0.7998 0.5611
vn 0.2385 0.9417 0.2372
vn 0.3520 0.7760 -0.5234
vn 0.4327 0.8652 -0.2533
vn 0.3504 0.9122 0.2124
vn 0.3249 0.8747 0.3595
vn 0.2148 0.7660 0.6059
vn 0.9739 -0.2268 0.0123
vn 0.9829 -0.1650 0.0812
vn 0.9902 -0.1321 0.0444
vn 0.9972 0.0480 0.0569
vn 0.9669 0.2429 0.0788
vn 0.9875 0.1442 -0.0632
vn 0.9925 0.0114 0.1216
vn 0.9821 0.1130 0.1510
vn 0.9709 0.1659 0.1727
vn 0.8214 0.5701 -0.0184
vn 0.6614 0.7498 -0.0176
vn 0.6217 0.7749 -0.1140
vn -0.9538 0.2987 0.0323
vn -0.8334 0.5516 -0.0347
vn -0.9294 0.3603 0.0801
vn -0.8620 0.4498 0.2335
vn -0.7184 0.6414 0.2692
vn -0.7976 0.5144 0.3150
vn -0.8937 0.4139 0.1733
vn -0.8516 0.4851 0.1987
vn -0.9392 0.2978 0.1708
vn 0.9880 -0.1384 0.0678
vn 0.9933 0.0335 0.1106
vn 0.9929 -0.0611 0.1019
vn -0.9959 0.0180 0.0887
vn -0.9865 -0.1454 0.0748
vn -0.9929 -0.0611 0.1019
vn 0.9857 0.1567 0.0624
vn 0.9670 0.2518 -0.0387
vn 0.9524 0.2934 0.0834
vn 0.9927 0.0132 0.1197
vn 0.9952 0.0579 0.0791
vn 0.9871 -0.1460 0.0650
vn -0.9670 0.2518 -0.0387
vn -0.9911 0.1290 0.0313
vn -0.9617 0.2567 0.0959
vn -0.9172 0.3652 0.1593
vn -0.7927 0.5121 0.3307
vn -0.8173 0.5516 0.1665
vn 0.8690 0.2889 -0.4016
vn 0.7249 0.4605 -0.5123
vn 0.7398 0.3135 -0.5953
vn 0.9304 0.3034 -0.2056
vn 0.9514 0.2832 -0.1211
vn 0.9095 0.3786 0.1718
vn 0.7570 0.2749 -0.5928
vn 0.8230 0.1732 -0.5410
vn 0.7121 0.1588 -0.6838
vn -0.9284 0.2830 -0.2409
vn -0.9513 0.2843 -0.1189
vn -0.9585 0.2752 -0.0749
vn -0.7740 0.2793 -0.5683
vn -0.8686 0.1878 -0.4586
vn -0.8977 0.2682 -0.3495
vn 0.5501 -0.8299 -0.0928
vn 0.5605 -0.8267 -0.0487
vn 0.5953 -0.8013 -0.0589
vn 0.6229 -0.7818 0.0276
vn 0.6404 -0.7603 0.1087
vn 0.6970 -0.7124 0.0818
vn -0.5539 -0.8155 0.1676
vn -0.5426 -0.8185 0.1885
vn -0.5293 -0.8352 0.1489
vn -0.4860 -0.8682 0.1000
vn -0.2811 -0.9596 -0.0147
vn -0.4215 -0.9066 0.0220
vn -0.5362 -0.8251 0.1780
vn -0.4722 -0.8576 0.2037
vn -0.5024 -0.8571 0.1140
vn 0.5251 -0.8367 0.1553
vn 0.5264 -0.8289 0.1892
vn 0.5537 -0.8164 0.1638
vn -0.5331 -0.8296 0.1660
vn -0.5251 -0.8367 0.1553
vn -0.5499 -0.8200 0.1590
vn 0.5737 -0.7965 0.1909
vn 0.6648 -0.7159 0.2135
vn 0.6173 -0.7638 0.1886
vn -0.6607 -0.7254 0.1933
vn -0.5737 -0.7965 0.1909
vn -0.6173 -0.7638 0.1886
vn 0.8727 -0.4835 0.0677
vn 0.7732 -0.6116 0.1676
vn 0.8819 -0.3929 -0.2606
vn 0.7163 -0.6971 -0.0303
vn 0.6604 -0.7417 0.1173
vn 0.7264 -0.6847 0.0583
vn -0.7909 -0.5747 0.2102
vn -0.7538 -0.6227 0.2096
vn -0.7015 -0.6630 0.2613
vn -0.7732 -0.6116 0.1676
vn -0.8017 -0.5732 0.1696
vn -0.8819 -0.3928 -0.2606
vn 0.5418 -0.2954 -0.7869
vn 0.4848 -0.3663 -0.7942
vn 0.5198 -0.3155 -0.7939
vn -0.5173 -0.3444 -0.7835
vn -0.5317 -0.2639 -0.8048
vn -0.5198 -0.3155 -0.7939
vn 0.5541 -0.0292 -0.8319
vn 0.4842 -0.1122 -0.8678
vn 0.4666 0.0864 -0.8803
vn 0.5490 -0.4430 -0.7088
vn 0.4849 -0.4520 -0.7487
vn 0.5039 -0.3139 -0.8047
vn -0.4704 0.0856 -0.8783
vn -0.4231 -0.0313 -0.9056
vn -0.4849 -0.1156 -0.8669
vn 0.4117 -0.9062 -0.0966
vn 0.2242 -0.9639 -0.1437
vn 0.2181 -0.9728 -0.0778
vn 0.3772 -0.8871 -0.2661
vn 0.1384 -0.9552 -0.2616
vn 0.3522 -0.9176 -0.1843
vn 0.4666 -0.7022 -0.5378
vn 0.4896 -0.6315 -0.6012
vn 0.3063 -0.7329 -0.6075
vn -0.4146 -0.8354 -0.3608
vn -0.3106 -0.8589 -0.4073
vn -0.4585 -0.7808 -0.4244
vn -0.3674 -0.8310 -0.4177
vn -0.1343 -0.8743 -0.4665
vn -0.1944 -0.8301 -0.5227
vn 0.5271 -0.6592 -0.5363
vn 0.5589 -0.6874 -0.4637
vn 0.5116 -0.7608 -0.3992
vn 0.5408 -0.8080 -0.2338
vn 0.5758 -0.8013 -0.1626
vn 0.5353 -0.8336 -0.1359
vn -0.5448 -0.7685 -0.3355
vn -0.5297 -0.7819 -0.3288
vn -0.5639 -0.7221 -0.4007
vn -0.5378 -0.5839 -0.6081
vn -0.5901 -0.6469 -0.4831
vn -0.5657 -0.6280 -0.5343
vn -0.5192 -0.8268 -0.2165
vn -0.5560 -0.8181 -0.1469
vn -0.5226 -0.8269 -0.2078
vn -0.3782 -0.3251 -0.8668
vn -0.4696 -0.4306 -0.7708
vn -0.4532 -0.2818 -0.8457
vn 0.1212 0.7988 0.5893
vn -0.1721 0.6683 0.7237
vn -0.2931 0.3500 0.8897
vn -0.3872 0.3810 0.8396
vn -0.5432 -0.0841 0.8353
vn -0.4660 0.1148 0.8773
vn 0.3047 0.7162 0.6279
vn 0.4765 0.6322 0.6109
vn 0.2338 0.9466 0.2220
vn 0.4040 0.3179 0.8578
vn 0.4119 -0.1644 0.8963
vn 0.4954 0.3988 0.7717
vn -0.3434 -0.2011 0.9174
vn -0.4040 0.3178 0.8578
vn -0.4954 0.3988 0.7717
vn -0.4765 0.6322 0.6109
vn -0.3047 0.7162 0.6279
vn -0.1923 0.9512 0.2412
vn 0.2250 -0.0253 0.9740
vn 0.4989 0.0684 0.8640
vn 0.4950 0.2971 0.8165
vn -0.1820 0.1208 0.9758
vn -0.1540 0.2389 0.9588
vn 0.3795 -0.0261 0.9248
vn 0.2144 0.1392 0.9668
vn 0.4671 -0.0463 0.8830
vn -0.0048 0.1343 0.9909
vn -0.5033 -0.0679 0.8614
vn -0.6450 -0.1389 0.7515
vn -0.5062 -0.1216 0.8538
vn -0.0695 -0.0345 0.9970
vn -0.3560 -0.0263 0.9341
vn -0.0555 0.0061 0.9984
vn -0.6766 -0.1925 0.7107
vn -0.7687 -0.4587 0.4458
vn -0.6431 -0.3489 0.6817
vn 0.3022 0.2555 0.9184
vn 0.4373 0.2085 0.8748
vn 0.3283 0.3082 0.8929
vn -0.4817 0.1706 0.8596
vn -0.6292 -0.4731 0.6166
vn -0.5719 -0.4731 0.6702
vn -0.6347 -0.5276 0.5647
vn -0.4916 -0.8494 0.1917
vn -0.5368 -0.7003 0.4706
vn 0.3846 -0.8214 0.4212
vn 0.1056 -0.9840 0.1438
vn 0.0889 -0.9926 -0.0823
vn 0.4856 -0.7796 0.3955
vn 0.1688 -0.9815 -0.0904
vn 0.4460 -0.8862 0.1256
vn -0.4044 -0.7684 0.4960
vn -0.1216 -0.9585 0.2580
vn -0.2636 -0.6619 0.7017
vn -0.3040 0.8144 0.4943
vn -0.0623 0.8546 0.5156
vn -0.2517 0.8277 0.5015
vn 0.0612 0.5335 0.8436
vn 0.1193 0.6100 0.7834
vn 0.2297 0.5603 0.7958
vn -0.0599 0.7608 0.6462
vn -0.0612 0.5335 0.8436
vn -0.1280 0.6514 0.7479
vn 0.0623 0.8546 0.5156
vn 0.2106 0.8001 0.5616
vn 0.1747 0.7420 0.6472
vn 0.5625 0.5118 0.6494
vn 0.5730 0.6158 0.5409
vn 0.4433 0.6849 0.5783
vn -0.7529 0.1981 0.6277
vn -0.6521 0.2065 0.7295
vn -0.7191 0.0282 0.6943
vn -0.7989 0.3880 0.4595
vn -0.5502 0.6138 0.5661
vn -0.7845 0.3811 0.4893
vn -0.6758 -0.0734 0.7335
vn -0.6833 0.1083 0.7221
vn -0.4747 -0.0830 0.8762
vn -0.2047 -0.5022 0.8402
vn -0.1884 -0.4519 0.8720
vn 0.0780 -0.4503 0.8894
vn 0.3591 -0.3157 0.8782
vn 0.1501 -0.2561 0.9549
vn 0.5522 -0.1227 0.8247
vn -0.0761 -0.4394 0.8951
vn 0.0581 -0.2644 0.9627
vn 0.2597 -0.4045 0.8769
vn 0.4495 -0.4970 0.7422
vn 0.3083 -0.5335 0.7876
vn 0.4808 -0.4462 0.7548
vn -0.5760 -0.4068 0.7090
vn -0.5738 -0.3473 0.7417
vn -0.5149 -0.4327 0.7400
vn 0.8269 -0.5586 0.0655
vn 0.9113 -0.4099 -0.0401
vn 0.8666 -0.4938 0.0714
vn -0.8071 -0.3989 0.4353
vn -0.9059 -0.4114 0.1009
vn -0.8514 -0.2918 0.4358
vn -0.6667 -0.7274 0.1626
vn -0.7966 -0.5858 0.1490
vn -0.7582 -0.6330 0.1565
vn 0.1825 -0.4526 0.8728
vn 0.3476 -0.6382 0.6869
vn 0.3097 -0.8940 0.3237
vn 0.3152 0.1904 0.9298
vn 0.2307 0.5795 0.7816
vn 0.6232 0.1847 0.7600
vn -0.0579 -0.9682 0.2433
vn -0.2108 -0.9249 0.3164
vn -0.1894 -0.7404 0.6449
vn -0.6109 0.2302 0.7575
vn -0.6612 0.0933 0.7444
vn -0.4141 0.3446 0.8425
vn -0.2322 0.1547 0.9603
vn -0.1760 0.5954 0.7839
vn -0.3105 0.4853 0.8174
vn -0.9098 -0.4117 0.0527
vn -0.9488 -0.3155 -0.0113
vn -0.9325 -0.3586 -0.0427
vn 0.3822 0.4612 0.8008
vn 0.3183 0.3085 0.8964
vn -0.1567 0.7852 0.5991
vn -0.3160 0.3209 0.8928
vn -0.3822 0.4612 0.8008
vn -0.0068 0.7412 0.6713
vn -0.7587 0.2106 0.6164
vn -0.6586 0.3119 0.6848
vn -0.7276 0.2236 0.6485
vn -0.7140 0.2879 0.6382
vn -0.4246 0.7422 0.5185
vn -0.3633 0.7280 0.5814
vn 0.6990 0.2818 0.6572
vn 0.6530 0.2880 0.7004
vn 0.6950 0.2607 0.6700
vn -0.7069 0.3335 0.6238
vn -0.6893 0.2319 0.6863
vn -0.6950 0.2607 0.6700
vn -0.9140 -0.3763 0.1516
vn -0.8435 -0.1581 0.5133
vn -0.8988 0.0970 0.4275
vn 0.6290 -0.4152 0.6573
vn 0.6642 -0.3636 0.6532
vn 0.6311 -0.4321 0.6442
vn 0.6223 -0.3307 0.7095
vn 0.6282 -0.3864 0.6754
vn 0.5572 -0.2004 0.8059
vn 0.9719 -0.2333 0.0301
vn 0.9587 -0.2839 0.0188
vn 0.9941 -0.0841 0.0683
vn -0.9571 -0.2887 0.0226
vn -0.9719 -0.2333 0.0301
vn -0.9941 -0.0841 0.0683
vn 0.9330 -0.3574 0.0431
vn 0.9167 -0.3392 0.2113
vn 0.9345 -0.3481 0.0741
vn 0.9068 -0.1063 0.4078
vn 0.9166 -0.3401 0.2104
vn 0.9363 -0.3475 0.0501
vn -0.8689 -0.0089 0.4950
vn -0.9155 -0.3789 0.1353
vn -0.8304 0.0921 0.5495
vn -0.9441 -0.3296 0.0080
vn -0.9358 -0.3525 0.0099
vn -0.9277 -0.3725 -0.0228
vn 0.7705 -0.5353 0.3460
vn 0.6801 -0.5149 0.5218
vn 0.6940 -0.5470 0.4682
vn -0.7775 -0.5574 0.2911
vn -0.6831 -0.5401 0.4917
vn -0.6786 -0.4070 0.6115
vn 0.6073 0.4318 0.6669
vn 0.4062 0.2996 0.8632
vn 0.6614 0.0792 0.7459
vn 0.7909 0.3183 0.5226
vn 0.5719 0.1847 0.7992
vn 0.6829 0.2194 0.6968
vn -0.7004 0.2695 0.6609
vn -0.5067 0.1631 0.8466
vn -0.5122 0.2412 0.8243
vn -0.0144 0.9252 0.3791
vn 0.0696 0.9014 0.4274
vn 0.1130 0.9900 0.0846
vn -0.0470 0.9582 0.2821
vn -0.1151 0.9801 0.1616
vn -0.1495 0.7733 0.6162
vn 0.5832 -0.4202 0.6953
vn 0.5142 -0.0514 0.8561
vn 0.5002 -0.1210 0.8574
vn -0.5142 -0.0514 0.8561
vn -0.5945 -0.4042 0.6951
vn -0.5002 -0.1210 0.8574
vn 0.1476 -0.7203 0.6777
vn 0.3928 -0.3486 0.8510
vn 0.2110 -0.3779 0.9015
vn 0.3835 -0.6947 0.6085
vn 0.5108 -0.6449 0.5685
vn 0.4184 -0.4212 0.8047
vn -0.5108 -0.6449 0.5685
vn -0.4080 -0.7354 0.5411
vn -0.4514 -0.3995 0.7979
vn -0.3928 -0.3486 0.8510
vn -0.2720 -0.6787 0.6822
vn -0.2110 -0.3779 0.9015
vn -0.8939 -0.1728 0.4135
vn -0.6689 -0.4492 0.5923
vn -0.6707 -0.1812 0.7192
vn -0.6244 -0.4595 0.6317
vn -0.0297 -0.3891 0.9207
vn -0.2541 -0.2351 0.9382
vn -0.0414 -0.2311 0.9721
vn 0.4633 -0.5301 0.7102
vn 0.2541 -0.2351 0.9382
vn 0.6689 -0.4492 0.5923
vn 0.9018 -0.1903 0.3880
vn 0.6707 -0.1812 0.7192
vn -0.9826 0.1601 -0.0946
vn -0.9516 -0.1247 0.2808
vn -0.9045 0.1817 0.3860
vn -0.8201 0.4492 0.3544
vn -0.3135 0.6482 0.6939
vn -0.8522 0.5209 0.0494
vn 0.9516 -0.1247 0.2808
vn 0.9826 0.1601 -0.0946
vn 0.9498 0.2358 0.2058
vn -0.4631 0.8549 0.2337
vn -0.0038 0.7685 0.6399
vn -0.3427 0.9341 0.1004
vn -0.8526 0.5198 0.0528
vn -0.2224 0.5741 0.7880
vn -0.6679 0.7203 0.1874
vn 0.5206 0.7820 0.3427
vn -0.0386 0.5601 0.8275
vn 0.0659 0.4455 0.8928
vn 0.3243 0.9384 0.1198
vn -0.0497 0.8914 0.4505
vn 0.1171 0.7020 0.7025
vn -0.0375 0.9540 0.2976
vn -0.2224 0.8407 0.4937
vn -0.1302 0.8998 0.4164
vn 0.2646 0.2399 0.9340
vn 0.2339 0.1745 0.9565
vn 0.2687 0.0866 0.9593
vn 0.4102 -0.0245 0.9117
vn 0.3656 0.0081 0.9307
vn 0.4054 -0.0079 0.9141
vn -0.3632 -0.0671 0.9293
vn -0.3367 -0.0053 0.9416
vn -0.3879 0.0091 0.9216
vn 0.3119 0.0242 0.9498
vn 0.3870 -0.0001 0.9221
vn 0.3232 -0.0322 0.9458
vn 0.2981 0.0501 0.9532
vn 0.2985 -0.0845 0.9507
vn 0.5070 -0.2075 0.8366
vn 0.2572 0.0139 0.9663
vn 0.2783 -0.0416 0.9596
vn 0.2738 0.0331 0.9612
vn -0.2985 -0.0845 0.9507
vn -0.2481 0.0518 0.9673
vn -0.5063 -0.1995 0.8390
vn -0.2317 -0.0351 0.9722
vn -0.2495 -0.0058 0.9684
vn -0.2738 0.0331 0.9612
vn 0.1800 0.4198 0.8896
vn 0.1364 0.2741 0.9520
vn 0.0947 0.6378 0.7644
vn -0.2482 0.3573 0.9004
vn -0.1601 0.3329 0.9293
vn -0.2014 0.2128 0.9561
vn 0.4328 -0.0742 0.8985
vn 0.4366 0.0447 0.8985
vn 0.4096 -0.0341 0.9116
vn -0.4251 -0.0580 0.9033
vn -0.4443 0.0461 0.8947
vn -0.4107 -0.0173 0.9116
vn 0.4490 -0.0437 0.8924
vn 0.4536 -0.0463 0.8900
vn 0.4416 -0.1264 0.8883
vn 0.4312 -0.0553 0.9006
vn 0.4131 -0.1034 0.9048
vn 0.4007 -0.0822 0.9125
vn 0.3838 0.0525 0.9219
vn 0.4526 0.1033 0.8857
vn 0.3752 0.0781 0.9236
vn -0.4526 0.1033 0.8857
vn -0.3943 0.0524 0.9175
vn -0.3722 0.0724 0.9253
vn -0.3826 0.1761 0.9070
vn -0.4346 0.1334 0.8907
vn -0.3212 0.1153 0.9399
vn -0.4153 0.1553 0.8963
vn -0.3687 0.1694 0.9140
vn -0.3842 0.1612 0.9091
vn -0.1238 -0.8815 -0.4556
vn -0.2158 -0.7258 -0.6531
vn -0.1732 -0.7119 -0.6807
vn -0.2383 -0.4843 -0.8418
vn -0.2371 -0.4292 -0.8715
vn -0.3268 -0.2186 -0.9195
vn 0.2048 -0.6870 -0.6972
vn 0.1047 -0.8851 -0.4535
vn 0.1732 -0.7119 -0.6807
vn 0.2371 -0.4292 -0.8715
vn 0.2499 -0.5069 -0.8250
vn 0.3268 -0.2186 -0.9195
vn 0.2229 -0.8064 -0.5478
vn -0.1027 -0.6166 -0.7805
vn -0.0302 -0.4924 -0.8699
vn 0.1027 -0.6166 -0.7805
vn -0.2022 -0.8142 -0.5443
vn 0.0302 -0.4924 -0.8699
vn 0.8018 -0.2326 0.5505
vn 0.7823 -0.4674 0.4118
vn 0.8944 -0.4313 0.1184
vn 0.9163 -0.0996 0.3878
vn 0.9496 -0.3067 -0.0647
vn 0.9220 -0.1146 -0.3699
vn 0.7912 -0.5929 0.1502
vn 0.4659 -0.6110 -0.6400
vn 0.8441 -0.5130 -0.1558
vn 0.8347 -0.3820 -0.3966
vn 0.3112 -0.3497 -0.8837
vn 0.5486 -0.1837 -0.8157
vn 0.8324 -0.0470 0.5521
vn 0.9504 0.1441 0.2756
vn 0.6792 0.0663 0.7310
vn -0.7823 -0.4674 0.4118
vn -0.7603 -0.2313 0.6070
vn -0.9088 -0.3906 0.1465
vn -0.9496 -0.3067 -0.0647
vn -0.9138 -0.1194 0.3882
vn -0.9543 -0.0728 -0.2898
vn -0.4780 -0.5707 -0.6677
vn -0.7450 -0.6666 0.0233
vn -0.8441 -0.5130 -0.1558
vn -0.9098 -0.0774 0.4078
vn -0.9840 0.1319 0.1194
vn -0.9659 0.0020 -0.2588
vn -0.3112 -0.3497 -0.8837
vn -0.8048 -0.4233 -0.4160
vn -0.5486 -0.1837 -0.8157
vn 0.8956 0.4383 0.0766
vn 0.6101 0.6389 -0.4685
vn 0.6696 0.7275 0.1498
vn 0.6572 0.0872 0.7487
vn 0.9019 0.3009 0.3098
vn 0.6970 0.4623 0.5481
vn 0.5256 0.8358 0.1588
vn 0.1200 0.7985 -0.5900
vn 0.1902 0.9764 -0.1027
vn -0.5088 0.8609 0.0009
vn -0.1283 0.7896 -0.6001
vn -0.4915 0.6835 -0.5397
vn -0.1350 0.9485 -0.2866
vn -0.2234 0.6817 -0.6967
vn -0.3711 0.7604 -0.5329
vn -0.2837 0.5553 -0.7818
vn -0.3937 0.3348 -0.8561
vn -0.4214 0.6451 -0.6373
vn 0.0141 0.9540 0.2995
vn 0.3530 0.8846 -0.3046
vn 0.0910 0.9934 -0.0695
vn -0.4558 0.6140 -0.6444
vn -0.4174 0.3337 -0.8452
vn -0.4543 0.5088 -0.7313
vn 0.3797 0.4140 -0.8273
vn 0.4561 0.6140 -0.6442
vn 0.4543 0.5088 -0.7313
vn 0.0770 0.9472 0.3114
vn 0.3500 0.9268 0.1361
vn 0.4047 0.8844 -0.2324
vn -0.3486 -0.0136 -0.9372
vn -0.3689 0.0131 -0.9294
vn -0.3501 0.0775 -0.9335
vn 0.3417 -0.1990 -0.9185
vn 0.3171 -0.1964 -0.9278
vn 0.3239 -0.2771 -0.9046
vn 0.3625 -0.0434 -0.9310
vn 0.3738 0.0063 -0.9275
vn 0.3342 -0.0216 -0.9423
vn -0.3095 0.0785 -0.9476
vn -0.2112 0.0194 -0.9772
vn -0.3040 -0.0258 -0.9523
vn 0.1578 0.3412 -0.9267
vn 0.2881 0.1518 -0.9455
vn 0.1750 0.0781 -0.9815
vn 0.2099 0.0113 -0.9776
vn 0.3189 0.0719 -0.9451
vn 0.3040 -0.0258 -0.9523
vn 0.0134 -0.0838 -0.9964
vn 0.4598 -0.1475 -0.8757
vn 0.2059 -0.3010 -0.9311
vn 0.2165 0.4148 -0.8838
vn -0.1190 0.0905 -0.9888
vn -0.1275 0.3567 -0.9255
vn -0.4755 -0.1599 -0.8651
vn -0.0069 -0.0881 -0.9961
vn -0.2059 -0.3010 -0.9311
vn -0.3838 0.2897 -0.8768
vn -0.0008 0.0409 -0.9992
vn -0.5129 -0.0033 -0.8584
vn -0.9662 0.2352 -0.1057
vn -0.6407 0.3902 -0.6612
vn -0.8220 0.0852 -0.5631
vn 0.1190 0.0905 -0.9888
vn -0.2399 0.3274 -0.9139
vn 0.1275 0.3567 -0.9255
vn 0.1875 0.8919 -0.4115
vn -0.1839 0.7197 -0.6695
vn 0.6356 0.3779 -0.6732
vn -0.5476 0.8166 0.1826
vn -0.4739 0.8748 0.1010
vn -0.4415 0.8865 0.1389
vn -0.4484 0.8936 0.0212
vn -0.4656 0.8351 -0.2929
vn -0.3928 0.9150 -0.0922
vn 0.2973 -0.1766 -0.9383
vn 0.0006 -0.1095 -0.9940
vn 0.3035 -0.3127 -0.9001
vn -0.0796 0.2330 -0.9692
vn -0.2362 0.1788 -0.9551
vn 0.1729 0.2780 -0.9449
vn -0.0276 -0.2511 -0.9676
vn -0.0932 -0.3698 -0.9244
vn 0.3100 -0.3885 -0.8677
vn 0.0018 -0.2893 -0.9572
vn -0.2973 -0.1766 -0.9383
vn -0.3035 -0.3127 -0.9001
vn 0.2302 0.2037 -0.9516
vn 0.3582 0.3364 -0.8709
vn -0.1729 0.2780 -0.9449
vn -0.0859 -0.2948 -0.9517
vn 0.0276 -0.2511 -0.9676
vn -0.3100 -0.3885 -0.8677
vn -0.0779 -0.8735 -0.4806
vn 0.0098 -0.8736 -0.4866
vn -0.0092 -0.8245 -0.5657
vn -0.0403 -0.8529 -0.5204
vn -0.0171 -0.8960 -0.4438
vn 0.0092 -0.8245 -0.5657
vn 0.0630 -0.9776 -0.2007
vn 0.0576 -0.9959 -0.0704
vn 0.0588 -0.9625 -0.2649
vn 0.7544 0.0775 0.6519
vn 0.7358 -0.1333 0.6639
vn 0.7769 -0.0927 0.6228
vn -0.7769 -0.0927 0.6228
vn -0.7424 -0.1450 0.6541
vn -0.7544 0.0775 0.6519
vn 0.7764 -0.2768 0.5663
vn 0.7072 -0.4336 0.5584
vn 0.7832 -0.3637 0.5043
vn -0.7832 -0.3637 0.5043
vn -0.7072 -0.4336 0.5584
vn -0.7792 -0.2752 0.5632
vn 0.5216 -0.6390 0.5653
vn 0.3515 -0.7475 0.5636
vn 0.4405 -0.7585 0.4802
vn 0.1817 -0.8009 0.5706
vn -0.0160 -0.8059 0.5918
vn 0.0817 -0.8725 0.4817
vn -0.4405 -0.7585 0.4802
vn -0.3469 -0.7550 0.5565
vn -0.5332 -0.6417 0.5513
vn -0.0817 -0.8725 0.4817
vn 0.0160 -0.8059 0.5918
vn -0.1683 -0.7882 0.5919
vn 0.6651 -0.3406 0.6645
vn 0.4496 -0.5042 0.7373
vn 0.6092 -0.4941 0.6203
vn 0.5239 -0.6025 0.6021
vn 0.3547 -0.6181 0.7015
vn 0.3057 -0.7116 0.6326
vn -0.3340 -0.7152 0.6140
vn -0.3547 -0.6181 0.7015
vn -0.5197 -0.6121 0.5961
vn -0.6092 -0.4941 0.6203
vn -0.4426 -0.5235 0.7281
vn -0.6713 -0.3410 0.6581
vn 0.2324 -0.6861 0.6894
vn -0.0310 -0.6726 0.7393
vn 0.0107 -0.7340 0.6790
vn -0.0107 -0.7340 0.6790
vn 0.0393 -0.6801 0.7321
vn -0.2324 -0.6861 0.6894
vn -0.2875 -0.7479 0.5983
vn -0.4557 -0.6114 0.6470
vn -0.4739 -0.7036 0.5294
vn 0.4739 -0.7036 0.5294
vn 0.4903 -0.6072 0.6252
vn 0.2875 -0.7479 0.5983
vn -0.6154 -0.4519 0.6458
vn -0.7089 -0.2521 0.6588
vn -0.7331 -0.3830 0.5620
vn 0.7331 -0.3830 0.5620
vn 0.7092 -0.2519 0.6585
vn 0.6167 -0.4576 0.6405
vn 0.8406 -0.1380 0.5238
vn 0.7664 -0.1647 0.6209
vn 0.7981 -0.2999 0.5226
vn -0.2899 -0.5824 0.7595
vn -0.4141 -0.4809 0.7728
vn -0.4328 -0.5488 0.7152
vn 0.4328 -0.5488 0.7152
vn 0.4363 -0.4769 0.7630
vn 0.2938 -0.6554 0.6958
vn 0.4521 0.4954 0.7418
vn 0.5537 0.3431 0.7587
vn 0.5769 0.4215 0.6996
vn -0.7324 0.1931 0.6529
vn -0.7838 0.2412 0.5722
vn -0.7904 0.0414 0.6112
vn -0.6705 0.4134 0.6161
vn -0.6496 0.5329 0.5423
vn -0.7586 0.3880 0.5234
vn 0.7300 0.1871 0.6574
vn 0.7350 0.0021 0.6780
vn 0.8017 0.0641 0.5943
vn 0.3906 0.6514 0.6505
vn 0.5565 0.4850 0.6746
vn 0.5670 0.5887 0.5761
vn -0.3673 0.7099 0.6009
vn -0.3607 0.7888 0.4977
vn -0.5183 0.6639 0.5391
vn -0.1545 0.7957 0.5856
vn -0.0358 0.8606 0.5080
vn -0.2209 0.8555 0.4683
vn -0.1124 0.7839 0.6106
vn 0.1039 0.7821 0.6144
vn -0.0145 0.8452 0.5343
vn -0.4216 0.5792 0.6977
vn -0.3900 0.6510 0.6513
vn -0.5705 0.4930 0.6569
vn -0.1180 0.7749 0.6210
vn -0.0348 0.7470 0.6639
vn 0.0880 0.7734 0.6278
vn 0.0535 0.6862 0.7254
vn 0.2376 0.6367 0.7336
vn 0.1848 0.6982 0.6916
vn 0.4504 0.6329 0.6297
vn 0.5219 0.6171 0.5889
vn 0.3601 0.6983 0.6187
vn -0.3632 0.6379 0.6791
vn -0.2102 0.6897 0.6929
vn -0.2783 0.7048 0.6525
vn 0.2299 0.7996 0.5548
vn 0.3115 0.8127 0.4924
vn 0.1337 0.8639 0.4857
vn 0.5487 0.6330 0.5461
vn 0.5979 0.6455 0.4753
vn 0.4461 0.7395 0.5041
vn -0.5043 0.6377 0.5823
vn -0.3620 0.7181 0.5944
vn -0.4257 0.7413 0.5189
vn 0.6902 0.4910 0.5316
vn 0.7893 0.3957 0.4695
vn 0.7062 0.5514 0.4442
vn 0.8374 0.1835 0.5149
vn 0.8923 0.1035 0.4394
vn 0.8598 0.2503 0.4450
vn -0.7916 0.2708 0.5477
vn -0.7017 0.4444 0.5569
vn -0.7956 0.3578 0.4889
vn -0.8258 -0.0774 0.5587
vn -0.8286 0.1141 0.5481
vn -0.8782 0.0186 0.4780
vn 0.7199 0.2851 0.6328
vn 0.7699 0.2605 0.5826
vn 0.6822 0.4308 0.5908
vn 0.7580 0.0855 0.6466
vn 0.7989 -0.0438 0.5998
vn 0.8041 0.1197 0.5823
vn -0.6469 0.3463 0.6794
vn -0.5259 0.5350 0.6612
vn -0.6139 0.4907 0.6183
vn 0.5688 0.5539 0.6080
vn 0.4357 0.4171 0.7976
vn 0.6741 0.3368 0.6574
vn -0.2056 0.7892 0.5787
vn -0.3871 0.6941 0.6070
vn -0.3147 0.5270 0.7895
vn 0.1545 0.7633 0.6273
vn 0.0646 0.4864 0.8713
vn 0.2690 0.4671 0.8423
vn 0.2990 0.7114 0.6360
vn 0.0875 0.7983 0.5959
vn 0.0863 0.5517 0.8295
vn 0.7636 0.0994 0.6380
vn 0.7031 0.2105 0.6793
vn 0.5606 0.1470 0.8150
vn 0.4586 0.2954 0.8381
vn 0.6081 0.3558 0.7097
vn 0.4678 0.5269 0.7096
vn 0.2829 0.2870 0.9152
vn 0.4363 0.5323 0.7255
vn 0.1199 0.4277 0.8959
vn -0.7581 -0.1377 0.6374
vn -0.6505 -0.3381 0.6801
vn -0.5228 -0.2147 0.8250
vn 0.5169 -0.2344 0.8234
vn 0.6505 -0.3381 0.6801
vn 0.7581 -0.1377 0.6374
vn -0.4734 -0.5306 0.7031
vn -0.3337 -0.6864 0.6461
vn -0.1849 -0.5445 0.8181
vn 0.2016 -0.5214 0.8291
vn 0.2260 -0.6887 0.6889
vn 0.4734 -0.5306 0.7031
vn -0.0063 -0.7949 0.6067
vn 0.2308 -0.6803 0.6956
vn 0.0793 -0.5078 0.8578
vn -0.0287 -0.5588 0.8288
vn -0.2308 -0.6803 0.6956
vn 0.0063 -0.7949 0.6067
vn 0.7754 -0.1327 0.6174
vn 0.7897 0.0760 0.6088
vn 0.5088 -0.0001 0.8609
vn -0.5052 -0.0297 0.8625
vn -0.7897 0.0760 0.6088
vn -0.7754 -0.1327 0.6174
vn 0.3685 -0.3238 0.8714
vn 0.3942 -0.0743 0.9160
vn 0.2765 -0.0527 0.9596
vn -0.6656 -0.2461 0.7045
vn -0.3815 -0.3292 0.8638
vn -0.4252 -0.0845 0.9012
vn -0.2765 -0.0527 0.9596
vn -0.3644 -0.0394 0.9304
vn -0.3685 -0.3238 0.8714
vn -0.0133 -0.2474 0.9688
vn 0.1367 -0.1299 0.9821
vn -0.0777 -0.0531 0.9956
vn -0.1676 -0.0864 0.9821
vn 0.0595 -0.0006 0.9982
vn -0.1281 0.0776 0.9887
vn 0.2832 0.1733 0.9433
vn 0.1107 0.2305 0.9668
vn 0.1957 0.0779 0.9776
vn -0.1957 0.0779 0.9776
vn -0.0952 0.2114 0.9728
vn -0.2603 0.2119 0.9420
vn 0.6671 0.2484 0.7024
vn 0.3821 0.2011 0.9020
vn 0.4119 0.0689 0.9086
vn 0.2687 0.0357 0.9626
vn 0.3564 0.0360 0.9336
vn 0.3131 0.1564 0.9368
vn -0.3131 0.1564 0.9368
vn -0.3644 0.0482 0.9300
vn -0.2687 0.0357 0.9626
vn -0.0860 -0.8734 0.4794
vn -0.0826 -0.9847 0.1533
vn -0.0276 -0.9558 0.2929
vn 0.2090 -0.7798 0.5901
vn 0.1660 -0.7154 0.6787
vn 0.1131 -0.7951 0.5959
vn 0.2009 -0.8811 0.4281
vn 0.1129 -0.8705 0.4790
vn 0.1460 -0.9733 0.1772
vn -0.6160 -0.6146 0.4928
vn -0.3255 -0.9352 0.1395
vn -0.3345 -0.8157 0.4719
vn -0.2319 -0.8954 0.3801
vn -0.2389 -0.9635 0.1210
vn -0.1375 -0.9793 0.1488
vn -0.4408 -0.4628 0.7691
vn -0.6163 -0.4727 0.6298
vn -0.3488 -0.6962 0.6275
vn 0.8721 0.1234 0.4734
vn 0.7599 0.0907 0.6437
vn 0.8115 0.0305 0.5836
vn -0.8115 0.0305 0.5836
vn -0.7419 0.0691 0.6670
vn -0.8816 0.1182 0.4570
vn -0.8200 0.0358 0.5712
vn -0.9039 0.1197 0.4106
vn -0.9534 0.0768 0.2918
vn 0.5122 -0.8193 0.2577
vn 0.6362 -0.7239 0.2670
vn 0.5077 -0.6717 0.5395
vn 0.4031 -0.7822 0.4750
vn 0.4224 -0.8367 0.3485
vn 0.4319 -0.7173 0.5467
vn -0.5047 -0.6785 0.5338
vn -0.6362 -0.7239 0.2670
vn -0.5122 -0.8193 0.2577
vn -0.4214 -0.7068 0.5682
vn -0.4265 -0.8334 0.3515
vn -0.4031 -0.7822 0.4750
vn 0.5098 -0.6458 0.5683
vn 0.6828 -0.6264 0.3761
vn 0.6140 -0.4386 0.6562
vn 0.8179 -0.4092 0.4045
vn 0.7195 -0.3560 0.5963
vn 0.6469 -0.4323 0.6282
vn -0.5291 -0.4791 0.7004
vn -0.6610 -0.6601 0.3568
vn -0.5098 -0.6458 0.5683
vn -0.8159 -0.4257 0.3912
vn -0.7440 -0.5966 0.3008
vn -0.6425 -0.3867 0.6616
vn -0.9913 -0.0563 0.1193
vn -0.8979 -0.3288 0.2927
vn -0.7884 -0.2983 0.5380
vn -0.7800 0.2941 0.5524
vn -0.9801 0.0997 0.1718
vn -0.7848 -0.2091 0.5834
vn 0.7539 0.2779 0.5953
vn 0.5238 0.0558 0.8500
vn 0.6573 -0.1928 0.7285
vn -0.5265 0.7218 0.4493
vn -0.5939 0.6141 0.5199
vn -0.5334 0.4550 0.7131
vn -0.3563 0.1818 0.9165
vn -0.4842 0.3450 0.8041
vn -0.2375 -0.1435 0.9607
vn 0.5232 0.8426 0.1272
vn 0.4921 0.6475 0.5820
vn 0.5594 0.7736 0.2978
vn 0.5123 0.4398 0.7376
vn 0.4946 0.6031 0.6258
vn 0.3898 0.3055 0.8688
vn -0.3862 0.2670 0.8829
vn -0.4736 0.5677 0.6734
vn -0.5123 0.4398 0.7376
vn -0.4940 0.6015 0.6278
vn -0.5781 0.7103 0.4015
vn -0.5339 0.4893 0.6896
vn -0.1666 0.9218 0.3501
vn -0.3808 0.5999 0.7036
vn 0.1453 0.6167 0.7737
vn -0.4654 0.7875 0.4041
vn -0.2716 0.4770 0.8359
vn 0.1348 0.8218 0.5536
vn -0.0547 0.1369 0.9891
vn 0.0563 -0.0426 0.9975
vn 0.1789 -0.0954 0.9792
vn -0.0066 0.2492 0.9684
vn 0.1636 -0.1206 0.9791
vn 0.2529 0.1621 0.9538
vn 0.0267 0.3251 0.9453
vn -0.1860 0.7258 0.6622
vn -0.2783 0.2502 0.9273
vn 0.7562 0.6521 -0.0544
vn 0.4762 0.8732 0.1032
vn 0.5374 0.6619 0.5226
vn 0.0542 0.9743 0.2186
vn -0.3620 0.9248 0.1173
vn -0.3330 0.7459 0.5768
vn -0.8501 0.5039 0.1532
vn -0.7667 0.4908 0.4138
vn -0.7743 0.5490 0.3148
vn 0.4341 0.2356 0.8695
vn 0.3335 0.2742 0.9020
vn 0.1521 0.0399 0.9876
vn 0.6228 0.4186 0.6610
vn 0.7168 0.5272 0.4564
vn 0.3862 0.3338 0.8599
vn 0.8408 0.5361 0.0750
vn 0.8261 0.5599 -0.0630
vn 0.7631 0.5037 0.4050
vn -0.3947 0.6722 0.6263
vn -0.3201 0.2762 0.9062
vn -0.5512 0.4712 0.6886
vn -0.4274 0.2089 0.8796
vn -0.0674 -0.1022 0.9925
vn -0.1180 0.0167 0.9929
vn 0.0444 -0.0582 0.9973
vn 0.2288 0.2663 0.9363
vn -0.0293 -0.0801 0.9964
vn 0.3028 0.7861 0.5389
vn 0.6097 0.7763 0.1602
vn 0.6365 0.6231 0.4545
vn 0.2707 -0.2609 0.9266
vn 0.2420 -0.2795 0.9291
vn 0.2072 -0.2213 0.9529
vn -0.2444 -0.2787 0.9288
vn -0.3085 -0.2572 0.9158
vn -0.3104 -0.3377 0.8886
vn 0.1216 -0.3282 0.9367
vn 0.1134 -0.3610 0.9257
vn 0.1071 -0.3128 0.9438
vn 0.1197 -0.3038 0.9452
vn 0.1043 -0.3722 0.9223
vn 0.1836 -0.2897 0.9393
vn -0.2612 0.0292 0.9648
vn -0.1924 -0.1925 0.9623
vn -0.1625 -0.2135 0.9633
vn 0.3000 -0.0305 0.9534
vn 0.1034 -0.3665 0.9247
vn 0.2189 -0.1660 0.9615
vn -0.2189 -0.1660 0.9615
vn -0.1033 -0.3665 0.9247
vn -0.3040 -0.0296 0.9522
vn 0.5521 -0.3497 0.7569
vn 0.4916 -0.2084 0.8455
vn 0.4463 -0.2455 0.8605
vn 0.3586 -0.1667 0.9185
vn 0.3763 -0.1831 0.9082
vn 0.2764 -0.1338 0.9517
vn -0.5987 -0.2865 0.7480
vn -0.5589 -0.3511 0.7512
vn -0.4503 -0.2145 0.8667
vn -0.6107 -0.2363 0.7558
vn -0.3771 -0.2967 0.8774
vn -0.5095 0.0319 0.8599
vn 0.4097 -0.4639 0.7855
vn 0.4717 -0.5323 0.7029
vn 0.3942 -0.4014 0.8267
vn -0.4481 -0.5888 0.6727
vn -0.4349 -0.5487 0.7140
vn -0.4343 -0.4097 0.8022
vn -0.4800 -0.4159 0.7724
vn -0.3938 -0.4094 0.8230
vn -0.4418 -0.3219 0.8374
vn 0.2146 -0.0608 0.9748
vn 0.2259 -0.0476 0.9730
vn 0.2693 -0.1123 0.9565
vn -0.3963 -0.4480 0.8014
vn -0.2847 -0.1560 0.9458
vn -0.3412 -0.3314 0.8796
vn -0.2693 -0.1123 0.9565
vn -0.2259 -0.0476 0.9730
vn -0.1941 -0.0696 0.9785
vn 0.0415 0.0338 0.9986
vn 0.0524 -0.0173 0.9985
vn -0.0211 0.0202 0.9996
vn 0.0126 0.0282 0.9995
vn -0.0263 0.0208 0.9994
vn -0.0415 0.0338 0.9986
vn 0.2088 -0.2026 0.9568
vn 0.2121 -0.2333 0.9490
vn 0.2672 -0.2543 0.9295
vn 0.2404 -0.1775 0.9543
vn 0.1904 -0.1966 0.9618
vn 0.1766 -0.1176 0.9772
vn 0.0690 -0.2210 0.9728
vn -0.0892 -0.1852 0.9786
vn 0.0345 -0.2074 0.9776
vn 0.0881 -0.1719 0.9812
vn 0.1359 -0.2059 0.9691
vn 0.1131 -0.1403 0.9836
vn -0.0345 -0.2074 0.9776
vn 0.0418 -0.1719 0.9842
vn -0.0486 -0.2060 0.9773
vn -0.1131 -0.1403 0.9836
vn -0.1359 -0.2059 0.9691
vn -0.0888 -0.1804 0.9796
vn 0.0398 -0.2092 0.9771
vn -0.0814 -0.1520 0.9850
vn 0.0210 -0.2045 0.9786
vn -0.0210 -0.2046 0.9786
vn 0.0720 -0.1496 0.9861
vn 0.0151 -0.1605 0.9869
vn 0.0298 -0.8005 0.5986
vn -0.0705 -0.7063 0.7044
vn -0.0785 -0.8514 0.5186
vn 0.1345 -0.8340 0.5351
vn 0.0705 -0.7063 0.7044
vn -0.0395 -0.7822 0.6218
vn 0.3434 -0.5084 0.7897
vn 0.2135 -0.6541 0.7257
vn 0.2711 -0.7108 0.6490
vn -0.2823 -0.7036 0.6522
vn -0.2135 -0.6541 0.7257
vn -0.3536 -0.5117 0.7830
vn -0.3797 -0.2773 0.8826
vn -0.2453 -0.1694 0.9545
vn -0.3601 -0.1046 0.9270
vn -0.2354 -0.3360 0.9119
vn -0.2772 -0.1464 0.9496
vn -0.3703 -0.2868 0.8835
vn 0.5439 0.0266 0.8387
vn 0.3995 -0.0089 0.9167
vn 0.3924 -0.0365 0.9191
vn -0.3924 -0.0365 0.9191
vn -0.3995 -0.0089 0.9167
vn -0.5480 0.0142 0.8364
vn 0.4683 -0.0560 0.8818
vn 0.6505 -0.0632 0.7569
vn 0.6107 0.0141 0.7917
vn -0.6107 0.0141 0.7917
vn -0.6848 -0.0305 0.7281
vn -0.4719 -0.0713 0.8788
vn -0.1176 -0.0602 0.9912
vn -0.1174 -0.0844 0.9895
vn -0.0702 -0.0387 0.9968
vn 0.0358 -0.0500 0.9981
vn 0.0774 -0.0756 0.9941
vn -0.0751 -0.0865 0.9934
vn -0.1370 -0.0489 0.9894
vn -0.3607 -0.0572 0.9309
vn 0.0952 -0.1699 0.9809
vn -0.0481 -0.0537 0.9974
vn -0.1245 -0.1583 0.9795
vn 0.0162 -0.1399 0.9900
vn 0.8853 -0.3924 0.2497
vn 0.7621 -0.5305 0.3713
vn 0.6511 -0.3950 0.6481
vn -0.6511 -0.3950 0.6481
vn -0.7438 -0.5640 0.3586
vn -0.8853 -0.3924 0.2497
vn 0.9456 -0.0955 0.3110
vn 0.8681 0.3059 0.3908
vn 0.8522 -0.1938 0.4861
vn -0.8522 -0.1938 0.4861
vn -0.8681 0.3059 0.3908
vn -0.9561 0.1899 0.2231
vn -0.8640 0.4115 0.2902
vn -0.7748 0.6042 0.1858
vn -0.9528 0.2771 0.1239
vn -0.2678 0.8574 0.4395
vn -0.3635 0.8840 0.2940
vn -0.6203 0.6334 0.4626
vn -0.1531 0.9279 0.3400
vn -0.1933 0.7997 0.5684
vn -0.4052 0.8386 0.3641
vn -0.4564 0.6700 0.5855
vn -0.1115 0.8407 0.5298
vn -0.1534 0.6751 0.7216
vn -0.1786 0.9188 0.3521
vn -0.2566 0.6937 0.6730
vn -0.3059 0.7032 0.6418
vn -0.5738 0.6981 0.4284
vn -0.5221 0.5240 0.6729
vn 0.2934 0.3649 0.8836
vn 0.5254 0.6339 0.5675
vn 0.6295 0.6720 0.3902
vn 0.6654 0.5684 0.4839
vn 0.2736 0.9056 0.3242
vn 0.3089 0.7006 0.6432
vn 0.1786 0.9188 0.3521
vn 0.5499 -0.7001 0.4555
vn 0.5502 -0.5672 0.6128
vn 0.3481 -0.6777 0.6478
vn 0.2647 -0.3470 0.8997
vn 0.2127 -0.6909 0.6910
vn 0.2205 -0.4243 0.8783
vn -0.5526 -0.5972 0.5813
vn -0.5486 -0.3874 0.7409
vn -0.3780 -0.6232 0.6846
vn -0.1604 -0.6717 0.7232
vn -0.2199 -0.4242 0.8785
vn -0.0195 -0.5664 0.8239
vn -0.0214 0.4373 0.8991
vn 0.3655 0.4256 0.8278
vn 0.1380 0.7475 0.6497
vn -0.2734 -0.0395 0.9611
vn -0.6466 0.2641 0.7156
vn -0.8058 -0.1887 0.5613
vn -0.0225 0.4207 0.9069
vn 0.1837 0.1042 0.9775
vn 0.3512 0.4407 0.8261
vn -0.3656 0.4163 0.8325
vn -0.1534 0.1070 0.9824
vn 0.0225 0.4207 0.9069
vn -0.0500 0.0402 0.9979
vn 0.0120 0.2323 0.9726
vn 0.0013 0.4690 0.8832
vn 0.1673 -0.2874 0.9431
vn 0.2481 -0.5907 0.7678
vn 0.5262 -0.5425 0.6548
vn -0.5185 -0.5006 0.6932
vn -0.2481 -0.5907 0.7678
vn -0.1340 -0.2952 0.9460
vn 0.0758 -0.2249 0.9714
vn 0.0579 0.0050 0.9983
vn 0.0109 -0.1029 0.9946
vn -0.0229 0.0222 0.9995
vn -0.2390 0.0831 0.9674
vn -0.1351 0.0082 0.9908
vn 0.1351 0.0082 0.9908
vn 0.1886 0.0857 0.9783
vn 0.0400 0.0392 0.9984
vn 0.5351 -0.0807 0.8409
vn 0.5391 -0.2427 0.8065
vn 0.3134 -0.1075 0.9435
vn -0.7048 -0.1004 0.7022
vn -0.6506 -0.1521 0.7441
vn -0.5952 -0.3544 0.7212
vn -0.2919 -0.1111 0.9500
vn -0.3805 -0.2092 0.9008
vn -0.2570 -0.0763 0.9634
vn -0.5375 -0.0573 0.8413
vn -0.6272 -0.1860 0.7563
vn -0.6688 -0.1431 0.7296
vn 0.4373 -0.0080 0.8993
vn 0.5833 0.0484 0.8108
vn 0.6200 0.0757 0.7810
vn -0.1961 -0.0405 0.9798
vn -0.2203 -0.0915 0.9711
vn -0.2759 -0.0638 0.9591
vn 0.9043 0.2145 0.3690
vn 0.8703 0.1954 0.4521
vn 0.8324 0.2214 0.5080
vn -0.8320 0.2226 0.5081
vn -0.8703 0.1954 0.4521
vn -0.9043 0.2145 0.3690
vn -0.8021 0.1767 0.5705
vn -0.8639 0.1570 0.4785
vn -0.7536 0.1199 0.6463
vn -0.8103 0.1743 0.5595
vn -0.7594 0.1127 0.6408
vn -0.7710 0.1143 0.6265
vn -0.9042 0.0907 0.4173
vn -0.8267 0.2241 0.5162
vn -0.8542 0.1879 0.4848
vn 0.4723 -0.7085 0.5244
vn 0.4977 -0.6957 0.5180
vn 0.8023 -0.3614 0.4750
vn 0.5264 -0.8010 0.2850
vn 0.8880 -0.3306 0.3197
vn 0.5609 -0.7849 0.2633
vn -0.8023 -0.3614 0.4750
vn -0.7602 -0.5514 0.3436
vn -0.4723 -0.7085 0.5244
vn 0.2120 -0.1649 0.9633
vn -0.0719 -0.2842 0.9561
vn 0.7163 0.1071 0.6895
vn -0.0276 -0.4580 0.8885
vn 0.1000 -0.6182 0.7796
vn -0.0008 -0.1889 0.9820
vn 0.0656 -0.1688 0.9835
vn -0.1000 -0.6182 0.7796
vn 0.0276 -0.4580 0.8885
vn -0.3915 0.6079 0.6907
vn -0.3521 0.6254 0.6963
vn -0.3018 0.7538 0.5837
vn 0.3018 0.7538 0.5837
vn 0.3521 0.6254 0.6963
vn 0.3474 0.5493 0.7600
vn 0.2273 0.7229 0.6525
vn 0.1956 0.4937 0.8473
vn -0.0217 0.5433 0.8393
vn -0.4816 0.5016 0.7186
vn -0.7113 0.5453 0.4435
vn -0.5264 0.6741 0.5182
vn 0.5257 0.6749 0.5178
vn 0.7113 0.5453 0.4435
vn 0.6355 0.4927 0.5945
vn -0.1390 -0.4701 0.8716
vn -0.0741 -0.4488 0.8906
vn -0.7534 -0.4059 0.5173
vn -0.9027 0.3226 0.2847
vn -0.8790 0.1141 0.4629
vn -0.8822 0.0352 0.4695
vn 0.7534 -0.4059 0.5173
vn 0.6186 -0.5522 0.5590
vn 0.1721 -0.4455 0.8786
vn 0.9038 -0.0492 0.4252
vn 0.8790 0.1141 0.4629
vn 0.9027 0.3226 0.2847
vn -0.1263 -0.5049 0.8539
vn 0.0062 -0.8237 0.5670
vn 0.0074 -0.8799 0.4750
vn -0.4395 -0.6380 0.6323
vn 0.0701 -0.5571 0.8275
vn -0.0327 -0.8508 0.5245
vn -0.0344 -0.7526 0.6576
vn -0.0076 -0.8802 0.4745
vn 0.2332 -0.5058 0.8305
vn 0.0939 -0.4873 0.8682
vn -0.0612 -0.4047 0.9124
vn 0.0097 -0.8613 0.5080
vn 0.0269 -0.8824 0.4697
vn -0.0701 -0.5571 0.8275
vn 0.4118 -0.6450 0.6437
vn 0.0868 -0.3952 0.9145
vn 0.0488 -0.1765 0.9831
vn -0.0967 -0.2811 0.9548
vn 0.0967 -0.2811 0.9548
vn -0.1045 -0.2234 0.9691
vn -0.0381 -0.4279 0.9030
vn 0.0181 -0.0562 0.9983
vn 0.1044 -0.0251 0.9942
vn -0.0158 -0.0391 0.9991
vn 0.1397 -0.1178 0.9832
vn 0.1054 -0.1037 0.9890
vn 0.0960 -0.0709 0.9929
vn 0.0118 -0.0250 0.9996
vn -0.0624 -0.0344 0.9975
vn -0.0871 -0.0640 0.9941
vn -0.1969 -0.2485 0.9484
vn 0.0221 -0.1771 0.9839
vn -0.0788 -0.0967 0.9922
vn 0.0724 -0.2933 0.9533
vn 0.2157 -0.3455 0.9133
vn 0.1341 -0.4080 0.9031
vn -0.1282 -0.3939 0.9102
vn -0.1199 -0.4862 0.8656
vn -0.0724 -0.2933 0.9533
vn 0.4383 -0.5873 0.6804
vn 0.5073 -0.4152 0.7552
vn 0.4352 -0.3553 0.8273
vn -0.4303 -0.3590 0.8282
vn -0.5073 -0.4152 0.7552
vn -0.4383 -0.5873 0.6804
vn 0.4900 -0.2131 0.8453
vn 0.4071 -0.1238 0.9050
vn 0.3877 -0.1347 0.9119
vn -0.3893 -0.1247 0.9126
vn -0.4071 -0.1238 0.9050
vn -0.4229 -0.1983 0.8842
vn -0.3546 -0.0069 0.9350
vn -0.3944 0.0592 0.9170
vn -0.3438 -0.1495 0.9270
vn -0.3760 -0.0368 0.9259
vn -0.3230 -0.0845 0.9426
vn -0.3008 -0.0725 0.9509
vn 0.4002 0.3164 0.8601
vn 0.3400 0.2330 0.9111
vn 0.4285 0.2323 0.8732
vn 0.1662 0.0808 0.9828
vn 0.1976 -0.0208 0.9801
vn 0.1685 0.0234 0.9854
vn -0.1441 0.0070 0.9895
vn -0.1976 -0.0208 0.9801
vn -0.1662 0.0808 0.9828
vn -0.2793 -0.2538 0.9261
vn -0.1962 -0.3500 0.9160
vn -0.2330 -0.2901 0.9282
vn 0.1975 0.1088 0.9743
vn 0.1346 -0.5305 0.8369
vn 0.0330 -0.7407 0.6710
vn 0.0082 -0.7697 0.6384
vn -0.1346 -0.5304 0.8370
vn -0.1975 0.1088 0.9743
vn 0.2391 -0.2743 0.9314
vn -0.0139 -0.7230 0.6907
vn 0.0586 -0.5121 0.8569
vn -0.2511 -0.8373 0.4856
vn -0.0173 -0.7107 0.7033
vn 0.0456 -0.5949 0.8025
vn -0.2614 -0.4371 0.8606
vn 0.0390 -0.4598 0.8872
vn -0.0689 -0.3196 0.9450
vn -0.6776 0.0043 0.7354
vn -0.8113 -0.2457 0.5305
vn -0.3184 -0.2209 0.9219
vn 0.3072 -0.1857 0.9334
vn 0.8113 -0.2457 0.5305
vn 0.6776 0.0043 0.7354
vn 0.1660 0.1184 0.9790
vn 0.0337 0.1815 0.9828
vn -0.1312 0.3469 0.9287
vn 0.0521 0.3294 0.9428
vn -0.0337 0.1815 0.9828
vn -0.1660 0.1184 0.9790
vn 0.2824 0.1234 0.9513
vn 0.2026 0.3254 0.9236
vn 0.2422 0.3616 0.9003
vn -0.2801 0.0685 0.9575
vn -0.2474 0.0712 0.9663
vn -0.1257 0.3169 0.9401
vn 0.2601 0.6852 0.6803
vn -0.1563 0.2806 0.9470
vn -0.1023 0.4292 0.8974
vn -0.2745 0.1057 0.9558
vn -0.2502 0.1324 0.9591
vn -0.3076 0.3880 0.8688
vn -0.2889 0.5397 0.7908
vn -0.2900 0.4316 0.8541
vn -0.3321 0.5213 0.7861
vn 0.3762 0.3802 0.8449
vn 0.3995 0.2708 0.8758
vn 0.2746 0.2939 0.9155
vn -0.2746 0.2939 0.9155
vn -0.3995 0.2708 0.8758
vn -0.4290 0.3524 0.8318
vn -0.2824 0.3547 0.8913
vn -0.4289 0.3890 0.8153
vn -0.3616 0.4764 0.8014
vn 0.6210 -0.2071 0.7560
vn 0.5970 -0.1769 0.7825
vn 0.5730 -0.0460 0.8183
vn 0.4865 -0.2164 0.8465
vn 0.5724 -0.1605 0.8041
vn 0.6364 -0.2218 0.7388
vn -0.5937 -0.0365 0.8038
vn -0.5768 -0.0468 0.8156
vn -0.6210 -0.2071 0.7560
vn -0.6205 -0.2641 0.7384
vn -0.5724 -0.1605 0.8041
vn -0.4865 -0.2164 0.8465
vn 0.5790 -0.0454 0.8141
vn 0.5225 0.1106 0.8455
vn 0.5602 0.0836 0.8241
vn -0.6003 0.0247 0.7994
vn -0.5225 0.1106 0.8454
vn -0.5790 -0.0454 0.8141
vn -0.4904 0.8643 -0.1113
vn -0.4275 0.9039 -0.0095
vn -0.4024 0.9103 0.0972
vn -0.3953 0.9076 -0.1413
vn -0.2423 0.9621 0.1253
vn 0.5459 0.8109 0.2106
vn 0.7315 0.5011 -0.4624
vn 0.7691 0.5599 -0.3081
vn 0.6864 0.6335 -0.3569
vn 0.5712 0.8176 0.0726
vn 0.3253 0.9155 0.2368
vn -0.0610 0.9155 0.3976
vn -0.7883 0.5471 -0.2815
vn -0.6554 0.5577 -0.5094
vn -0.7377 0.4939 -0.4604
vn 0.8067 0.5358 -0.2494
vn 0.8004 0.5426 -0.2549
vn 0.7592 0.5038 -0.4122
vn 0.5555 0.4680 -0.6872
vn 0.6267 0.4229 -0.6545
vn 0.4809 0.4269 -0.7658
vn -0.0537 0.8505 -0.5232
vn -0.2265 0.5007 -0.8355
vn -0.4329 0.6255 -0.6491
vn -0.3246 0.9454 -0.0284
vn 0.0944 0.9955 -0.0101
vn -0.0106 0.8918 -0.4524
vn 0.0476 0.8658 -0.4982
vn 0.2723 0.9481 -0.1642
vn 0.4691 0.7164 -0.5165
vn 0.4808 0.8735 -0.0766
vn 0.7370 0.6551 -0.1663
vn 0.6046 0.6642 -0.4398
vn 0.5317 0.8418 -0.0929
vn 0.4451 0.8397 -0.3112
vn 0.5026 0.8543 -0.1325
vn 0.1586 0.6955 -0.7008
vn 0.2052 0.6844 -0.6997
vn 0.0376 0.6351 -0.7715
vn -0.3676 0.8219 -0.4352
vn -0.4615 0.8649 -0.1975
vn -0.2562 0.8191 -0.5132
vn -0.1195 0.6022 -0.7894
vn -0.2319 0.7428 -0.6280
vn -0.1586 0.6955 -0.7008
vn 0.6058 0.7389 0.2952
vn 0.4962 0.8643 -0.0826
vn 0.5203 0.8484 0.0973
vn 0.3960 0.8978 -0.1926
vn 0.4316 0.8590 -0.2752
vn 0.3463 0.9126 -0.2175
vn -0.4091 0.8842 -0.2253
vn -0.3612 0.8671 -0.3430
vn -0.3276 0.9145 -0.2376
vn -0.4222 0.8902 -0.1710
vn -0.4331 0.8970 -0.0881
vn -0.4025 0.8785 -0.2575
vn -0.9022 0.4251 -0.0732
vn -0.7713 0.5354 0.3442
vn -0.5626 0.8119 -0.1559
vn -0.8624 0.4835 -0.1500
vn -0.5640 0.8123 -0.1487
vn -0.6637 0.7188 -0.2071
vn 0.9665 -0.2560 -0.0183
vn 0.9849 -0.0787 -0.1541
vn 0.9976 0.0143 -0.0675
vn 0.9596 -0.2813 -0.0016
vn 0.9797 -0.1997 -0.0161
vn 0.9942 -0.0823 -0.0688
vn -0.9143 0.3125 -0.2577
vn -0.9026 0.3576 -0.2397
vn -0.7628 0.5323 -0.3672
vn 0.8655 -0.4959 0.0714
vn 0.7601 -0.6401 0.1118
vn 0.7977 -0.6003 0.0575
vn 0.6384 -0.7641 0.0930
vn 0.5145 -0.8491 0.1196
vn 0.5408 -0.8387 0.0646
vn -0.7977 -0.6003 0.0575
vn -0.7493 -0.6569 0.0838
vn -0.8655 -0.4959 0.0714
vn -0.6146 -0.7878 0.0419
vn -0.5145 -0.8491 0.1196
vn -0.6384 -0.7641 0.0930
vn 0.4446 -0.8450 -0.2972
vn 0.5430 -0.7773 -0.3177
vn 0.4373 -0.6205 -0.6509
vn 0.0615 -0.2292 -0.9714
vn 0.1331 -0.2695 -0.9537
vn 0.0969 -0.2280 -0.9688
vn 0.1975 -0.8053 -0.5590
vn 0.1159 -0.9354 -0.3340
vn 0.0995 -0.7376 -0.6679
vn -0.2161 -0.7916 -0.5715
vn -0.1612 -0.4200 -0.8931
vn -0.2190 -0.4278 -0.8769
vn -0.3622 -0.3333 -0.8705
vn -0.2544 -0.2173 -0.9424
vn -0.2845 -0.1929 -0.9391
vn -0.6060 -0.7573 -0.2437
vn -0.5829 -0.6315 -0.5114
vn -0.7511 -0.4630 -0.4706
vn -0.0647 -0.2279 -0.9715
vn 0.0170 -0.2739 -0.9616
vn -0.1087 -0.2193 -0.9696
vn 0.0068 -0.7038 -0.7103
vn 0.0778 -0.6050 -0.7924
vn 0.0926 -0.8584 -0.5045
vn 0.0321 -0.3740 -0.9269
vn 0.1303 -0.2348 -0.9633
vn 0.1073 -0.3659 -0.9244
vn 0.0071 -0.4382 -0.8988
vn 0.0094 -0.6138 -0.7894
vn -0.0387 -0.4987 -0.8659
vn 0.0254 -0.9977 -0.0629
vn -0.1129 -0.9936 0.0104
vn -0.0915 -0.9609 -0.2614
vn 0.2372 -0.8479 -0.4742
vn 0.0834 -0.8535 -0.5145
vn 0.0937 -0.6166 -0.7817
vn 0.0915 -0.9609 -0.2614
vn 0.0598 -0.9973 0.0428
vn -0.0254 -0.9977 -0.0629
vn -0.1115 -0.6182 -0.7781
vn -0.0834 -0.8535 -0.5145
vn -0.2309 -0.8655 -0.4446
vn 0.1743 -0.9808 -0.0872
vn 0.1141 -0.9934 -0.0136
vn 0.1106 -0.9677 -0.2267
vn -0.0980 -0.9709 -0.2187
vn -0.0901 -0.9946 -0.0521
vn -0.1743 -0.9808 -0.0872
vn 0.9931 -0.0099 0.1166
vn 0.9073 -0.3823 0.1753
vn 0.9476 -0.1333 -0.2904
vn 0.8826 -0.1450 -0.4473
vn 0.6408 -0.6913 -0.3340
vn 0.2877 -0.4397 -0.8508
vn 0.7839 -0.5929 0.1842
vn 0.3558 -0.9342 0.0269
vn 0.4462 -0.8554 -0.2629
vn -0.2877 -0.4397 -0.8508
vn -0.4428 -0.7217 -0.5320
vn -0.8826 -0.1450 -0.4473
vn -0.9708 -0.0616 -0.2318
vn -0.9073 -0.3823 0.1753
vn -0.9931 -0.0099 0.1166
vn -0.6128 -0.7246 -0.3152
vn -0.3558 -0.9342 0.0269
vn -0.7839 -0.5929 0.1842
vn 0.2880 -0.1523 -0.9454
vn 0.1817 -0.1536 -0.9713
vn 0.2228 -0.1294 -0.9662
vn -0.2344 -0.1282 -0.9637
vn -0.1812 -0.1665 -0.9692
vn -0.2880 -0.1523 -0.9454
vn -0.2713 -0.1148 -0.9556
vn -0.1381 -0.2263 -0.9642
vn -0.1027 -0.3695 -0.9235
vn 0.5124 -0.2053 -0.8338
vn 0.3793 -0.1511 -0.9129
vn 0.4385 -0.2981 -0.8479
vn -0.5235 -0.1718 -0.8345
vn -0.6765 -0.2885 -0.6776
vn -0.4835 -0.2903 -0.8258
vn 0.9704 0.1527 -0.1869
vn 0.9314 0.1001 -0.3499
vn 0.9388 0.1191 -0.3233
vn 0.9573 0.1639 0.2380
vn 0.9841 0.1074 0.1418
vn 0.9875 0.1565 -0.0158
vn -0.9680 0.1529 -0.1992
vn -0.9314 0.1001 -0.3499
vn -0.9710 0.1512 -0.1851
vn -0.9863 0.1650 0.0041
vn -0.9841 0.1074 0.1418
vn -0.9492 0.1472 0.2780
vn 0.9800 0.1986 -0.0144
vn 0.9710 0.2181 0.0980
vn 0.9491 0.2248 0.2206
vn -0.9790 0.1411 -0.1469
vn -0.9761 0.1944 -0.0972
vn -0.9760 0.2138 -0.0424
vn -0.9524 0.2489 0.1762
vn -0.9487 0.2253 0.2220
vn -0.9506 0.2385 0.1988
vn 0.9577 0.0204 0.2872
vn 0.9654 0.1145 0.2342
vn 0.7008 -0.6173 0.3574
vn -0.9198 -0.3710 0.1278
vn -0.5233 -0.8467 0.0965
vn -0.5387 -0.8186 0.1992
vn -0.9502 0.0359 0.3094
vn -0.7205 -0.6397 0.2676
vn -0.7717 -0.4374 0.4616
vn 0.4069 -0.9110 0.0665
vn 0.3803 -0.9155 0.1310
vn 0.3948 -0.9145 0.0881
vn -0.3974 -0.9017 0.1702
vn -0.3879 -0.9092 0.1513
vn -0.3917 -0.9097 0.1377
vn 0.1512 -0.6985 -0.6995
vn 0.1881 -0.8162 -0.5463
vn 0.0385 -0.8046 -0.5926
vn 0.2383 -0.3767 -0.8952
vn 0.2012 -0.5851 -0.7856
vn 0.0401 -0.5513 -0.8333
vn -0.4310 -0.6058 -0.6688
vn -0.3015 -0.6183 -0.7258
vn -0.3504 -0.6977 -0.6249
vn -0.4378 -0.4787 -0.7611
vn -0.3575 -0.3652 -0.8596
vn -0.3013 -0.5843 -0.7536
vn -0.1926 -0.2905 -0.9373
vn -0.0175 -0.2425 -0.9700
vn -0.0020 -0.3898 -0.9209
vn -0.1308 -0.6849 -0.7168
vn 0.0240 -0.6288 -0.7772
vn 0.0118 -0.7416 -0.6707
vn -0.2940 -0.7504 -0.5920
vn -0.2136 -0.6880 -0.6936
vn -0.1146 -0.8219 -0.5579
vn 0.3373 -0.7801 -0.5269
vn 0.3868 -0.8446 -0.3702
vn 0.2272 -0.8812 -0.4145
vn 0.4065 -0.7456 -0.5281
vn 0.5193 -0.6618 -0.5407
vn 0.4988 -0.7652 -0.4070
vn 0.1750 -0.9088 -0.3788
vn 0.2302 -0.9306 -0.2846
vn 0.0562 -0.9563 -0.2869
vn -0.4988 -0.7652 -0.4070
vn -0.5193 -0.6618 -0.5407
vn -0.4124 -0.7263 -0.5499
vn -0.1437 -0.9079 -0.3937
vn 0.0896 -0.8713 -0.4825
vn 0.0473 -0.9430 -0.3293
vn -0.3608 -0.8684 -0.3402
vn -0.2050 -0.9035 -0.3763
vn -0.2500 -0.9252 -0.2856
vn 0.3134 -0.9232 -0.2225
vn 0.4162 -0.8688 -0.2683
vn 0.4532 -0.8758 -0.1661
vn 0.3021 -0.9325 -0.1979
vn 0.4240 -0.8942 -0.1439
vn 0.3459 -0.9219 -0.1744
vn 0.3627 -0.9110 -0.1960
vn 0.4751 -0.8728 -0.1120
vn 0.5124 -0.8539 -0.0910
vn 0.0305 -0.9768 -0.2118
vn 0.2125 -0.9521 -0.2199
vn 0.1744 -0.9655 -0.1936
vn -0.3459 -0.9219 -0.1744
vn -0.4152 -0.8957 -0.1594
vn -0.2977 -0.9341 -0.1972
vn -0.4335 -0.8865 -0.1620
vn -0.4162 -0.8688 -0.2683
vn -0.3051 -0.9211 -0.2419
vn -0.5398 -0.8363 -0.0960
vn -0.4751 -0.8728 -0.1120
vn -0.3975 -0.9079 -0.1332
vn -0.1744 -0.9655 -0.1936
vn -0.2348 -0.9493 -0.2091
vn -0.0435 -0.9751 -0.2175
vn 0.8409 -0.5292 -0.1136
vn 0.8504 -0.5181 -0.0911
vn 0.9079 -0.3284 -0.2606
vn 0.9334 -0.3028 -0.1924
vn 0.8999 -0.4360 -0.0074
vn 0.9127 -0.3249 -0.2476
vn 0.8720 -0.4651 0.1530
vn 0.8157 -0.5594 0.1470
vn 0.8471 -0.5091 0.1526
vn 0.6886 -0.7006 0.1870
vn 0.6215 -0.7640 0.1732
vn 0.6402 -0.7456 0.1851
vn 0.9611 -0.2481 0.1217
vn 0.9704 -0.2247 0.0889
vn 0.9815 -0.1464 0.1232
vn -0.8471 -0.5091 0.1526
vn -0.8263 -0.5407 0.1573
vn -0.8915 -0.4378 0.1169
vn -0.9063 -0.4115 0.0960
vn -0.9257 -0.3639 0.1032
vn -0.9538 -0.2911 0.0748
vn -0.6402 -0.7456 0.1851
vn -0.6204 -0.7651 0.1723
vn -0.7122 -0.6848 0.1544
vn 0.1722 -0.1385 -0.9753
vn 0.2084 -0.2840 -0.9359
vn 0.0317 -0.2303 -0.9726
vn 0.2241 0.1198 -0.9672
vn 0.1270 -0.0007 -0.9919
vn 0.0185 0.1175 -0.9929
vn -0.3324 -0.0546 -0.9416
vn -0.2807 0.0954 -0.9550
vn -0.1883 -0.0222 -0.9819
vn -0.4386 -0.2306 -0.8686
vn -0.3811 -0.1485 -0.9125
vn -0.3651 -0.2811 -0.8875
vn -0.4357 0.1416 -0.8889
vn -0.3559 0.1681 -0.9193
vn -0.4030 0.0112 -0.9151
vn -0.1017 -0.0381 -0.9941
vn 0.0253 0.0972 -0.9949
vn 0.0372 -0.0696 -0.9969
vn -0.3479 -0.1430 -0.9265
vn -0.2085 -0.1333 -0.9689
vn -0.2823 -0.2520 -0.9256
vn 0.4251 0.7842 0.4521
vn 0.3007 0.9139 0.2728
vn 0.2198 0.8463 0.4852
vn 0.2242 0.8453 0.4850
vn 0.2645 0.9267 0.2672
vn 0.1426 0.9552 0.2592
vn 0.1339 0.8058 0.5768
vn 0.1242 0.9197 0.3724
vn -0.0474 0.8898 0.4539
vn -0.2394 0.8480 0.4728
vn -0.0543 0.8123 0.5807
vn -0.0823 0.9247 0.3716
vn -0.0377 0.9717 0.2333
vn 0.1238 0.9041 0.4090
vn 0.1323 0.9797 0.1507
vn 0.1657 0.9686 -0.1854
vn 0.3232 0.9135 -0.2472
vn 0.2219 0.9016 -0.3714
vn 0.3176 0.9174 -0.2397
vn 0.3851 0.8531 -0.3522
vn 0.2300 0.8939 -0.3847
vn -0.0441 0.9829 -0.1788
vn 0.0839 0.9851 -0.1502
vn 0.0125 0.9453 -0.3258
vn 0.0100 0.9984 -0.0550
vn 0.1250 0.9825 0.1381
vn 0.1159 0.9922 -0.0469
vn -0.1660 0.9292 -0.3303
vn -0.3231 0.9135 -0.2472
vn -0.1785 0.9682 -0.1755
vn -0.3228 0.9343 -0.1512
vn -0.2458 0.9679 0.0529
vn -0.2008 0.9753 -0.0916
vn -0.3655 0.8393 -0.4025
vn -0.2304 0.8841 -0.4065
vn -0.3045 0.7541 -0.5820
vn -0.2225 0.9724 0.0699
vn -0.0931 0.9870 0.1311
vn -0.1447 0.9889 -0.0335
vn -0.1159 0.9922 -0.0469
vn -0.1250 0.9825 0.1381
vn 0.0055 0.9987 0.0500
vn -0.0125 0.9453 -0.3258
vn -0.0968 0.9797 -0.1753
vn 0.0441 0.9829 -0.1788
vn 0.2116 0.6722 -0.7095
vn 0.3223 0.6395 -0.6980
vn 0.3291 0.5322 -0.7801
vn 0.3543 0.6179 -0.7020
vn 0.4076 0.5326 -0.7417
vn 0.3466 0.5201 -0.7806
vn 0.2241 0.4167 -0.8810
vn 0.2721 0.2335 -0.9335
vn 0.0664 0.3301 -0.9416
vn 0.0231 0.5440 -0.8388
vn 0.1577 0.6743 -0.7215
vn 0.1990 0.4841 -0.8521
vn 0.0084 0.8374 -0.5466
vn 0.1012 0.8814 -0.4615
vn 0.1154 0.7709 -0.6264
vn -0.3267 0.5327 -0.7807
vn -0.3223 0.6395 -0.6980
vn -0.2123 0.6733 -0.7083
vn -0.4250 0.2538 -0.8689
vn -0.3560 0.3870 -0.8506
vn -0.3449 0.2153 -0.9136
vn -0.1154 0.7709 -0.6264
vn -0.1521 0.8534 -0.4986
vn -0.0464 0.8798 -0.4731
vn -0.1990 0.4841 -0.8521
vn -0.1803 0.6673 -0.7227
vn -0.0378 0.6161 -0.7868
vn 0.5769 0.6272 0.5232
vn 0.6415 0.5938 0.4858
vn 0.5815 0.6421 0.4996
vn -0.5815 0.6421 0.4996
vn -0.6415 0.5938 0.4858
vn -0.5615 0.6491 0.5132
vn 0.6344 0.6757 0.3754
vn 0.6961 0.6179 0.3656
vn 0.7236 0.6516 0.2277
vn -0.7179 0.6591 0.2244
vn -0.6961 0.6179 0.3656
vn -0.6344 0.6757 0.3754
vn -0.7220 0.6824 0.1138
vn -0.6359 0.7671 0.0851
vn -0.6815 0.7315 -0.0215
vn 0.7667 0.6365 -0.0835
vn 0.8141 0.5777 0.0595
vn 0.8948 0.4399 -0.0759
vn 0.9031 0.4245 -0.0652
vn 0.8706 0.4212 -0.2545
vn 0.7647 0.6288 -0.1407
vn 0.7281 0.6576 -0.1936
vn 0.8199 0.4768 -0.3169
vn 0.6655 0.6353 -0.3918
vn -0.9018 0.4303 -0.0407
vn -0.8141 0.5777 0.0595
vn -0.7580 0.6497 -0.0584
vn -0.8259 0.4402 -0.3523
vn -0.6650 0.5949 -0.4515
vn -0.7019 0.4043 -0.5864
vn 0.7406 0.0233 -0.6716
vn 0.6504 -0.0208 -0.7593
vn 0.6844 0.1113 -0.7206
vn 0.5201 0.2890 -0.8037
vn 0.4983 0.4259 -0.7552
vn 0.6088 0.3401 -0.7168
vn 0.5068 0.4733 -0.7205
vn 0.5531 0.5845 -0.5936
vn 0.6233 0.4015 -0.6710
vn -0.7009 0.1218 -0.7027
vn -0.6506 -0.0217 -0.7591
vn -0.7406 0.0234 -0.6716
vn -0.5113 0.3073 -0.8026
vn -0.6222 0.2215 -0.7508
vn -0.6299 0.3226 -0.7066
vn 0.5933 0.0244 -0.8046
vn 0.5210 0.1980 -0.8303
vn 0.6198 0.1842 -0.7628
vn -0.6198 0.1842 -0.7628
vn -0.5210 0.1980 -0.8303
vn -0.5773 0.0170 -0.8164
vn 0.5323 0.7870 -0.3121
vn 0.4905 0.8539 -0.1740
vn 0.6423 0.7560 -0.1261
vn 0.4436 0.8907 -0.0994
vn 0.3249 0.9416 0.0887
vn 0.5136 0.8509 0.1107
vn -0.6423 0.7560 -0.1261
vn -0.5120 0.8519 -0.1099
vn -0.5134 0.8053 -0.2964
vn -0.5302 0.8446 0.0744
vn -0.3249 0.9416 0.0887
vn -0.4009 0.9107 -0.0995
vn 0.5516 0.8036 0.2237
vn 0.4862 0.7773 0.3992
vn 0.6164 0.6761 0.4035
vn -0.6369 0.6807 0.3620
vn -0.5387 0.7228 0.4328
vn -0.5516 0.8036 0.2237
vn 0.3993 0.6944 0.5986
vn 0.4324 0.6763 0.5964
vn 0.4897 0.6748 0.5521
vn -0.5905 0.6169 0.5204
vn -0.5453 0.6596 0.5173
vn -0.6146 0.6202 0.4875
vn -0.4752 0.6390 0.6049
vn -0.4426 0.6718 0.5939
vn -0.3993 0.6944 0.5986
vn 0.2474 0.9113 0.3290
vn 0.3977 0.7903 0.4662
vn 0.3858 0.7783 0.4953
vn 0.5056 0.8618 -0.0411
vn 0.5322 0.8435 0.0725
vn 0.3911 0.9199 0.0280
vn -0.5620 0.7963 0.2239
vn -0.4900 0.8438 0.2189
vn -0.4910 0.7525 0.4390
vn -0.1544 0.8694 -0.4693
vn 0.0002 0.8464 -0.5325
vn -0.1161 0.9510 -0.2864
vn 0.1992 0.7060 0.6796
vn 0.2711 0.7198 0.6390
vn 0.1381 0.7406 0.6576
vn -0.0164 0.6815 0.7316
vn 0.0189 0.7130 0.7009
vn 0.0164 0.6944 0.7194
vn -0.3528 0.6765 0.6464
vn -0.3030 0.6795 0.6682
vn -0.3303 0.6987 0.6346
vn -0.1356 0.6894 0.7116
vn -0.0872 0.6823 0.7259
vn -0.0973 0.7063 0.7012
vn -0.0247 0.7278 0.6853
vn 0.0033 0.6988 0.7153
vn 0.1044 0.7450 0.6588
vn -0.4740 0.4852 -0.7348
vn -0.3044 0.4210 -0.8545
vn -0.3645 0.4552 -0.8123
vn -0.2903 0.4038 -0.8676
vn -0.2502 0.3808 -0.8901
vn -0.1950 0.4326 -0.8803
vn 0.5739 0.5869 -0.5711
vn 0.5274 0.7724 -0.3539
vn 0.4213 0.6844 -0.5951
vn -0.2096 0.8779 -0.4305
vn -0.1944 0.8698 -0.4535
vn 0.0959 0.9531 0.2871
vn 0.0313 0.7545 0.6556
vn -0.2290 0.9546 0.1906
vn 0.0925 0.7980 0.5956
vn 0.1272 0.9434 0.3062
vn 0.1944 0.8698 -0.4535
vn 0.2096 0.8779 -0.4305
vn -0.0924 0.7980 0.5956
vn 0.0659 0.9409 0.3321
vn -0.0364 0.7858 0.6174
vn -0.2281 0.8986 0.3748
vn -0.2132 0.7998 0.5611
vn -0.2994 0.7575 0.5802
vn -0.1249 0.9539 -0.2729
vn -0.0495 0.8806 -0.4712
vn -0.2201 0.9692 0.1108
vn -0.3536 0.8947 0.2728
vn -0.0674 0.7509 0.6569
vn -0.3249 0.8747 0.3595
vn 0.0910 0.6588 0.7468
vn -0.2019 0.8686 0.4525
vn -0.0281 0.7017 0.7119
vn 0.0281 0.7017 0.7119
vn 0.1963 0.8700 0.4524
vn -0.1173 0.7576 0.6420
vn 0.8937 0.4139 0.1733
vn 0.9392 0.2978 0.1708
vn 0.8510 0.4525 0.2667
vn 0.8713 0.4698 0.1417
vn 0.7976 0.5144 0.3150
vn 0.7184 0.6414 0.2692
vn 0.9602 0.2663 -0.0838
vn 0.9294 0.3603 0.0801
vn 0.8334 0.5516 -0.0347
vn -0.9606 -0.2560 0.1080
vn -0.9902 -0.1321 0.0444
vn -0.9829 -0.1650 0.0812
vn -0.9972 0.0480 0.0569
vn -0.9875 0.1442 -0.0632
vn -0.9767 0.2145 -0.0108
vn -0.8214 0.5701 -0.0184
vn -0.8106 0.5826 -0.0587
vn -0.6622 0.7480 -0.0448
vn -0.9890 0.0292 0.1451
vn -0.9683 0.1865 0.1661
vn -0.9821 0.1130 0.1510
vn 0.9616 0.1562 0.2258
vn 0.9484 0.2383 0.2092
vn 0.8798 0.2761 0.3869
vn 0.7828 0.4677 0.4105
vn 0.9271 0.2849 0.2435
vn 0.7915 0.5014 0.3495
vn -0.7790 0.5058 0.3706
vn -0.9271 0.2849 0.2434
vn -0.8773 0.2854 0.3859
vn -0.8798 0.2761 0.3869
vn -0.9284 0.2813 0.2427
vn -0.9623 0.1767 0.2066
vn 0.9826 0.1757 0.0600
vn 0.9758 0.2035 0.0798
vn 0.9643 0.2638 -0.0252
vn 0.9405 0.3278 0.0893
vn 0.9267 0.3757 -0.0112
vn 0.8456 0.5225 0.1093
vn 0.9130 0.3562 0.1990
vn 0.8173 0.5516 0.1665
vn 0.7827 0.5327 0.3219
vn -0.9643 0.2638 -0.0252
vn -0.9614 0.2750 -0.0060
vn -0.9826 0.1757 0.0600
vn -0.9927 0.0132 0.1197
vn -0.9878 -0.1095 0.1110
vn -0.9945 0.0345 0.0988
vn -0.8402 0.5382 0.0666
vn -0.9267 0.3757 -0.0112
vn -0.9405 0.3278 0.0893
vn 0.7779 0.2983 -0.5531
vn 0.8779 0.2957 -0.3767
vn 0.8686 0.1878 -0.4586
vn 0.9282 0.2846 -0.2396
vn 0.9482 0.3018 -0.0995
vn 0.9513 0.2843 -0.1189
vn -0.9304 0.3034 -0.2056
vn -0.8561 0.5136 -0.0572
vn -0.9514 0.2832 -0.1211
vn -0.8690 0.2889 -0.4016
vn -0.8375 0.2086 -0.5051
vn -0.6734 0.3142 -0.6691
vn -0.7570 0.2749 -0.5928
vn -0.7078 0.1812 -0.6828
vn -0.7797 0.1259 -0.6134
vn -0.5442 -0.8343 -0.0884
vn -0.5953 -0.8013 -0.0589
vn -0.5605 -0.8267 -0.0487
vn -0.6229 -0.7818 0.0276
vn -0.6970 -0.7124 0.0818
vn -0.6580 -0.7494 0.0742
vn 0.5551 -0.8150 0.1660
vn 0.5293 -0.8352 0.1489
vn 0.5426 -0.8185 0.1885
vn 0.6070 -0.6789 0.4130
vn 0.5024 -0.8571 0.1140
vn 0.5045 -0.8327 0.2283
vn 0.4860 -0.8682 0.1000
vn 0.4563 -0.8897 -0.0116
vn 0.2811 -0.9596 -0.0147
vn 0.4952 -0.8489 0.1848
vn 0.4763 -0.8637 0.1649
vn 0.5124 -0.8342 0.2039
vn -0.5124 -0.8342 0.2039
vn -0.5098 -0.8385 0.1924
vn -0.5089 -0.8480 0.1481
vn 0.5164 -0.7948 0.3188
vn 0.4769 -0.8387 0.2631
vn 0.5499 -0.6432 0.5328
vn 0.5500 -0.8051 0.2220
vn 0.6089 -0.7170 0.3395
vn 0.6343 -0.7164 0.2905
vn 0.8053 -0.5241 0.2772
vn 0.7605 -0.5183 0.3911
vn 0.9660 -0.1308 0.2232
vn -0.9660 -0.1308 0.2232
vn -0.8473 -0.4318 0.3094
vn -0.8053 -0.5241 0.2772
vn -0.6296 -0.7191 0.2942
vn -0.6089 -0.7170 0.3395
vn -0.5170 -0.7860 0.3390
vn -0.5947 -0.6559 0.4649
vn -0.5475 -0.7645 0.3402
vn -0.5164 -0.7948 0.3188
vn 0.7909 -0.5747 0.2102
vn 0.7015 -0.6630 0.2613
vn 0.7128 -0.6630 0.2287
vn -0.6979 -0.7106 0.0890
vn -0.7546 -0.6516 0.0768
vn -0.6604 -0.7417 0.1173
vn 0.5237 -0.3095 -0.7937
vn 0.4354 -0.4445 -0.7828
vn 0.4528 -0.4809 -0.7508
vn 0.5807 -0.0862 -0.8095
vn 0.5573 -0.1458 -0.8174
vn 0.5394 -0.1897 -0.8204
vn 0.3512 -0.6285 -0.6940
vn 0.1825 -0.7605 -0.6232
vn 0.3800 -0.6767 -0.6306
vn -0.4652 -0.4935 -0.7349
vn -0.4354 -0.4445 -0.7828
vn -0.5237 -0.3095 -0.7937
vn -0.5394 -0.1897 -0.8204
vn -0.5573 -0.1458 -0.8174
vn -0.5895 -0.0878 -0.8030
vn -0.3800 -0.6767 -0.6306
vn -0.2879 -0.7438 -0.6033
vn -0.3575 -0.5766 -0.7346
vn 0.4704 0.0856 -0.8783
vn 0.4896 -0.1122 -0.8647
vn 0.4231 -0.0313 -0.9056
vn -0.5490 -0.4430 -0.7088
vn -0.5149 -0.3143 -0.7975
vn -0.4849 -0.4520 -0.7487
vn -0.5541 -0.0292 -0.8319
vn -0.4583 0.0825 -0.8850
vn -0.4842 -0.1122 -0.8678
vn 0.3674 -0.8310 -0.4177
vn 0.1944 -0.8301 -0.5227
vn 0.1429 -0.8665 -0.4783
vn 0.4146 -0.8354 -0.3608
vn 0.4548 -0.7844 -0.4218
vn 0.2740 -0.8203 -0.5020
vn -0.3276 -0.9140 -0.2395
vn -0.3522 -0.9176 -0.1843
vn -0.1384 -0.9552 -0.2616
vn -0.4117 -0.9062 -0.0966
vn -0.2441 -0.9599 -0.1382
vn -0.2242 -0.9639 -0.1437
vn -0.4524 -0.6937 -0.5604
vn -0.3063 -0.7329 -0.6075
vn -0.3542 -0.6982 -0.6221
vn 0.5448 -0.7685 -0.3355
vn 0.5639 -0.7221 -0.4007
vn 0.5524 -0.7520 -0.3596
vn 0.5284 -0.6312 -0.5678
vn 0.5342 -0.5861 -0.6092
vn 0.5430 -0.6784 -0.4950
vn 0.5192 -0.8268 -0.2165
vn 0.5222 -0.8269 -0.2087
vn 0.4931 -0.8599 -0.1321
vn -0.4885 -0.6838 -0.5420
vn -0.5116 -0.7608 -0.3992
vn -0.5588 -0.7202 -0.4111
vn -0.5408 -0.8080 -0.2338
vn -0.5353 -0.8336 -0.1359
vn -0.5560 -0.8219 -0.1240
vn 0.3782 -0.3251 -0.8668
vn 0.4532 -0.2818 -0.8457
vn 0.4426 -0.4442 -0.7790
vn -0.1311 0.8228 0.5531
vn 0.3261 0.3237 0.8882
vn 0.1721 0.6683 0.7237
vn 0.3772 0.3940 0.8382
vn 0.4660 0.1148 0.8773
vn 0.5480 -0.0190 0.8363
vn 0.4034 0.2520 0.8796
vn 0.4815 -0.1132 0.8691
vn 0.4109 -0.1665 0.8964
vn -0.4109 -0.1665 0.8964
vn -0.4919 -0.1388 0.8595
vn -0.4245 0.3803 0.8217
vn 0.4699 0.2967 0.8314
vn 0.3131 -0.0707 0.9471
vn 0.2885 -0.0314 0.9570
vn -0.1738 0.0280 0.9844
vn -0.4950 0.2971 0.8165
vn -0.4989 0.0684 0.8640
vn -0.2885 -0.0314 0.9570
vn -0.3131 -0.0707 0.9471
vn -0.5231 0.2389 0.8181
vn 0.5033 -0.0679 0.8614
vn 0.5062 -0.1216 0.8538
vn 0.6501 -0.1631 0.7422
vn 0.1606 -0.0008 0.9870
vn 0.0555 0.0061 0.9984
vn 0.3493 -0.0110 0.9370
vn 0.6766 -0.1925 0.7107
vn 0.5889 -0.2201 0.7777
vn 0.7501 -0.4662 0.4690
vn 0.1159 0.1610 0.9801
vn -0.3795 -0.0261 0.9248
vn 0.1540 0.2389 0.9588
vn -0.1942 0.1644 0.9671
vn 0.0048 0.1343 0.9909
vn -0.0530 0.1445 0.9881
vn 0.4598 0.1346 0.8777
vn 0.5719 -0.4731 0.6702
vn 0.6292 -0.4731 0.6167
vn 0.6347 -0.5276 0.5647
vn 0.5368 -0.7003 0.4706
vn 0.4950 -0.8470 0.1938
vn -0.3907 0.1830 0.9021
vn -0.4835 -0.0134 0.8752
vn -0.4373 0.2085 0.8748
vn 0.5704 -0.3674 0.7346
vn 0.5296 0.0701 0.8453
vn 0.4923 0.1862 0.8503
vn 0.4044 -0.7684 0.4960
vn 0.2884 -0.6261 0.7244
vn 0.1286 -0.9649 0.2292
vn 0.5072 -0.4948 0.7056
vn 0.4715 0.1369 0.8712
vn 0.3651 -0.3440 0.8650
vn -0.3651 -0.3440 0.8650
vn -0.4572 0.1540 0.8759
vn -0.5072 -0.4948 0.7056
vn -0.4934 0.1648 0.8540
vn -0.5296 0.0701 0.8453
vn -0.5524 -0.3617 0.7510
vn -0.3858 -0.8311 0.4004
vn -0.1427 -0.9880 -0.0584
vn -0.1056 -0.9840 0.1438
vn -0.4490 -0.8131 0.3705
vn -0.4460 -0.8862 0.1255
vn -0.1821 -0.9830 -0.0250
vn 0.3314 0.5871 0.7386
vn 0.1452 0.8130 0.5639
vn 0.3516 0.5974 0.7208
vn -0.3516 0.5974 0.7208
vn -0.2767 0.7341 0.6201
vn -0.3246 0.6024 0.7292
vn -0.5625 0.5118 0.6494
vn -0.4097 0.6480 0.6421
vn -0.2659 0.6151 0.7422
vn 0.7529 0.1980 0.6277
vn 0.7191 0.0282 0.6943
vn 0.7333 0.0958 0.6731
vn 0.6298 0.5060 0.5894
vn 0.8019 0.3878 0.4545
vn 0.5502 0.6138 0.5661
vn 0.7095 0.0333 0.7039
vn 0.4747 -0.0830 0.8762
vn 0.6833 0.1082 0.7221
vn 0.1990 -0.4415 0.8749
vn -0.0780 -0.4503 0.8894
vn 0.0037 -0.4724 0.8814
vn -0.3403 -0.2820 0.8970
vn -0.5521 -0.1227 0.8247
vn -0.3695 -0.1097 0.9227
vn 0.0761 -0.4394 0.8951
vn -0.0617 -0.4469 0.8924
vn -0.1437 -0.3655 0.9196
vn 0.5760 -0.4068 0.7090
vn 0.5149 -0.4327 0.7400
vn 0.5277 -0.3667 0.7662
vn -0.3102 -0.5309 0.7886
vn -0.4808 -0.4462 0.7548
vn -0.3087 -0.5184 0.7975
vn 0.5661 -0.3280 0.7562
vn 0.5551 -0.2062 0.8058
vn 0.6110 -0.4143 0.6745
vn -0.5772 -0.4089 0.7069
vn -0.5551 -0.2062 0.8058
vn -0.5662 -0.3280 0.7562
vn 0.6667 -0.7274 0.1626
vn 0.6365 -0.7392 0.2199
vn 0.7966 -0.5858 0.1490
vn 0.8171 -0.5608 0.1339
vn 0.8514 -0.2918 0.4358
vn 0.9059 -0.4114 0.1009
vn -0.8269 -0.5586 0.0655
vn -0.8666 -0.4938 0.0714
vn -0.9116 -0.4091 -0.0392
vn 0.0254 -0.9783 0.2055
vn 0.1622 -0.6833 0.7118
vn 0.2108 -0.9249 0.3164
vn 0.2512 0.1365 0.9583
vn 0.3105 0.4853 0.8174
vn 0.2234 0.6274 0.7460
vn 0.6109 0.2302 0.7575
vn 0.4141 0.3446 0.8425
vn 0.5816 0.1267 0.8035
vn -0.1825 -0.4526 0.8728
vn -0.2641 -0.5603 0.7851
vn -0.4683 -0.5427 0.6973
vn -0.2963 0.1512 0.9431
vn -0.6232 0.1847 0.7600
vn -0.3937 0.3951 0.8300
vn 0.9095 -0.4123 0.0523
vn 0.9325 -0.3586 -0.0427
vn 0.9488 -0.3155 -0.0113
vn 0.5035 -0.0264 0.8636
vn 0.5998 -0.2429 0.7624
vn 0.4741 -0.0611 0.8784
vn -0.5317 0.8047 0.2642
vn -0.5724 0.8192 0.0356
vn -0.3452 0.8521 0.3935
vn -0.4741 -0.0611 0.8784
vn -0.5173 -0.2251 0.8257
vn -0.4928 -0.0639 0.8678
vn 0.3452 0.8521 0.3935
vn 0.3083 0.9032 0.2987
vn 0.5260 0.8125 0.2513
vn 0.1877 0.8273 0.5294
vn 0.0972 0.9073 0.4091
vn 0.1963 0.8559 0.4785
vn 0.2993 0.6672 0.6821
vn 0.2101 0.7941 0.5703
vn 0.2232 0.7847 0.5783
vn -0.1940 0.8508 0.4883
vn -0.0972 0.9073 0.4091
vn -0.1877 0.8273 0.5294
vn -0.2232 0.7847 0.5783
vn -0.2101 0.7941 0.5703
vn -0.2900 0.6697 0.6836
vn 0.7077 0.2421 0.6637
vn 0.7276 0.2236 0.6485
vn 0.6586 0.3119 0.6848
vn 0.7140 0.2879 0.6382
vn 0.3649 0.7289 0.5793
vn 0.4246 0.7422 0.5185
vn 0.7320 0.1031 0.6734
vn 0.6637 0.3911 0.6376
vn 0.6405 0.4389 0.6301
vn -0.6400 0.4366 0.6323
vn -0.6637 0.3911 0.6376
vn -0.7320 0.1031 0.6734
vn 0.7564 -0.4127 0.5074
vn 0.9207 -0.3553 0.1618
vn 0.8344 -0.4216 0.3550
vn 0.8816 -0.4046 0.2430
vn 0.8988 0.0970 0.4275
vn 0.8435 -0.1581 0.5133
vn -0.8344 -0.4216 0.3550
vn -0.8984 -0.4087 0.1608
vn -0.7564 -0.4127 0.5074
vn -0.6522 -0.3918 0.6489
vn -0.6311 -0.4321 0.6442
vn -0.6642 -0.3636 0.6532
vn -0.6223 -0.3307 0.7095
vn -0.5818 -0.2107 0.7856
vn -0.6265 -0.3943 0.6723
vn 0.6368 0.0334 0.7703
vn 0.9307 -0.2636 0.2537
vn 0.7196 -0.2682 0.6405
vn -0.7422 -0.0980 0.6629
vn -0.9307 -0.2636 0.2537
vn -0.9563 0.0281 0.2910
vn 0.8689 -0.0089 0.4950
vn 0.8311 0.0854 0.5495
vn 0.9155 -0.3789 0.1353
vn 0.9357 -0.3524 0.0198
vn 0.9277 -0.3725 -0.0228
vn 0.9283 -0.3717 -0.0104
vn -0.9330 -0.3574 0.0431
vn -0.9345 -0.3481 0.0741
vn -0.9255 -0.3082 0.2200
vn -0.9458 -0.1209 0.3013
vn -0.9268 -0.3723 0.0492
vn -0.9166 -0.3401 0.2104
vn 0.7634 -0.5889 0.2655
vn 0.7261 -0.4141 0.5489
vn 0.6831 -0.5401 0.4917
vn -0.7705 -0.5353 0.3460
vn -0.6940 -0.5470 0.4682
vn -0.6885 -0.5022 0.5233
vn -0.6073 0.4318 0.6669
vn -0.7329 0.1027 0.6725
vn -0.4120 0.2749 0.8687
vn 0.6840 0.3435 0.6435
vn 0.6095 0.3210 0.7249
vn 0.5067 0.1631 0.8466
vn -0.7909 0.3183 0.5226
vn -0.7322 0.2446 0.6356
vn -0.5719 0.1847 0.7992
vn 0.6444 0.0357 0.7639
vn 0.7996 0.3030 0.5186
vn 0.4102 0.6683 0.6206
vn -0.4011 0.5490 0.7333
vn -0.7996 0.3030 0.5186
vn -0.6444 0.0357 0.7639
vn 0.0470 0.9582 0.2821
vn 0.2191 0.7537 0.6196
vn 0.1151 0.9801 0.1616
vn 0.0144 0.9252 0.3791
vn -0.0245 0.9994 -0.0228
vn -0.1400 0.9152 0.3778
vn 0.6212 -0.5147 0.5909
vn 0.6163 -0.5638 0.5498
vn 0.6789 -0.4992 0.5385
vn 0.6055 -0.4098 0.6822
vn 0.5797 -0.2954 0.7594
vn 0.4858 -0.1166 0.8662
vn -0.6788 -0.4992 0.5385
vn -0.6807 -0.5402 0.4949
vn -0.6120 -0.5504 0.5679
vn -0.5299 -0.0542 0.8463
vn -0.5797 -0.2954 0.7594
vn -0.6055 -0.4098 0.6822
vn 0.4090 -0.6847 0.6033
vn 0.5305 -0.6745 0.5134
vn 0.5241 -0.6286 0.5746
vn -0.5079 -0.6193 0.5987
vn -0.5305 -0.6745 0.5134
vn -0.4090 -0.6847 0.6033
vn -0.3181 -0.6742 0.6666
vn 0.0566 -0.7722 0.6329
vn -0.0579 -0.4801 0.8753
vn -0.0265 -0.4948 0.8686
vn -0.0566 -0.7722 0.6329
vn 0.3190 -0.6812 0.6589
vn -0.9602 0.2403 0.1421
vn -0.9745 0.0807 0.2093
vn -0.8015 0.0475 0.5961
vn 0.3081 0.0408 0.9505
vn -0.4049 0.2303 0.8849
vn 0.2458 -0.0590 0.9675
vn 0.8503 -0.0432 0.5245
vn 0.9444 0.0350 0.3268
vn 0.9602 0.2403 0.1421
vn -0.2458 -0.0590 0.9675
vn 0.4405 0.1794 0.8797
vn -0.3081 0.0408 0.9505
vn 0.8201 0.4492 0.3544
vn 0.9078 0.4083 0.0960
vn 0.2202 0.5322 0.8175
vn -0.1382 0.9579 0.2517
vn -0.1171 0.7019 0.7025
vn 0.0976 0.8354 0.5408
vn -0.4601 0.8213 0.3373
vn -0.0659 0.4455 0.8928
vn 0.0386 0.5601 0.8275
vn 0.4631 0.8549 0.2337
vn 0.3427 0.9341 0.1003
vn 0.1100 0.7016 0.7040
vn 0.8527 0.5198 0.0528
vn 0.6679 0.7203 0.1874
vn 0.4015 0.4708 0.7856
vn 0.0462 0.9596 0.2775
vn 0.1302 0.8998 0.4164
vn 0.2224 0.8407 0.4937
vn -0.2016 0.2788 0.9390
vn -0.3016 0.1394 0.9432
vn -0.2339 0.1745 0.9565
vn 0.3632 -0.0671 0.9293
vn 0.3879 0.0091 0.9216
vn 0.3684 0.0474 0.9285
vn -0.4065 -0.0370 0.9129
vn -0.4054 -0.0079 0.9141
vn -0.3656 0.0081 0.9307
vn -0.3119 0.0242 0.9498
vn -0.3178 -0.0061 0.9481
vn -0.3870 -0.0001 0.9221
vn 0.4850 -0.1383 0.8635
vn 0.5658 -0.2161 0.7957
vn 0.4457 -0.1749 0.8779
vn -0.4457 -0.1749 0.8779
vn -0.5344 -0.3129 0.7852
vn -0.4850 -0.1383 0.8635
vn 0.5423 -0.2869 0.7896
vn 0.3559 -0.2252 0.9070
vn 0.4633 -0.3196 0.8266
vn -0.5216 -0.3548 0.7759
vn -0.3646 -0.1798 0.9136
vn -0.5423 -0.2869 0.7896
vn 0.1532 0.3200 0.9349
vn 0.2014 0.2128 0.9561
vn 0.1601 0.3329 0.9293
vn -0.1800 0.4198 0.8896
vn -0.0947 0.6378 0.7644
vn -0.1359 0.2740 0.9521
vn 0.4591 0.1471 0.8761
vn 0.4678 0.1394 0.8728
vn 0.4723 0.2242 0.8524
vn 0.2752 0.7081 0.6503
vn 0.4361 0.2201 0.8726
vn 0.3844 0.4517 0.8051
vn -0.4723 0.2242 0.8524
vn -0.4611 0.1348 0.8771
vn -0.4591 0.1471 0.8761
vn -0.3844 0.4517 0.8051
vn -0.4361 0.2201 0.8726
vn -0.2656 0.6948 0.6683
vn 0.4486 -0.0683 0.8911
vn 0.4107 -0.0173 0.9116
vn 0.4297 0.0301 0.9025
vn -0.4328 -0.0742 0.8985
vn -0.4096 -0.0341 0.9116
vn -0.4188 0.0556 0.9064
vn -0.4476 -0.0558 0.8925
vn -0.4007 -0.0822 0.9125
vn -0.4159 -0.1241 0.9009
vn -0.4490 -0.0437 0.8924
vn -0.3839 -0.0522 0.9219
vn -0.4805 -0.0454 0.8758
vn 0.4265 0.1579 0.8906
vn 0.3212 0.1153 0.9399
vn 0.4138 0.0936 0.9055
vn 0.4160 0.1562 0.8959
vn 0.4201 0.1313 0.8979
vn 0.3687 0.1694 0.9140
vn 0.2479 -0.9339 -0.2576
vn 0.0571 -0.9572 -0.2837
vn -0.1161 -0.7503 -0.6509
vn 0.1108 -0.7508 -0.6512
vn -0.0571 -0.9572 -0.2837
vn -0.2479 -0.9339 -0.2576
vn 0.6777 -0.7348 0.0275
vn 0.3945 -0.8439 -0.3637
vn 0.3357 -0.6320 -0.6985
vn 0.2822 -0.6051 -0.7444
vn 0.2818 -0.8119 -0.5113
vn -0.0072 -0.5000 -0.8660
vn -0.1354 -0.3467 -0.9281
vn -0.2089 -0.4948 -0.8435
vn -0.3263 -0.2188 -0.9196
vn 0.6926 -0.6974 0.1842
vn 0.6188 -0.5122 0.5956
vn 0.5340 -0.8433 0.0603
vn 0.3035 -0.2073 -0.9300
vn 0.2090 -0.4948 -0.8435
vn 0.0818 -0.4420 -0.8933
vn -0.0434 -0.4696 -0.8818
vn -0.2818 -0.8119 -0.5113
vn -0.2822 -0.6051 -0.7444
vn -0.3357 -0.6320 -0.6985
vn -0.3945 -0.8439 -0.3637
vn -0.6785 -0.7345 0.0095
vn -0.5340 -0.8433 0.0603
vn -0.6198 -0.5117 0.5949
vn -0.6926 -0.6974 0.1842
vn 0.9098 -0.0774 0.4078
vn 0.9671 -0.0021 -0.2545
vn 0.9840 0.1319 0.1194
vn -0.8324 -0.0470 0.5521
vn -0.6747 0.0012 0.7381
vn -0.9514 0.1429 0.2727
vn 0.6027 0.7977 0.0182
vn 0.4915 0.6835 -0.5397
vn 0.1261 0.7503 -0.6489
vn -0.8956 0.4383 0.0765
vn -0.6696 0.7275 0.1498
vn -0.5689 0.6667 -0.4816
vn -0.6572 0.0872 0.7487
vn -0.6970 0.4623 0.5481
vn -0.8970 0.3747 0.2347
vn -0.5631 0.8250 0.0489
vn -0.1902 0.9764 -0.1027
vn -0.1084 0.8013 -0.5884
vn -0.0611 0.9578 0.2810
vn -0.0910 0.9934 -0.0695
vn -0.3530 0.8847 -0.3045
vn 0.1069 0.9398 -0.3246
vn 0.3711 0.7604 -0.5329
vn 0.2234 0.6817 -0.6967
vn 0.2837 0.5553 -0.7818
vn 0.4214 0.6451 -0.6374
vn 0.4098 0.3390 -0.8468
vn -0.4923 0.6880 -0.5332
vn -0.4984 0.6803 -0.5373
vn -0.5101 0.5752 -0.6394
vn -0.0770 0.9472 0.3113
vn -0.4179 0.8776 -0.2348
vn -0.3500 0.9268 0.1361
vn -0.4378 0.2892 -0.8513
vn -0.4079 0.2028 -0.8902
vn -0.4050 0.1324 -0.9047
vn 0.4345 0.5635 -0.7027
vn 0.4984 0.6803 -0.5373
vn 0.4815 0.7099 -0.5140
vn 0.3739 0.1146 -0.9204
vn 0.4079 0.2028 -0.8902
vn 0.4370 0.2946 -0.8498
vn -0.3417 -0.1990 -0.9185
vn -0.3239 -0.2771 -0.9046
vn -0.3273 -0.2083 -0.9217
vn -0.3540 -0.0187 -0.9351
vn -0.3211 -0.0424 -0.9461
vn -0.3179 0.0226 -0.9478
vn 0.3486 -0.0136 -0.9372
vn 0.3495 0.0771 -0.9337
vn 0.3677 0.0667 -0.9276
vn -0.1685 0.3417 -0.9246
vn -0.1750 0.0781 -0.9815
vn -0.2881 0.1518 -0.9455
vn -0.2758 -0.0671 -0.9589
vn -0.1661 -0.0418 -0.9852
vn -0.0891 -0.2305 -0.9690
vn -0.0568 -0.2491 -0.9668
vn -0.0319 -0.0912 -0.9953
vn 0.2147 -0.3016 -0.9290
vn 0.0984 -0.2292 -0.9684
vn 0.1661 -0.0418 -0.9852
vn 0.2758 -0.0671 -0.9589
vn -0.1535 -0.3363 -0.9292
vn 0.0319 -0.0912 -0.9953
vn 0.0568 -0.2491 -0.9668
vn 0.3838 0.2897 -0.8768
vn 0.6123 0.0444 -0.7894
vn 0.0213 0.0167 -0.9996
vn 0.9400 0.3106 -0.1409
vn 0.8220 0.0852 -0.5631
vn 0.5629 0.3383 -0.7541
vn 0.2966 0.9537 0.0491
vn 0.7722 0.6343 0.0375
vn -0.5133 0.8181 0.2594
vn 0.5587 0.8111 0.1731
vn 0.5295 0.8114 0.2475
vn 0.4739 0.8748 0.1010
vn -0.1875 0.8919 -0.4115
vn -0.5949 0.5641 -0.5726
vn 0.2150 0.6629 -0.7172
vn 0.5239 0.8361 0.1626
vn 0.3706 0.9210 0.1200
vn -0.2966 0.9537 0.0491
vn 0.4668 0.8840 0.0246
vn 0.3928 0.9150 -0.0922
vn 0.4656 0.8351 -0.2929
vn 0.2450 -0.2170 -0.9449
vn -0.1439 -0.0430 -0.9887
vn -0.0376 -0.1424 -0.9891
vn 0.5344 0.1450 -0.8327
vn -0.1165 0.2601 -0.9585
vn 0.4253 0.0494 -0.9037
vn 0.0376 -0.1424 -0.9891
vn 0.1439 -0.0430 -0.9887
vn -0.2917 -0.0241 -0.9562
vn -0.4253 0.0494 -0.9037
vn 0.1165 0.2601 -0.9585
vn -0.5184 0.1380 -0.8439
vn -0.0128 -0.9956 -0.0929
vn -0.0106 -0.9829 -0.1839
vn -0.0646 -0.9969 -0.0460
vn 0.0313 -0.3932 -0.9189
vn 0.1241 -0.6773 -0.7251
vn 0.2560 -0.4998 -0.8275
vn -0.0630 -0.9776 -0.2007
vn -0.0588 -0.9625 -0.2649
vn -0.0532 -0.9960 -0.0715
vn -0.1041 -0.8501 -0.5162
vn -0.0780 -0.7440 -0.6636
vn -0.0979 -0.8783 -0.4679
vn -0.1802 -0.5216 -0.8340
vn -0.1241 -0.6773 -0.7251
vn -0.0313 -0.3932 -0.9189
vn 0.0979 -0.8783 -0.4679
vn 0.1749 -0.7047 -0.6876
vn 0.1041 -0.8501 -0.5162
vn 0.0646 -0.9969 -0.0460
vn 0.0916 -0.9901 -0.1067
vn -0.0099 -0.9972 -0.0740
vn 0.6961 -0.2840 0.6594
vn 0.6941 -0.4231 0.5824
vn 0.7672 -0.2560 0.5880
vn -0.7022 -0.4207 0.5744
vn -0.6961 -0.2840 0.6594
vn -0.7705 -0.2699 0.5775
vn 0.8137 -0.1761 0.5539
vn 0.8618 -0.2433 0.4452
vn 0.8940 -0.0932 0.4382
vn 0.6834 -0.4682 0.5601
vn 0.7145 -0.5271 0.4601
vn 0.7574 -0.4189 0.5010
vn -0.6972 -0.5391 0.4725
vn -0.6834 -0.4682 0.5601
vn -0.7574 -0.4189 0.5010
vn -0.8410 -0.2614 0.4737
vn -0.8137 -0.1761 0.5539
vn -0.8909 -0.0864 0.4459
vn 0.5802 -0.5996 0.5512
vn 0.4955 -0.7361 0.4611
vn 0.6312 -0.6253 0.4588
vn 0.2784 -0.7906 0.5453
vn 0.2089 -0.8764 0.4339
vn 0.3610 -0.8195 0.4451
vn -0.1987 -0.8718 0.4478
vn -0.2784 -0.7906 0.5453
vn -0.3610 -0.8195 0.4451
vn -0.5042 -0.7368 0.4504
vn -0.5802 -0.5996 0.5512
vn -0.6202 -0.6487 0.4411
vn -0.2239 -0.5901 0.7757
vn -0.3856 -0.5999 0.7010
vn -0.2016 -0.7050 0.6799
vn 0.1667 -0.6452 0.7456
vn -0.0028 -0.7171 0.6970
vn 0.2024 -0.7334 0.6490
vn 0.3856 -0.5999 0.7010
vn 0.2239 -0.5900 0.7757
vn 0.2550 -0.7145 0.6515
vn -0.0091 -0.7331 0.6801
vn -0.1667 -0.6452 0.7456
vn -0.1849 -0.7438 0.6423
vn -0.0864 -0.8122 0.5769
vn -0.1449 -0.8954 0.4211
vn 0.0037 -0.8847 0.4661
vn -0.2648 -0.7581 0.5960
vn -0.4230 -0.7561 0.4994
vn -0.2834 -0.8432 0.4569
vn 0.4230 -0.7561 0.4994
vn 0.2648 -0.7581 0.5960
vn 0.3156 -0.8441 0.4334
vn 0.1630 -0.8789 0.4482
vn 0.0864 -0.8122 0.5769
vn -0.0037 -0.8847 0.4661
vn -0.5798 -0.5235 0.6243
vn -0.7096 -0.4716 0.5235
vn -0.5881 -0.6288 0.5087
vn -0.8406 -0.1380 0.5238
vn -0.7981 -0.2999 0.5226
vn -0.7343 -0.1592 0.6598
vn 0.7104 -0.4774 0.5170
vn 0.5798 -0.5235 0.6243
vn 0.6031 -0.6246 0.4962
vn -0.6069 -0.2201 0.7637
vn -0.6346 -0.0952 0.7670
vn -0.6866 -0.1621 0.7087
vn -0.5129 -0.3217 0.7959
vn -0.6520 -0.2340 0.7212
vn -0.5545 -0.4429 0.7046
vn 0.6206 -0.1050 0.7771
vn 0.6069 -0.2201 0.7637
vn 0.6866 -0.1621 0.7087
vn 0.6606 -0.2504 0.7077
vn 0.5129 -0.3217 0.7959
vn 0.5765 -0.4357 0.6913
vn -0.6336 0.2049 0.7460
vn -0.6758 0.1983 0.7099
vn -0.6582 0.1467 0.7384
vn -0.6198 0.0610 0.7824
vn -0.6914 0.1479 0.7072
vn -0.7118 0.0008 0.7023
vn -0.4521 0.4954 0.7418
vn -0.6146 0.4287 0.6622
vn -0.5537 0.3431 0.7587
vn 0.6758 0.1983 0.7099
vn 0.6320 0.1916 0.7509
vn 0.6582 0.1467 0.7384
vn 0.6914 0.1479 0.7072
vn 0.6198 0.0610 0.7824
vn 0.7131 0.0018 0.7011
vn -0.7440 0.1485 0.6515
vn -0.8271 0.0657 0.5582
vn -0.7350 0.0021 0.6780
vn -0.4414 0.6289 0.6400
vn -0.5670 0.5887 0.5761
vn -0.5500 0.5075 0.6633
vn 0.6199 0.3704 0.6917
vn 0.7586 0.3880 0.5234
vn 0.6482 0.5360 0.5408
vn 0.7149 0.1949 0.6715
vn 0.7852 0.1110 0.6092
vn 0.7838 0.2412 0.5722
vn 0.1124 0.7839 0.6106
vn 0.0079 0.8691 0.4946
vn -0.0648 0.7961 0.6017
vn 0.1501 0.7681 0.6224
vn 0.2209 0.8555 0.4683
vn 0.0680 0.8547 0.5146
vn 0.3266 0.6844 0.6519
vn 0.4992 0.6760 0.5421
vn 0.3607 0.7888 0.4977
vn -0.0535 0.6863 0.7254
vn -0.2144 0.7389 0.6388
vn -0.2376 0.6367 0.7336
vn 0.1180 0.7749 0.6210
vn -0.0879 0.7734 0.6278
vn 0.0491 0.6806 0.7310
vn 0.3731 0.5402 0.7544
vn 0.5069 0.5339 0.6768
vn 0.3870 0.6568 0.6472
vn 0.3632 0.6379 0.6791
vn 0.2794 0.7483 0.6016
vn 0.2102 0.6897 0.6929
vn -0.4366 0.5902 0.6790
vn -0.3601 0.6983 0.6187
vn -0.5219 0.6171 0.5889
vn 0.5043 0.6377 0.5823
vn 0.4271 0.7625 0.4861
vn 0.3620 0.7181 0.5944
vn -0.5472 0.6047 0.5787
vn -0.4819 0.7148 0.5068
vn -0.5979 0.6455 0.4753
vn -0.2325 0.7645 0.6013
vn -0.1337 0.8639 0.4857
vn -0.3115 0.8127 0.4924
vn 0.7916 0.2708 0.5477
vn 0.8092 0.3679 0.4581
vn 0.7239 0.4178 0.5490
vn 0.8258 -0.0774 0.5587
vn 0.8953 0.0184 0.4451
vn 0.8286 0.1141 0.5481
vn -0.8222 0.1785 0.5405
vn -0.8598 0.2503 0.4450
vn -0.8923 0.1035 0.4394
vn -0.6683 0.4801 0.5682
vn -0.7062 0.5514 0.4442
vn -0.7664 0.4296 0.4776
vn 0.6470 0.3463 0.6794
vn 0.6344 0.5074 0.5832
vn 0.5259 0.5350 0.6612
vn -0.7306 0.0940 0.6763
vn -0.8041 0.1197 0.5823
vn -0.7989 -0.0438 0.5998
vn -0.6917 0.2527 0.6765
vn -0.6822 0.4308 0.5908
vn -0.7797 0.2497 0.5742
vn -0.5688 0.5539 0.6080
vn -0.6389 0.3789 0.6695
vn -0.4357 0.4171 0.7976
vn 0.2823 0.7426 0.6073
vn 0.3147 0.5270 0.7895
vn 0.4399 0.7070 0.5537
vn -0.2782 0.7110 0.6459
vn -0.0863 0.5517 0.8295
vn -0.1108 0.7734 0.6241
vn -0.1545 0.7633 0.6273
vn -0.3325 0.4165 0.8461
vn -0.0042 0.4399 0.8980
vn -0.4586 0.2954 0.8381
vn -0.5011 0.4720 0.7254
vn -0.6081 0.3558 0.7097
vn -0.7359 0.1384 0.6628
vn -0.5606 0.1470 0.8150
vn -0.7081 0.2305 0.6675
vn -0.3046 0.2255 0.9254
vn -0.1199 0.4277 0.8959
vn -0.4363 0.5323 0.7255
vn -0.4735 -0.5232 0.7085
vn -0.1940 -0.4300 0.8818
vn -0.3274 -0.1971 0.9241
vn -0.7365 -0.0819 0.6715
vn -0.4095 -0.1812 0.8941
vn -0.4191 0.1661 0.8926
vn 0.1940 -0.4299 0.8818
vn 0.5075 -0.4504 0.7346
vn 0.3274 -0.1971 0.9241
vn 0.4095 -0.1812 0.8941
vn 0.7372 0.0282 0.6751
vn 0.4192 0.1661 0.8926
vn 0.6656 -0.2461 0.7045
vn 0.4294 -0.0927 0.8983
vn 0.3354 -0.3556 0.8724
vn 0.2215 -0.0649 0.9730
vn 0.1200 -0.3201 0.9398
vn 0.3795 -0.3141 0.8702
vn -0.1101 -0.2953 0.9491
vn -0.2215 -0.0649 0.9730
vn -0.3795 -0.3141 0.8702
vn 0.0133 -0.2474 0.9688
vn 0.0777 -0.0531 0.9956
vn -0.1394 -0.1292 0.9818
vn -0.1076 0.1125 0.9878
vn 0.0872 0.0491 0.9950
vn 0.0390 0.2074 0.9775
vn 0.1676 -0.0864 0.9821
vn 0.1417 0.1081 0.9840
vn -0.0251 -0.0009 0.9997
vn -0.0872 0.0491 0.9950
vn 0.1078 0.1134 0.9877
vn -0.0390 0.2074 0.9775
vn -0.6671 0.2485 0.7024
vn -0.3985 0.0449 0.9161
vn -0.3455 0.2184 0.9126
vn 0.0860 -0.8734 0.4794
vn -0.2161 -0.9491 0.2290
vn 0.1073 -0.9887 0.1049
vn 0.6160 -0.6146 0.4928
vn 0.2936 -0.8073 0.5119
vn 0.3255 -0.9352 0.1395
vn 0.2319 -0.8954 0.3801
vn 0.1301 -0.9807 0.1459
vn 0.2389 -0.9635 0.1210
vn -0.2218 -0.7814 0.5832
vn -0.1131 -0.7951 0.5959
vn -0.1660 -0.7154 0.6787
vn -0.2195 -0.8702 0.4411
vn -0.1460 -0.9733 0.1772
vn -0.1161 -0.8730 0.4736
vn 0.6408 -0.2040 0.7401
vn 0.4641 -0.3848 0.7979
vn 0.6345 -0.4283 0.6434
vn 0.4380 -0.4478 0.7795
vn 0.3488 -0.6962 0.6274
vn 0.5803 -0.4929 0.6483
vn -0.4641 -0.3848 0.7978
vn -0.6408 -0.2040 0.7401
vn -0.6345 -0.4283 0.6434
vn 0.9556 -0.0023 0.2948
vn 0.7418 -0.0604 0.6679
vn 0.7841 -0.4094 0.4664
vn -0.7418 -0.0604 0.6679
vn -0.9573 -0.0048 0.2891
vn -0.7841 -0.4094 0.4664
vn 0.8200 0.0358 0.5712
vn 0.9534 0.0768 0.2918
vn 0.9042 0.1177 0.4106
vn 0.3887 -0.8768 0.2832
vn 0.3929 -0.8739 0.2862
vn 0.3957 -0.8397 0.3719
vn -0.3929 -0.8739 0.2863
vn -0.3889 -0.8769 0.2826
vn -0.3728 -0.8593 0.3501
vn 0.3907 -0.7562 0.5249
vn 0.4139 -0.7042 0.5769
vn 0.4173 -0.7609 0.4969
vn -0.4139 -0.7042 0.5769
vn -0.4177 -0.7628 0.4936
vn -0.4313 -0.7273 0.5338
vn 0.8434 -0.3871 0.3727
vn 0.6932 -0.4290 0.5792
vn 0.7440 -0.5966 0.3008
vn -0.8179 -0.4092 0.4045
vn -0.6632 -0.4232 0.6173
vn -0.7167 -0.3263 0.6164
vn 0.9913 -0.0563 0.1193
vn 0.7884 -0.2983 0.5380
vn 0.8894 -0.3954 0.2293
vn 0.8080 0.2354 0.5402
vn 0.7848 -0.2091 0.5834
vn 0.9801 0.0998 0.1718
vn -0.7539 0.2779 0.5953
vn -0.6585 -0.1662 0.7340
vn -0.4688 0.0340 0.8827
vn 0.5346 0.7002 0.4733
vn 0.5334 0.4550 0.7131
vn 0.6279 0.6316 0.4548
vn 0.3564 0.1805 0.9167
vn 0.2375 -0.1435 0.9607
vn 0.4842 0.3450 0.8041
vn 0.5236 0.6153 0.5892
vn 0.5413 0.5620 0.6254
vn 0.5781 0.7103 0.4015
vn -0.5232 0.8426 0.1272
vn -0.6022 0.7507 0.2716
vn -0.4921 0.6475 0.5820
vn 0.0541 0.3698 0.9275
vn 0.2811 0.1969 0.9393
vn 0.1860 0.7258 0.6622
vn -0.0473 0.9737 0.2229
vn 0.3331 0.7459 0.5768
vn 0.3618 0.9248 0.1180
vn -0.7562 0.6521 -0.0544
vn -0.5374 0.6619 0.5226
vn -0.4639 0.8808 0.0943
vn 0.4654 0.7875 0.4041
vn 0.0523 0.7323 0.6790
vn 0.2716 0.4770 0.8359
vn 0.1666 0.9218 0.3501
vn -0.0185 0.7139 0.7000
vn 0.3125 0.6924 0.6503
vn 0.0547 0.1369 0.9891
vn -0.1789 -0.0954 0.9792
vn -0.0370 -0.0945 0.9948
vn -0.0024 0.2380 0.9713
vn -0.2548 0.1649 0.9528
vn -0.1636 -0.1206 0.9791
vn -0.8691 0.4906 0.0633
vn -0.7631 0.5037 0.4050
vn -0.8261 0.5599 -0.0630
vn -0.6447 0.3689 0.6696
vn -0.3862 0.3338 0.8599
vn -0.7168 0.5272 0.4564
vn -0.4341 0.2356 0.8695
vn -0.1521 0.0399 0.9876
vn -0.3323 0.2642 0.9054
vn 0.8501 0.5039 0.1532
vn 0.7907 0.5277 0.3105
vn 0.7667 0.4908 0.4138
vn -0.3028 0.7861 0.5389
vn -0.6365 0.6231 0.4545
vn -0.6694 0.6616 0.3380
vn -0.0444 -0.0582 0.9973
vn 0.0293 -0.0801 0.9964
vn -0.2190 0.2176 0.9512
vn 0.2495 0.5924 0.7660
vn 0.1619 0.5771 0.8005
vn 0.2326 0.5245 0.8190
vn 0.4274 0.2089 0.8796
vn 0.0495 0.0230 0.9985
vn 0.0666 -0.1040 0.9923
vn 0.2444 -0.2787 0.9288
vn 0.3104 -0.3377 0.8886
vn 0.3265 -0.2394 0.9144
vn -0.2707 -0.2609 0.9266
vn -0.2072 -0.2213 0.9529
vn -0.3024 -0.2275 0.9256
vn 0.2612 0.0292 0.9648
vn 0.1625 -0.2135 0.9633
vn 0.1926 -0.1953 0.9617
vn -0.1346 -0.3157 0.9393
vn -0.1071 -0.3128 0.9438
vn -0.1051 -0.3209 0.9413
vn -0.0994 -0.2846 0.9535
vn -0.1836 -0.2897 0.9393
vn -0.1043 -0.3722 0.9223
vn 0.1037 -0.4243 0.8996
vn 0.1274 -0.3610 0.9238
vn 0.0859 -0.4184 0.9042
vn -0.1221 -0.3628 0.9238
vn -0.1037 -0.4242 0.8996
vn -0.0859 -0.4184 0.9042
vn 0.3114 -0.2900 0.9050
vn 0.4651 0.0215 0.8850
vn 0.1783 -0.2868 0.9413
vn -0.4976 0.0230 0.8671
vn -0.1797 -0.3216 0.9297
vn -0.1783 -0.2868 0.9413
vn 0.5987 -0.2865 0.7480
vn 0.4503 -0.2145 0.8667
vn 0.5579 -0.3577 0.7488
vn 0.6107 -0.2363 0.7558
vn 0.4989 -0.1287 0.8570
vn 0.3771 -0.2967 0.8774
vn -0.5521 -0.3497 0.7569
vn -0.4463 -0.2455 0.8605
vn -0.4774 -0.2410 0.8450
vn -0.3593 -0.1860 0.9145
vn -0.2764 -0.1338 0.9517
vn -0.3763 -0.1831 0.9082
vn 0.4481 -0.5888 0.6727
vn 0.4343 -0.4097 0.8022
vn 0.3946 -0.5204 0.7573
vn 0.4800 -0.4159 0.7724
vn 0.4418 -0.3219 0.8374
vn 0.4204 -0.4131 0.8078
vn -0.4090 -0.4885 0.7708
vn -0.3942 -0.4014 0.8267
vn -0.4225 -0.4708 0.7745
vn 0.3963 -0.4480 0.8014
vn 0.3651 -0.2390 0.8998
vn 0.2847 -0.1560 0.9458
vn -0.2087 -0.2026 0.9568
vn -0.2672 -0.2543 0.9295
vn -0.1842 -0.2542 0.9495
vn -0.2124 -0.1964 0.9572
vn -0.2160 -0.1769 0.9602
vn -0.1904 -0.1966 0.9618
vn 0.0889 -0.7000 0.7086
vn -0.0424 -0.7241 0.6884
vn 0.0379 -0.7895 0.6126
vn 0.0424 -0.7241 0.6884
vn -0.0978 -0.7143 0.6930
vn -0.0379 -0.7895 0.6126
vn 0.2030 -0.4302 0.8796
vn 0.2041 -0.6007 0.7730
vn 0.3437 -0.4579 0.8199
vn -0.1968 -0.5938 0.7802
vn -0.2221 -0.4093 0.8849
vn -0.3437 -0.4579 0.8199
vn 0.3659 -0.2295 0.9019
vn 0.3601 -0.1046 0.9270
vn 0.2453 -0.1694 0.9545
vn 0.2355 -0.3360 0.9119
vn 0.3862 -0.2892 0.8759
vn 0.2825 -0.1915 0.9400
vn 0.2845 -0.0268 0.9583
vn 0.2248 -0.0669 0.9721
vn 0.3460 -0.0491 0.9370
vn 0.2767 -0.0330 0.9604
vn 0.1939 -0.0347 0.9804
vn 0.2643 -0.0418 0.9635
vn -0.2146 -0.0647 0.9745
vn -0.2845 -0.0268 0.9583
vn -0.3413 -0.0521 0.9385
vn -0.1918 -0.0389 0.9807
vn -0.2767 -0.0330 0.9604
vn -0.2643 -0.0418 0.9635
vn 0.4565 -0.2878 0.8419
vn 0.6231 -0.1503 0.7676
vn 0.4459 -0.1248 0.8863
vn -0.6211 -0.1432 0.7706
vn -0.4226 -0.2720 0.8645
vn -0.4459 -0.1248 0.8863
vn 0.1176 -0.0602 0.9912
vn 0.0938 -0.0550 0.9941
vn 0.0729 -0.1070 0.9916
vn 0.1294 -0.0454 0.9905
vn -0.0952 -0.1699 0.9809
vn 0.3607 -0.0572 0.9309
vn 0.0449 -0.0564 0.9974
vn -0.0162 -0.1399 0.9900
vn 0.1246 -0.1583 0.9795
vn -0.0358 -0.0500 0.9981
vn 0.0051 -0.0562 0.9984
vn 0.0076 -0.0470 0.9989
vn 0.9123 -0.3586 0.1978
vn 0.7712 -0.4878 0.4090
vn 0.7630 -0.6042 0.2297
vn -0.8423 -0.3796 0.3826
vn -0.8952 -0.4399 0.0720
vn -0.7630 -0.6042 0.2297
vn 0.8640 0.4115 0.2902
vn 0.8223 0.4265 0.3768
vn 0.8368 0.4044 0.3691
vn 0.1531 0.9279 0.3400
vn 0.0042 0.8284 0.5601
vn 0.1933 0.7997 0.5684
vn 0.2534 0.8590 0.4450
vn 0.6576 0.5188 0.5463
vn 0.3635 0.8840 0.2940
vn -0.5893 0.6837 0.4305
vn -0.5859 0.7087 0.3930
vn -0.6295 0.6720 0.3902
vn 0.0439 0.9733 0.2254
vn -0.5490 0.7917 0.2679
vn -0.5645 0.7348 0.3760
vn 0.0296 0.2774 0.9603
vn -0.1685 0.1365 0.9762
vn 0.0653 0.0786 0.9948
vn 0.4564 0.6700 0.5855
vn 0.4231 0.8568 0.2946
vn 0.1115 0.8407 0.5298
vn 0.5489 0.7918 0.2679
vn 0.0008 0.9640 0.2660
vn 0.5636 0.7353 0.3764
vn 0.5738 0.6981 0.4283
vn -0.2934 0.3649 0.8836
vn 0.6229 0.4129 0.6645
vn 0.2076 0.2277 0.9513
vn -0.0296 0.2774 0.9603
vn -0.0653 0.0786 0.9948
vn 0.5361 -0.6159 0.5773
vn 0.3780 -0.6232 0.6846
vn 0.5486 -0.3874 0.7409
vn 0.1604 -0.6717 0.7232
vn 0.0195 -0.5664 0.8239
vn 0.0677 -0.7051 0.7058
vn -0.5499 -0.7001 0.4555
vn -0.3778 -0.6757 0.6330
vn -0.5481 -0.5741 0.6082
vn -0.2647 -0.3470 0.8997
vn -0.3925 -0.3203 0.8622
vn -0.2134 -0.6210 0.7542
vn 0.1104 0.3487 0.9307
vn -0.1380 0.7475 0.6497
vn -0.3430 0.4401 0.8298
vn 0.2734 -0.0395 0.9611
vn 0.8058 -0.1887 0.5613
vn 0.6681 0.3907 0.6332
vn 0.0586 0.0294 0.9978
vn -0.0013 0.4690 0.8832
vn -0.2766 0.0637 0.9589
vn -0.0480 -0.1686 0.9845
vn -0.0109 -0.1029 0.9946
vn -0.0579 0.0050 0.9983
vn 0.0218 -0.4723 0.8812
vn 0.2080 -0.5817 0.7863
vn 0.1040 -0.3085 0.9455
vn -0.1968 -0.5845 0.7871
vn 0.0063 -0.3285 0.9445
vn -0.1040 -0.3085 0.9455
vn 0.0127 0.1760 0.9843
vn -0.0393 0.0287 0.9988
vn 0.0428 0.0354 0.9985
vn -0.1453 0.0347 0.9888
vn -0.0384 0.0023 0.9993
vn -0.1353 0.0586 0.9891
vn -0.0067 0.0043 1.0000
vn -0.0262 -0.0633 0.9977
vn 0.0490 -0.0736 0.9961
vn 0.0393 0.0287 0.9988
vn 0.0580 0.1563 0.9860
vn -0.0428 0.0354 0.9985
vn 0.0092 0.0423 0.9991
vn 0.1453 0.0347 0.9888
vn 0.1353 0.0586 0.9891
vn 0.0884 -0.0102 0.9960
vn 0.0067 0.0043 1.0000
vn -0.0490 -0.0736 0.9961
vn 0.7716 -0.1905 0.6069
vn 0.7739 -0.1403 0.6176
vn 0.6506 -0.1521 0.7441
vn 0.2150 0.0158 0.9765
vn 0.1928 0.0208 0.9810
vn 0.1933 0.0147 0.9810
vn -0.4494 -0.2058 0.8693
vn -0.3134 -0.1075 0.9435
vn -0.4367 -0.2103 0.8747
vn -0.1928 0.0208 0.9810
vn -0.2169 0.0269 0.9758
vn -0.1934 0.0147 0.9810
vn 0.2919 -0.1111 0.9500
vn 0.3439 -0.1238 0.9308
vn 0.3826 -0.1966 0.9028
vn 0.5344 -0.0603 0.8431
vn 0.6688 -0.1431 0.7296
vn 0.5404 -0.1043 0.8349
vn 0.1903 -0.0437 0.9807
vn 0.2759 -0.0638 0.9591
vn 0.2203 -0.0915 0.9711
vn -0.4373 -0.0080 0.8993
vn -0.6192 0.0751 0.7816
vn -0.6119 0.0371 0.7900
vn 0.7962 0.1866 0.5756
vn 0.7536 0.1199 0.6463
vn 0.8639 0.1570 0.4785
vn 0.8103 0.1743 0.5595
vn 0.7710 0.1143 0.6265
vn 0.7620 0.1248 0.6354
vn 0.9042 0.0907 0.4173
vn 0.8542 0.1879 0.4848
vn 0.8397 0.1983 0.5056
vn 0.8924 -0.2583 0.3700
vn 0.9265 -0.1028 0.3619
vn 0.8513 -0.1756 0.4945
vn -0.9265 -0.1028 0.3619
vn -0.8924 -0.2583 0.3700
vn -0.8513 -0.1756 0.4945
vn -0.5242 -0.8039 0.2810
vn -0.5251 -0.7739 0.3541
vn -0.8880 -0.3306 0.3197
vn -0.0263 0.1285 0.9914
vn -0.7163 0.1071 0.6895
vn 0.0719 -0.2842 0.9561
vn 0.0033 -0.3059 0.9521
vn -0.4608 0.3431 0.8185
vn -0.4224 -0.1691 0.8905
vn 0.1183 -0.5893 0.7992
vn 0.1245 -0.3667 0.9220
vn -0.0125 -0.4063 0.9137
vn -0.1244 -0.3667 0.9220
vn -0.1226 -0.5868 0.8004
vn 0.0125 -0.4063 0.9137
vn 0.5861 0.3519 0.7298
vn 0.0128 -0.2176 0.9759
vn 0.4224 -0.1691 0.8905
vn -0.2273 0.7229 0.6525
vn 0.0217 0.5433 0.8393
vn -0.0409 0.7821 0.6218
vn -0.7282 0.5820 0.3620
vn -0.6628 0.2846 0.6926
vn -0.5029 0.6908 0.5195
vn 0.5875 0.3223 0.7423
vn 0.6860 0.6484 0.3300
vn 0.5029 0.6908 0.5195
vn -0.9032 0.3850 0.1895
vn -0.8572 -0.2694 0.4388
vn -0.6247 0.2551 0.7381
vn 0.8572 -0.2694 0.4388
vn 0.9032 0.3851 0.1895
vn 0.6170 0.1243 0.7771
vn -0.2673 -0.4228 0.8659
vn -0.0098 -0.8613 0.5080
vn 0.0612 -0.4047 0.9124
vn 0.1847 -0.6502 0.7370
vn -0.1662 -0.5915 0.7890
vn 0.0077 -0.8802 0.4745
vn -0.0025 -0.8385 0.5449
vn -0.0908 -0.8763 0.4732
vn -0.0062 -0.8237 0.5670
vn 0.0695 -0.4576 0.8864
vn -0.1714 -0.2564 0.9512
vn -0.2278 -0.5642 0.7936
vn 0.1756 0.0789 0.9813
vn -0.3537 0.6020 0.7159
vn -0.3351 -0.1017 0.9367
vn 0.2985 0.6145 0.7303
vn -0.1756 0.0789 0.9813
vn 0.3351 -0.1017 0.9367
vn 0.0552 -0.2306 0.9715
vn -0.0695 -0.4576 0.8864
vn 0.2727 -0.4869 0.8298
vn -0.1644 -0.1497 0.9750
vn -0.1641 -0.1625 0.9730
vn -0.0733 -0.1299 0.9888
vn -0.0264 -0.0607 0.9978
vn -0.0943 -0.0636 0.9935
vn -0.0588 -0.1555 0.9861
vn 0.1641 -0.1625 0.9730
vn 0.1644 -0.1497 0.9750
vn 0.0672 -0.0961 0.9931
vn 0.0943 -0.0636 0.9935
vn -0.0159 -0.1082 0.9940
vn 0.0588 -0.1555 0.9861
vn -0.0316 -0.1067 0.9938
vn 0.0158 -0.0391 0.9991
vn -0.1044 -0.0251 0.9942
vn -0.0118 -0.0250 0.9996
vn 0.0871 -0.0640 0.9941
vn 0.0686 -0.0287 0.9972
vn -0.1397 -0.1178 0.9832
vn -0.0960 -0.0709 0.9928
vn -0.1413 -0.0748 0.9871
vn 0.1969 -0.2485 0.9484
vn 0.0787 -0.0961 0.9923
vn -0.0685 -0.1475 0.9867
vn 0.0210 -0.5394 0.8418
vn 0.0906 -0.4601 0.8832
vn 0.0754 -0.2782 0.9576
vn -0.0906 -0.4601 0.8832
vn -0.0239 -0.4139 0.9100
vn -0.0889 -0.2648 0.9602
vn 0.3767 -0.5119 0.7721
vn 0.3944 -0.3614 0.8449
vn 0.2079 -0.3907 0.8968
vn -0.3944 -0.3614 0.8449
vn -0.2163 -0.4472 0.8679
vn -0.2542 -0.2983 0.9200
vn 0.4759 -0.2198 0.8516
vn 0.4194 -0.1327 0.8981
vn 0.3803 -0.2021 0.9025
vn -0.4194 -0.1327 0.8981
vn -0.4704 -0.2714 0.8397
vn -0.3803 -0.2021 0.9025
vn 0.3487 -0.0553 0.9356
vn 0.2887 -0.0514 0.9560
vn 0.2928 -0.1035 0.9506
vn -0.2887 -0.0514 0.9560
vn -0.3507 -0.0850 0.9326
vn -0.2928 -0.1035 0.9506
vn 0.2248 -0.1518 0.9625
vn 0.2505 -0.1315 0.9591
vn 0.2638 -0.1108 0.9582
vn 0.3515 -0.0075 0.9362
vn 0.3438 -0.1495 0.9270
vn 0.3944 0.0592 0.9170
vn 0.3760 -0.0367 0.9259
vn 0.3008 -0.0725 0.9509
vn 0.2999 -0.0728 0.9512
vn -0.2505 -0.1315 0.9591
vn -0.2269 -0.1328 0.9648
vn -0.2520 -0.1092 0.9616
vn -0.4002 0.3164 0.8601
vn -0.4028 0.2417 0.8828
vn -0.3400 0.2330 0.9111
vn 0.1188 0.1934 0.9739
vn 0.1103 0.1429 0.9836
vn 0.2090 0.1093 0.9718
vn -0.1103 0.1429 0.9836
vn -0.2086 0.1180 0.9709
vn -0.2090 0.1093 0.9718
vn 0.2166 -0.2126 0.9528
vn 0.2667 -0.0639 0.9617
vn 0.1148 -0.0989 0.9885
vn 0.1580 -0.1135 0.9809
vn 0.1442 -0.0653 0.9874
vn 0.1674 -0.0081 0.9859
vn -0.2667 -0.0639 0.9617
vn -0.1982 -0.2159 0.9561
vn -0.1148 -0.0989 0.9885
vn -0.1373 -0.0610 0.9886
vn -0.1930 -0.0493 0.9800
vn -0.1674 -0.0081 0.9859
vn 0.1805 -0.1789 0.9672
vn 0.2330 -0.2901 0.9282
vn 0.2159 -0.1371 0.9667
vn 0.1801 -0.3459 0.9208
vn -0.0339 -0.7554 0.6544
vn -0.0294 -0.7584 0.6511
vn 0.0339 -0.7554 0.6544
vn -0.1713 -0.3157 0.9333
vn 0.0294 -0.7584 0.6511
vn -0.2391 -0.2743 0.9315
vn -0.1922 -0.5030 0.8426
vn 0.0139 -0.7230 0.6907
vn 0.2510 -0.8373 0.4856
vn -0.0456 -0.5949 0.8025
vn 0.0153 -0.7193 0.6946
vn -0.0073 -0.0923 0.9957
vn -0.0475 -0.0235 0.9986
vn -0.4218 -0.0332 0.9061
vn 0.2614 -0.4371 0.8606
vn 0.0621 -0.2992 0.9522
vn -0.0657 -0.4554 0.8879
vn 0.0475 -0.0235 0.9986
vn 0.0073 -0.0923 0.9957
vn 0.3552 -0.1023 0.9292
vn -0.0902 0.0235 0.9957
vn -0.1783 0.0634 0.9819
vn -0.0690 0.2250 0.9719
vn 0.1783 0.0634 0.9819
vn -0.0302 0.1875 0.9818
vn 0.0690 0.2250 0.9719
vn -0.0192 0.2436 0.9697
vn -0.1675 0.4413 0.8816
vn -0.1158 0.4432 0.8889
vn 0.1675 0.4413 0.8816
vn -0.2892 0.0702 0.9547
vn 0.1096 0.4107 0.9052
vn 0.2801 0.0685 0.9575
vn 0.1653 0.2379 0.9571
vn 0.1227 0.1276 0.9842
vn 0.0472 0.4670 0.8830
vn 0.1023 0.4292 0.8974
vn 0.0478 0.5258 0.8492
vn -0.2824 0.1234 0.9513
vn -0.2574 0.3312 0.9078
vn -0.2049 0.3343 0.9199
vn 0.2745 0.1058 0.9558
vn 0.3076 0.3880 0.8688
vn 0.2030 0.1077 0.9732
vn 0.3267 0.5153 0.7923
vn 0.3321 0.5213 0.7861
vn 0.2901 0.4316 0.8541
vn 0.2824 0.3547 0.8913
vn 0.3493 0.4676 0.8120
vn 0.3965 0.4588 0.7952
vn 0.3447 -0.2126 0.9143
vn 0.3855 -0.2460 0.8893
vn 0.2683 -0.2677 0.9254
vn -0.3855 -0.2460 0.8893
vn -0.2900 -0.2820 0.9146
vn -0.2770 -0.2816 0.9187
vn 0.3896 0.2431 0.8883
vn 0.4199 0.2280 0.8785
vn 0.4983 0.1517 0.8537
vn -0.4391 0.2529 0.8621
vn -0.4677 0.1276 0.8746
vn -0.4983 0.1517 0.8537
vn -0.7315 0.5011 -0.4624
vn -0.6827 0.6594 -0.3150
vn -0.6398 0.6434 -0.4204
vn -0.5713 0.8176 0.0726
vn -0.1521 0.9647 0.2150
vn -0.1157 0.9866 0.1151
vn 0.4904 0.8625 -0.1251
vn 0.4024 0.9103 0.0972
vn 0.5546 0.8321 0.0077
vn 0.3267 0.9448 -0.0236
vn -0.5459 0.8109 0.2106
vn 0.3661 0.9117 0.1863
vn -0.8069 0.5352 -0.2500
vn -0.7592 0.5038 -0.4122
vn -0.8004 0.5426 -0.2549
vn -0.5501 0.4878 -0.6778
vn -0.4809 0.4269 -0.7658
vn -0.6267 0.4229 -0.6545
vn 0.7883 0.5471 -0.2815
vn 0.7480 0.4427 -0.4945
vn 0.6554 0.5577 -0.5094
vn 0.3723 0.9279 0.0215
vn 0.0106 0.8918 -0.4524
vn -0.0965 0.9953 -0.0083
vn -0.1563 0.8798 -0.4489
vn -0.4691 0.7164 -0.5165
vn -0.2723 0.9481 -0.1642
vn -0.5007 0.8599 -0.0992
vn -0.6046 0.6642 -0.4398
vn -0.7541 0.6403 -0.1464
vn 0.0537 0.8505 -0.5232
vn 0.4790 0.6200 -0.6214
vn 0.2265 0.5007 -0.8355
vn 0.4193 0.7650 -0.4889
vn 0.2562 0.8191 -0.5132
vn 0.4615 0.8649 -0.1975
vn 0.1425 0.6901 -0.7095
vn 0.0159 0.4331 -0.9012
vn -0.1532 0.4712 -0.8686
vn -0.5317 0.8418 -0.0929
vn -0.4960 0.8587 -0.1286
vn -0.4451 0.8397 -0.3112
vn -0.0159 0.4331 -0.9012
vn -0.1545 0.6906 -0.7065
vn 0.1542 0.4605 -0.8742
vn 0.4359 0.8801 -0.1882
vn 0.4025 0.8785 -0.2575
vn 0.4331 0.8970 -0.0881
vn 0.3694 0.8948 -0.2506
vn 0.3276 0.9145 -0.2376
vn 0.3277 0.9147 -0.2364
vn -0.6058 0.7389 0.2952
vn -0.4615 0.8726 0.1600
vn -0.4962 0.8643 -0.0826
vn -0.3960 0.8978 -0.1926
vn -0.3925 0.8982 -0.1981
vn -0.4316 0.8590 -0.2752
vn 0.9141 0.3963 -0.0865
vn 0.5753 0.8054 -0.1431
vn 0.7713 0.5354 0.3442
vn 0.8624 0.4835 -0.1500
vn 0.5849 0.6908 -0.4250
vn 0.5572 0.8186 -0.1391
vn 0.9174 0.2907 -0.2718
vn 0.7628 0.5323 -0.3672
vn 0.9311 0.3372 -0.1390
vn -0.9596 -0.2812 -0.0016
vn -0.9942 -0.0823 -0.0688
vn -0.9567 -0.2675 -0.1145
vn -0.9665 -0.2560 -0.0183
vn -0.9971 0.0754 -0.0102
vn -0.9849 -0.0787 -0.1541
vn 0.8829 -0.4686 0.0289
vn 0.8198 -0.5692 0.0628
vn 0.8853 -0.4648 0.0155
vn 0.6715 -0.7392 0.0525
vn 0.6813 -0.7289 0.0675
vn 0.6879 -0.7243 0.0468
vn -0.6813 -0.7289 0.0675
vn -0.6876 -0.7245 0.0478
vn -0.7018 -0.7099 0.0597
vn -0.8493 -0.5278 -0.0128
vn -0.8829 -0.4686 0.0289
vn -0.8838 -0.4677 0.0142
vn 0.4493 -0.8919 0.0520
vn 0.4552 -0.8878 0.0676
vn 0.4713 -0.8797 0.0628
vn -0.4552 -0.8878 0.0676
vn -0.4721 -0.8795 0.0596
vn -0.4713 -0.8797 0.0628
vn 0.1050 -0.6337 -0.7665
vn 0.2190 -0.4278 -0.8769
vn 0.1219 -0.4607 -0.8792
vn 0.6308 -0.6069 -0.4835
vn 0.7511 -0.4630 -0.4706
vn 0.6652 -0.5373 -0.5184
vn 0.2846 -0.2122 -0.9349
vn 0.2845 -0.1929 -0.9391
vn 0.2882 -0.1916 -0.9382
vn -0.4446 -0.8450 -0.2972
vn -0.4046 -0.8099 -0.4247
vn -0.3243 -0.8744 -0.3608
vn -0.1975 -0.8053 -0.5590
vn -0.1629 -0.8007 -0.5765
vn -0.1399 -0.9265 -0.3492
vn -0.0615 -0.2292 -0.9714
vn -0.1148 -0.2498 -0.9615
vn -0.0976 -0.2845 -0.9537
vn 0.0218 -0.2047 -0.9786
vn 0.1087 -0.2193 -0.9696
vn -0.0015 -0.2650 -0.9642
vn -0.0007 -0.4532 -0.8914
vn 0.0897 -0.4950 -0.8643
vn -0.0094 -0.6138 -0.7894
vn -0.0321 -0.3740 -0.9269
vn -0.1028 -0.3615 -0.9267
vn -0.1303 -0.2348 -0.9633
vn 0.0988 -0.6383 -0.7634
vn -0.0926 -0.8584 -0.5045
vn -0.0674 -0.6249 -0.7778
vn 0.0176 -0.9972 -0.0732
vn -0.0542 -0.9354 -0.3494
vn 0.1048 -0.9458 -0.3073
vn 0.1211 -0.9649 -0.2329
vn -0.0176 -0.9972 -0.0732
vn -0.1048 -0.9458 -0.3073
vn 0.1776 -0.9793 -0.0971
vn 0.0925 -0.9468 -0.3083
vn 0.2346 -0.8882 -0.3951
vn -0.0925 -0.9468 -0.3083
vn -0.1968 -0.9740 -0.1124
vn -0.2354 -0.8890 -0.3927
vn 0.8851 -0.4570 0.0879
vn 0.6554 -0.6971 -0.2908
vn 0.9298 -0.2492 -0.2708
vn 0.8798 -0.1415 -0.4538
vn 0.3224 -0.4167 -0.8499
vn 0.4351 0.0010 -0.9004
vn -0.3224 -0.4167 -0.8499
vn -0.8479 -0.0539 -0.5275
vn -0.4351 0.0010 -0.9004
vn -0.6609 -0.6474 -0.3796
vn -0.8851 -0.4570 0.0879
vn -0.9298 -0.2492 -0.2708
vn 0.9959 0.0868 0.0241
vn 0.9490 0.0950 -0.3008
vn 0.9810 0.1471 -0.1264
vn 0.8848 0.0780 -0.4593
vn 0.6684 0.0384 -0.7428
vn 0.8301 0.1271 -0.5429
vn 0.7411 0.0866 -0.6657
vn 0.7061 0.0472 -0.7065
vn 0.6529 0.0696 -0.7542
vn -0.6271 0.0634 -0.7763
vn -0.9062 0.0924 -0.4125
vn -0.8301 0.1271 -0.5429
vn -0.9624 0.0792 -0.2600
vn -0.9950 0.0937 0.0350
vn -0.9810 0.1471 -0.1264
vn -0.7061 0.0472 -0.7065
vn -0.7411 0.0866 -0.6658
vn -0.6517 0.0653 -0.7557
vn 0.5291 -0.1529 -0.8347
vn 0.3140 -0.0792 -0.9461
vn 0.4699 0.0134 -0.8826
vn -0.3182 -0.0689 -0.9455
vn -0.5291 -0.1529 -0.8347
vn -0.4699 0.0134 -0.8826
vn 0.2713 -0.1148 -0.9556
vn 0.1027 -0.3695 -0.9235
vn 0.1203 -0.2192 -0.9682
vn 0.5235 -0.1718 -0.8345
vn 0.6531 -0.2573 -0.7122
vn 0.6896 -0.2106 -0.6929
vn -0.5124 -0.2053 -0.8338
vn -0.4385 -0.2981 -0.8479
vn -0.3801 -0.1485 -0.9129
vn 0.8232 0.0361 -0.5666
vn 0.7857 0.0045 -0.6186
vn 0.8947 -0.0689 -0.4413
vn -0.7857 0.0045 -0.6186
vn -0.9079 -0.0666 -0.4139
vn -0.8891 -0.1377 -0.4365
vn 0.9101 0.0412 0.4123
vn 0.8836 -0.2459 0.3984
vn 0.9833 -0.0373 0.1782
vn -0.8836 -0.2459 0.3984
vn -0.9101 0.0412 0.4123
vn -0.9814 -0.1196 0.1503
vn 0.9790 0.1411 -0.1469
vn 0.9760 0.2138 -0.0424
vn 0.9811 0.1801 -0.0705
vn 0.9524 0.2489 0.1762
vn 0.9506 0.2385 0.1988
vn 0.9459 0.2507 0.2058
vn -0.9800 0.1986 -0.0144
vn -0.9491 0.2248 0.2206
vn -0.9589 0.2728 0.0777
vn 0.8664 -0.4699 0.1690
vn 0.5387 -0.8186 0.1992
vn 0.5233 -0.8467 0.0966
vn 0.8951 -0.1959 0.4005
vn 0.6454 -0.3583 0.6746
vn 0.7205 -0.6397 0.2676
vn -0.9997 -0.0138 -0.0184
vn -0.9089 -0.2719 0.3161
vn -0.9654 0.1145 0.2342
vn 0.3974 -0.9017 0.1702
vn 0.3863 -0.9125 0.1344
vn 0.3879 -0.9092 0.1513
vn -0.4008 -0.9134 0.0709
vn -0.3948 -0.9145 0.0881
vn -0.3803 -0.9155 0.1310
vn 0.4769 -0.5726 -0.6669
vn 0.3504 -0.6977 -0.6249
vn 0.2904 -0.6136 -0.7343
vn 0.1926 -0.2905 -0.9373
vn 0.0020 -0.3898 -0.9209
vn 0.0251 -0.2538 -0.9669
vn 0.4419 -0.4792 -0.7584
vn 0.3013 -0.5843 -0.7536
vn 0.3575 -0.3652 -0.8596
vn 0.2940 -0.7504 -0.5920
vn 0.1543 -0.7980 -0.5826
vn 0.2136 -0.6880 -0.6936
vn 0.1308 -0.6849 -0.7168
vn 0.0137 -0.7181 -0.6958
vn -0.0055 -0.6428 -0.7660
vn -0.2530 -0.3514 -0.9014
vn -0.0401 -0.5513 -0.8333
vn -0.2227 -0.6217 -0.7510
vn -0.1269 -0.7226 -0.6795
vn -0.0385 -0.8046 -0.5926
vn -0.1881 -0.8162 -0.5463
vn 0.3608 -0.8684 -0.3402
vn 0.2499 -0.9252 -0.2855
vn 0.2050 -0.9035 -0.3763
vn 0.1437 -0.9079 -0.3937
vn -0.0041 -0.9306 -0.3661
vn -0.0896 -0.8713 -0.4825
vn -0.3373 -0.7801 -0.5269
vn -0.2272 -0.8812 -0.4145
vn -0.4015 -0.8449 -0.3535
vn -0.1653 -0.9187 -0.3587
vn -0.0562 -0.9563 -0.2869
vn -0.2302 -0.9306 -0.2846
vn 0.0655 -0.9763 -0.2065
vn 0.2049 -0.9503 -0.2344
vn 0.1067 -0.9641 -0.2432
vn -0.1540 -0.9701 -0.1875
vn -0.0655 -0.9763 -0.2065
vn -0.1638 -0.9592 -0.2304
vn -0.8409 -0.5292 -0.1136
vn -0.9079 -0.3284 -0.2606
vn -0.8504 -0.5181 -0.0911
vn -0.9647 -0.1652 -0.2050
vn -0.9127 -0.3249 -0.2476
vn -0.8999 -0.4360 -0.0074
vn 0.9063 -0.4115 0.0960
vn 0.9538 -0.2911 0.0748
vn 0.9225 -0.3584 0.1436
vn 0.7471 -0.6341 0.1993
vn 0.6719 -0.7175 0.1837
vn 0.7946 -0.5885 0.1494
vn -0.6894 -0.7079 0.1533
vn -0.7471 -0.6341 0.1993
vn -0.7963 -0.5858 0.1511
vn -0.9611 -0.2481 0.1217
vn -0.9815 -0.1464 0.1232
vn -0.9702 -0.2290 0.0789
vn 0.3324 -0.0546 -0.9416
vn 0.1883 -0.0222 -0.9819
vn 0.2807 0.0954 -0.9550
vn 0.4476 0.1502 -0.8815
vn 0.4030 0.0112 -0.9151
vn 0.3559 0.1681 -0.9193
vn 0.4619 -0.2398 -0.8539
vn 0.3656 -0.2803 -0.8876
vn 0.3811 -0.1485 -0.9125
vn 0.3464 -0.1439 -0.9270
vn 0.2823 -0.2520 -0.9256
vn 0.2085 -0.1333 -0.9689
vn 0.1017 -0.0381 -0.9941
vn -0.0430 -0.0728 -0.9964
vn 0.0099 0.0460 -0.9989
vn -0.2241 0.1198 -0.9672
vn -0.0185 0.1175 -0.9929
vn -0.1272 0.0113 -0.9918
vn -0.1957 -0.1140 -0.9740
vn -0.0317 -0.2303 -0.9726
vn -0.1904 -0.2635 -0.9457
vn 0.2394 0.8480 0.4728
vn 0.1012 0.9092 0.4039
vn 0.0743 0.8210 0.5661
vn 0.0377 0.9717 0.2333
vn -0.0822 0.9781 0.1912
vn -0.0545 0.9372 0.3445
vn -0.4251 0.7842 0.4521
vn -0.2198 0.8463 0.4852
vn -0.3108 0.8969 0.3147
vn -0.2059 0.8946 0.3966
vn -0.1426 0.9552 0.2592
vn -0.2645 0.9267 0.2672
vn -0.1502 0.7981 0.5836
vn 0.0474 0.8898 0.4539
vn -0.0970 0.9076 0.4085
vn 0.3228 0.9343 -0.1512
vn 0.1670 0.9805 -0.1040
vn 0.2455 0.9693 0.0170
vn 0.2225 0.9724 0.0699
vn 0.1447 0.9889 -0.0335
vn 0.1062 0.9871 0.1201
vn 0.3459 0.8355 -0.4270
vn 0.3045 0.7541 -0.5820
vn 0.2304 0.8841 -0.4065
vn 0.0034 0.9773 -0.2119
vn 0.0685 0.9518 -0.2988
vn -0.0409 0.9456 -0.3228
vn -0.3176 0.9174 -0.2397
vn -0.2751 0.8903 -0.3630
vn -0.3851 0.8531 -0.3522
vn -0.0870 0.9598 -0.2667
vn -0.0034 0.9773 -0.2119
vn 0.0361 0.9451 -0.3248
vn 0.1368 0.8505 -0.5078
vn 0.2775 0.7288 -0.6259
vn 0.1370 0.7374 -0.6614
vn 0.4323 0.2493 -0.8666
vn 0.3449 0.2153 -0.9136
vn 0.3560 0.3870 -0.8506
vn 0.0181 0.5208 -0.8535
vn 0.1275 0.4695 -0.8737
vn 0.0214 0.4189 -0.9078
vn 0.0256 0.8047 -0.5932
vn 0.1017 0.7443 -0.6601
vn -0.0214 0.7113 -0.7026
vn -0.3543 0.6179 -0.7020
vn -0.3502 0.5244 -0.7761
vn -0.4124 0.5294 -0.7414
vn -0.2788 0.7401 -0.6120
vn -0.1709 0.8476 -0.5024
vn -0.1370 0.7374 -0.6614
vn -0.1162 0.7713 -0.6258
vn -0.0256 0.8047 -0.5932
vn 0.0266 0.7127 -0.7009
vn -0.1275 0.4695 -0.8737
vn -0.0181 0.5208 -0.8535
vn -0.0214 0.4189 -0.9078
vn -0.2358 0.4546 -0.8589
vn -0.0115 0.3318 -0.9433
vn -0.2721 0.2335 -0.9335
vn 0.6043 0.7619 0.2332
vn 0.6238 0.6919 0.3635
vn 0.6019 0.6991 0.3861
vn -0.5983 0.7251 0.3411
vn -0.5454 0.7821 0.3015
vn -0.6019 0.6991 0.3861
vn 0.6173 0.5666 0.5459
vn 0.6788 0.6042 0.4173
vn 0.5770 0.6579 0.4839
vn -0.6828 0.5942 0.4252
vn -0.6173 0.5666 0.5459
vn -0.5770 0.6579 0.4839
vn 0.7220 0.6824 0.1138
vn 0.6815 0.7315 -0.0215
vn 0.6445 0.7604 0.0801
vn 0.6195 0.6995 0.3562
vn 0.6997 0.6888 0.1898
vn 0.6206 0.7648 0.1732
vn -0.6997 0.6888 0.1898
vn -0.6443 0.6774 0.3550
vn -0.6331 0.7615 0.1388
vn 0.8259 0.4402 -0.3523
vn 0.7019 0.4043 -0.5864
vn 0.6618 0.5989 -0.4508
vn -0.9031 0.4245 -0.0652
vn -0.7854 0.6009 -0.1489
vn -0.8706 0.4212 -0.2545
vn -0.7281 0.6576 -0.1936
vn -0.6899 0.6286 -0.3591
vn -0.7868 0.5369 -0.3044
vn 0.6411 -0.0209 -0.7672
vn 0.6400 -0.0168 -0.7682
vn 0.6894 0.1114 -0.7158
vn 0.5599 0.2996 -0.7725
vn 0.6299 0.3226 -0.7066
vn 0.6222 0.2216 -0.7508
vn -0.4944 0.4690 -0.7318
vn -0.6337 0.3844 -0.6713
vn -0.5531 0.5845 -0.5936
vn -0.5193 0.2849 -0.8057
vn -0.5901 0.3457 -0.7296
vn -0.4983 0.4259 -0.7552
vn -0.6400 -0.0168 -0.7682
vn -0.6668 -0.0058 -0.7452
vn -0.7390 0.0356 -0.6728
vn 0.3685 0.4323 -0.8230
vn 0.4493 0.4396 -0.7777
vn 0.4474 0.3080 -0.8396
vn 0.3743 0.6533 -0.6581
vn 0.4767 0.6349 -0.6080
vn 0.4258 0.5503 -0.7182
vn 0.3735 0.6925 -0.6172
vn 0.4554 0.7765 -0.4355
vn 0.5145 0.6282 -0.5837
vn -0.4767 0.6349 -0.6080
vn -0.3743 0.6533 -0.6581
vn -0.4433 0.5477 -0.7096
vn -0.4301 0.4642 -0.7742
vn -0.3685 0.4323 -0.8230
vn -0.4546 0.3130 -0.8339
vn -0.4047 0.7996 -0.4438
vn -0.3735 0.6925 -0.6172
vn -0.5145 0.6282 -0.5836
vn 0.5489 0.8291 -0.1060
vn 0.6106 0.7907 0.0432
vn 0.6510 0.7554 -0.0744
vn 0.5354 0.7934 -0.2896
vn 0.6699 0.7215 -0.1750
vn 0.6053 0.6851 -0.4053
vn -0.5921 0.8050 0.0357
vn -0.5489 0.8291 -0.1060
vn -0.6510 0.7554 -0.0744
vn -0.6699 0.7215 -0.1750
vn -0.5354 0.7934 -0.2896
vn -0.6526 0.6521 -0.3857
vn 0.3273 0.9100 0.2544
vn 0.4429 0.8246 0.3520
vn 0.5133 0.8326 0.2080
vn -0.4429 0.8246 0.3520
vn -0.3382 0.9112 0.2351
vn -0.5133 0.8326 0.2080
vn 0.5867 0.5978 0.5463
vn 0.6146 0.6202 0.4875
vn 0.5453 0.6596 0.5173
vn 0.3572 0.6749 0.6457
vn 0.4926 0.6086 0.6221
vn 0.4849 0.6854 0.5432
vn -0.4926 0.6086 0.6221
vn -0.3654 0.6877 0.6274
vn -0.5081 0.6711 0.5399
vn 0.1544 0.8694 -0.4693
vn 0.1408 0.8415 -0.5216
vn 0.1284 0.8513 -0.5087
vn 0.4805 0.8445 0.2363
vn 0.4910 0.7525 0.4390
vn 0.4900 0.8438 0.2189
vn -0.2474 0.9113 0.3290
vn -0.4199 0.7643 0.4894
vn -0.3977 0.7903 0.4662
vn -0.5056 0.8618 -0.0411
vn -0.4803 0.8757 -0.0499
vn -0.5322 0.8435 0.0725
vn 0.3528 0.6765 0.6464
vn 0.3304 0.6958 0.6378
vn 0.3030 0.6795 0.6682
vn 0.1356 0.6894 0.7116
vn 0.0987 0.7051 0.7023
vn 0.0963 0.6860 0.7212
vn 0.0247 0.7278 0.6853
vn -0.0593 0.7359 0.6745
vn -0.0149 0.6903 0.7234
vn -0.2128 0.6777 0.7038
vn -0.1381 0.7406 0.6576
vn -0.2711 0.7198 0.6390
vn 0.0164 0.6815 0.7316
vn -0.0164 0.6944 0.7194
vn -0.0114 0.6936 0.7203
vn -0.5739 0.5869 -0.5711
vn -0.5541 0.5864 -0.5908
vn -0.5274 0.7724 -0.3539
vn 0.4740 0.4852 -0.7348
vn 0.3885 0.3179 -0.8649
vn 0.3044 0.4210 -0.8545
vn 0.1976 0.4811 -0.8541
vn 0.2853 0.4649 -0.8381
vn 0.2502 0.3808 -0.8901
vn -0.3520 0.7760 -0.5234
vn -0.2543 0.9671 -0.0050
vn -0.1813 0.9813 -0.0646
vn -0.0109 0.9924 -0.1223
vn 0.0862 0.9922 -0.0905
vn 0.0495 0.8806 -0.4712
vn 0.2070 0.9128 0.3520
vn 0.2994 0.7575 0.5802
vn 0.4478 0.8196 0.3574
vn 0.2543 0.9671 -0.0049
vn 0.4705 0.7437 -0.4749
vn 0.1813 0.9813 -0.0646
vn 0.3536 0.8947 0.2728
vn 0.2635 0.9092 0.3223
vn 0.0674 0.7509 0.6569
vn 0.9606 -0.2560 0.1080
vn 0.9873 -0.1474 0.0599
vn 0.9881 -0.1513 0.0261
vn 0.9978 0.0410 0.0528
vn 0.9767 0.2145 -0.0108
vn 0.9901 0.0607 0.1264
vn 0.9890 0.0292 0.1451
vn 0.9838 0.1429 0.1083
vn 0.9683 0.1865 0.1661
vn 0.8061 0.5917 -0.0014
vn 0.6622 0.7480 -0.0448
vn 0.8106 0.5826 -0.0587
vn -0.9602 0.2663 -0.0838
vn -0.8962 0.4314 -0.1038
vn -0.8966 0.4255 -0.1229
vn -0.8713 0.4698 0.1417
vn -0.7404 0.6343 0.2224
vn -0.7451 0.6514 0.1431
vn -0.9234 0.2990 0.2408
vn -0.8510 0.4525 0.2667
vn -0.9264 0.3168 0.2036
vn 0.9865 -0.1454 0.0748
vn 0.9959 0.0180 0.0887
vn 0.9883 -0.0559 0.1416
vn -0.9933 0.0335 0.1106
vn -0.9880 -0.1384 0.0678
vn -0.9883 -0.0559 0.1416
vn 0.9911 0.1290 0.0313
vn 0.9681 0.2489 -0.0296
vn 0.9617 0.2566 0.0959
vn 1.0000 0.0024 0.0075
vn 0.9945 0.0345 0.0988
vn 0.9878 -0.1095 0.1110
vn -0.9681 0.2489 -0.0296
vn -0.9857 0.1567 0.0624
vn -0.9524 0.2934 0.0834
vn -0.9130 0.3562 0.1990
vn -0.7827 0.5327 0.3219
vn -0.8056 0.5758 0.1394
vn 0.8717 0.2731 -0.4068
vn 0.6734 0.3142 -0.6691
vn 0.8375 0.2086 -0.5051
vn 0.9402 0.2781 -0.1968
vn 0.9354 0.2845 -0.2101
vn 0.8561 0.5136 -0.0571
vn 0.7545 0.3137 -0.5765
vn 0.7797 0.1259 -0.6134
vn 0.7078 0.1812 -0.6828
vn -0.9282 0.2846 -0.2396
vn -0.9681 0.2219 -0.1165
vn -0.9482 0.3018 -0.0995
vn -0.7779 0.2983 -0.5531
vn -0.8679 0.1915 -0.4583
vn -0.8779 0.2957 -0.3767
vn 0.5442 -0.8343 -0.0884
vn 0.6382 -0.7693 -0.0303
vn 0.5969 -0.8023 -0.0070
vn 0.6304 -0.7716 0.0858
vn 0.6580 -0.7494 0.0742
vn 0.6498 -0.7573 0.0657
vn -0.5551 -0.8150 0.1660
vn -0.5370 -0.8359 0.1137
vn -0.5120 -0.8462 0.1476
vn -0.4256 -0.9031 -0.0568
vn -0.4050 -0.9142 0.0104
vn -0.4563 -0.8897 -0.0116
vn -0.6070 -0.6789 0.4130
vn -0.5045 -0.8327 0.2283
vn -0.4820 -0.8614 0.1600
vn 0.5346 -0.8220 0.1962
vn 0.5331 -0.8296 0.1660
vn 0.5499 -0.8200 0.1590
vn -0.5264 -0.8289 0.1892
vn -0.5346 -0.8220 0.1962
vn -0.5537 -0.8164 0.1638
vn 0.5730 -0.7973 0.1899
vn 0.6607 -0.7254 0.1933
vn 0.5651 -0.7692 0.2983
vn -0.6648 -0.7159 0.2135
vn -0.5730 -0.7973 0.1899
vn -0.5651 -0.7692 0.2983
vn 0.8017 -0.5732 0.1696
vn 0.7939 -0.5856 0.1634
vn 0.8716 -0.4884 0.0432
vn 0.6979 -0.7106 0.0890
vn 0.7164 -0.6887 0.1117
vn 0.7546 -0.6516 0.0768
vn -0.7482 -0.6320 0.2018
vn -0.7128 -0.6630 0.2287
vn -0.7098 -0.6611 0.2432
vn -0.7939 -0.5856 0.1634
vn -0.8727 -0.4835 0.0677
vn -0.8716 -0.4884 0.0432
vn 0.5317 -0.2639 -0.8048
vn 0.5173 -0.3443 -0.7835
vn 0.5119 -0.3133 -0.7999
vn -0.4848 -0.3663 -0.7942
vn -0.5418 -0.2954 -0.7869
vn -0.5119 -0.3133 -0.7999
vn 0.5673 -0.0302 -0.8230
vn 0.4908 -0.0952 -0.8661
vn 0.4583 0.0825 -0.8850
vn 0.5531 -0.4452 -0.7042
vn 0.4677 -0.4692 -0.7491
vn 0.5149 -0.3143 -0.7975
vn -0.4640 0.0521 -0.8843
vn -0.3855 -0.0260 -0.9223
vn -0.4896 -0.1122 -0.8647
vn 0.2805 -0.9531 -0.1136
vn 0.2389 -0.9706 -0.0300
vn 0.2441 -0.9599 -0.1382
vn 0.3276 -0.9140 -0.2395
vn 0.3194 -0.9154 -0.2451
vn 0.3716 -0.8774 -0.3034
vn 0.4524 -0.6937 -0.5604
vn 0.3542 -0.6982 -0.6221
vn 0.3704 -0.7390 -0.5627
vn -0.4293 -0.7609 -0.4866
vn -0.2740 -0.8203 -0.5020
vn -0.4548 -0.7844 -0.4218
vn -0.2303 -0.8763 -0.4231
vn -0.1429 -0.8665 -0.4783
vn -0.1839 -0.9061 -0.3811
vn 0.4885 -0.6838 -0.5420
vn 0.5588 -0.7202 -0.4111
vn 0.5280 -0.7416 -0.4139
vn 0.5436 -0.8116 -0.2140
vn 0.5560 -0.8219 -0.1240
vn 0.5211 -0.8440 -0.1267
vn -0.5134 -0.7883 -0.3390
vn -0.5524 -0.7520 -0.3596
vn -0.5526 -0.7524 -0.3585
vn -0.5284 -0.6312 -0.5678
vn -0.5430 -0.6784 -0.4950
vn -0.5342 -0.5861 -0.6092
vn -0.5308 -0.8212 -0.2095
vn -0.4931 -0.8599 -0.1321
vn -0.5222 -0.8269 -0.2087
vn -0.3786 -0.3253 -0.8665
vn -0.4426 -0.4442 -0.7790
vn -0.4502 -0.2881 -0.8452
vn 0.1311 0.8228 0.5531
vn -0.2162 0.6738 0.7066
vn -0.3261 0.3237 0.8882
vn -0.3772 0.3940 0.8382
vn -0.5480 -0.0190 0.8363
vn -0.4406 0.0909 0.8931
vn 0.2847 0.6395 0.7141
vn 0.5163 0.5703 0.6388
vn 0.1923 0.9512 0.2412
vn 0.3984 0.3340 0.8543
vn 0.3434 -0.2011 0.9174
vn 0.4894 0.3742 0.7877
vn -0.4119 -0.1644 0.8963
vn -0.3984 0.3340 0.8543
vn -0.4894 0.3742 0.7877
vn -0.5163 0.5703 0.6388
vn -0.2847 0.6395 0.7141
vn -0.2338 0.9466 0.2220
vn 0.1738 0.0280 0.9844
vn 0.5614 0.0474 0.8262
vn 0.4856 0.2670 0.8324
vn -0.1159 0.1610 0.9801
vn 0.3244 -0.0397 0.9451
vn 0.3291 -0.0174 0.9441
vn 0.1942 0.1644 0.9671
vn 0.0530 0.1445 0.9881
vn -0.0388 0.1959 0.9799
vn -0.4567 -0.0292 0.8892
vn -0.6501 -0.1631 0.7422
vn -0.4855 -0.1268 0.8650
vn -0.1606 -0.0008 0.9870
vn -0.3493 -0.0110 0.9370
vn -0.0414 0.0009 0.9991
vn -0.6698 -0.2215 0.7088
vn -0.7501 -0.4662 0.4690
vn -0.5889 -0.2201 0.7777
vn 0.3907 0.1830 0.9021
vn 0.3788 0.2380 0.8944
vn 0.4835 -0.0134 0.8752
vn -0.4598 0.1346 0.8777
vn -0.6223 -0.4409 0.6468
vn -0.5570 -0.5500 0.6223
vn -0.6015 -0.6302 0.4910
vn -0.4950 -0.8470 0.1938
vn -0.5360 -0.6993 0.4730
vn 0.3858 -0.8311 0.4004
vn 0.0706 -0.9822 0.1740
vn 0.1427 -0.9880 -0.0584
vn 0.4490 -0.8131 0.3705
vn 0.1821 -0.9830 -0.0250
vn 0.4408 -0.8874 0.1349
vn -0.3898 -0.7749 0.4977
vn -0.1286 -0.9649 0.2292
vn -0.2884 -0.6261 0.7244
vn -0.2106 0.8001 0.5616
vn -0.2163 0.8185 0.5322
vn -0.1747 0.7420 0.6472
vn 0.1622 0.5782 0.7996
vn 0.0599 0.7609 0.6462
vn 0.1280 0.6514 0.7479
vn -0.1193 0.6100 0.7834
vn -0.1622 0.5782 0.7996
vn -0.2297 0.5603 0.7958
vn 0.2163 0.8185 0.5322
vn 0.3040 0.8144 0.4943
vn 0.2517 0.8277 0.5015
vn 0.5555 0.6042 0.5713
vn 0.2659 0.6151 0.7422
vn 0.4097 0.6480 0.6421
vn -0.7237 0.2071 0.6583
vn -0.7333 0.0958 0.6731
vn -0.7885 0.1168 0.6039
vn -0.6298 0.5060 0.5894
vn -0.5323 0.4464 0.7193
vn -0.8019 0.3878 0.4545
vn -0.7095 0.0333 0.7039
vn -0.3512 -0.0409 0.9354
vn -0.3672 -0.0104 0.9301
vn -0.1990 -0.4414 0.8749
vn -0.0037 -0.4724 0.8814
vn -0.0016 -0.5102 0.8601
vn 0.3403 -0.2820 0.8970
vn 0.3695 -0.1097 0.9228
vn 0.5450 -0.2119 0.8112
vn 0.0096 -0.2784 0.9604
vn 0.1437 -0.3655 0.9197
vn 0.0617 -0.4469 0.8924
vn 0.3102 -0.5309 0.7886
vn 0.3087 -0.5184 0.7975
vn 0.4436 -0.4249 0.7891
vn -0.5386 -0.4583 0.7070
vn -0.5277 -0.3667 0.7662
vn -0.5264 -0.4582 0.7162
vn 0.8165 -0.5731 0.0696
vn 0.9116 -0.4091 -0.0392
vn 0.8608 -0.4980 0.1050
vn -0.8171 -0.5608 0.1339
vn -0.9035 -0.4176 0.0961
vn -0.8838 -0.2994 0.3596
vn -0.6404 -0.7429 0.1949
vn -0.7536 -0.6398 0.1506
vn -0.6365 -0.7392 0.2199
vn 0.3109 -0.5002 0.8082
vn 0.4683 -0.5427 0.6973
vn 0.2641 -0.5603 0.7851
vn 0.2963 0.1512 0.9431
vn 0.3937 0.3951 0.8300
vn 0.2842 0.2320 0.9303
vn -0.0254 -0.9783 0.2055
vn 0.0454 -0.9215 0.3856
vn -0.1622 -0.6833 0.7118
vn -0.6327 0.3789 0.6754
vn -0.5816 0.1267 0.8035
vn -0.5176 0.2633 0.8141
vn -0.2512 0.1365 0.9583
vn -0.2234 0.6274 0.7460
vn -0.3586 0.4717 0.8056
vn -0.9095 -0.4123 0.0523
vn -0.9511 -0.3087 -0.0120
vn -0.9315 -0.3586 -0.0613
vn 0.0403 0.4796 0.8766
vn 0.3160 0.3209 0.8928
vn 0.0068 0.7412 0.6713
vn -0.3183 0.3085 0.8964
vn -0.0403 0.4796 0.8766
vn 0.1567 0.7852 0.5991
vn -0.7077 0.2421 0.6637
vn -0.6885 0.2797 0.6692
vn -0.7752 0.2547 0.5782
vn -0.5584 0.4910 0.6686
vn -0.4714 0.5053 0.7228
vn -0.3649 0.7289 0.5793
vn 0.6893 0.2319 0.6863
vn 0.7069 0.3335 0.6238
vn 0.7085 0.2821 0.6469
vn -0.6530 0.2880 0.7004
vn -0.6990 0.2818 0.6572
vn -0.7085 0.2821 0.6469
vn -0.8816 -0.4046 0.2430
vn -0.7488 -0.0892 0.6568
vn -0.9027 0.0629 0.4257
vn 0.6522 -0.3918 0.6489
vn 0.6636 -0.4262 0.6148
vn 0.6566 -0.4346 0.6164
vn 0.5840 -0.3713 0.7219
vn 0.6265 -0.3943 0.6723
vn 0.5818 -0.2107 0.7856
vn 0.9659 -0.2373 0.1031
vn 0.9571 -0.2887 0.0226
vn 0.9832 -0.1704 0.0660
vn -0.9587 -0.2839 0.0188
vn -0.9659 -0.2373 0.1031
vn -0.9832 -0.1704 0.0660
vn 0.9368 -0.3488 0.0282
vn 0.9255 -0.3082 0.2200
vn 0.9186 -0.3934 0.0365
vn 0.9458 -0.1209 0.3013
vn 0.9288 -0.3238 0.1800
vn 0.9268 -0.3723 0.0492
vn -0.9227 0.0361 0.3837
vn -0.9319 -0.1609 0.3250
vn -0.8311 0.0854 0.5495
vn -0.9357 -0.3524 0.0198
vn -0.9283 -0.3717 -0.0104
vn -0.9350 -0.3543 -0.0186
vn 0.6902 -0.5240 0.4991
vn 0.6884 -0.5022 0.5233
vn 0.6939 -0.5188 0.4993
vn -0.7634 -0.5889 0.2655
vn -0.6672 -0.5483 0.5041
vn -0.7261 -0.4141 0.5489
vn 0.6085 0.4539 0.6509
vn 0.4120 0.2749 0.8687
vn 0.7329 0.1027 0.6725
vn 0.7365 0.1053 0.6682
vn 0.7750 0.1293 0.6185
vn 0.7322 0.2446 0.6356
vn -0.6840 0.3435 0.6435
vn -0.5199 0.2086 0.8283
vn -0.6095 0.3210 0.7249
vn 0.0060 0.9318 0.3628
vn 0.1400 0.9152 0.3778
vn 0.0245 0.9994 -0.0228
vn -0.0818 0.9373 0.3387
vn -0.0934 0.9330 0.3476
vn -0.2191 0.7537 0.6196
vn 0.5945 -0.4042 0.6951
vn 0.5125 0.0480 0.8574
vn 0.4140 -0.0921 0.9056
vn -0.5125 0.0480 0.8574
vn -0.5832 -0.4202 0.6953
vn -0.4140 -0.0921 0.9056
vn 0.2721 -0.6787 0.6822
vn 0.4519 -0.2882 0.8443
vn 0.0844 -0.2517 0.9641
vn 0.4080 -0.7354 0.5411
vn 0.5056 -0.6446 0.5735
vn 0.4514 -0.3995 0.7979
vn -0.5056 -0.6446 0.5735
vn -0.3835 -0.6947 0.6085
vn -0.4184 -0.4212 0.8047
vn -0.4519 -0.2882 0.8443
vn -0.1476 -0.7203 0.6777
vn -0.0844 -0.2517 0.9641
vn -0.9018 -0.1903 0.3880
vn -0.7554 -0.3234 0.5699
vn -0.6921 -0.1883 0.6968
vn -0.4633 -0.5301 0.7102
vn 0.0414 -0.2311 0.9721
vn -0.3345 0.0078 0.9424
vn 0.0297 -0.3892 0.9207
vn 0.6244 -0.4595 0.6317
vn 0.3345 0.0078 0.9424
vn 0.7554 -0.3234 0.5699
vn 0.8939 -0.1728 0.4135
vn 0.6920 -0.1883 0.6969
vn -0.9582 0.1631 -0.2350
vn -0.9669 -0.0638 0.2471
vn -0.9498 0.2358 0.2057
vn -0.7981 0.3456 0.4935
vn -0.2202 0.5322 0.8175
vn -0.9078 0.4083 0.0960
vn 0.9669 -0.0638 0.2471
vn 0.9582 0.1631 -0.2351
vn 0.9045 0.1817 0.3860
vn -0.4259 0.8666 0.2602
vn -0.1100 0.7016 0.7040
vn -0.3488 0.9109 0.2205
vn -0.7745 0.6032 0.1906
vn -0.4015 0.4708 0.7856
vn -0.6766 0.6998 0.2289
vn 0.4601 0.8213 0.3373
vn -0.2337 0.5025 0.8324
vn 0.0378 0.2599 0.9649
vn 0.1382 0.9579 0.2517
vn -0.0976 0.8354 0.5408
vn 0.1175 0.6912 0.7130
vn -0.0462 0.9596 0.2775
vn -0.1900 0.8620 0.4700
vn -0.1476 0.8605 0.4876
vn 0.2016 0.2788 0.9390
vn 0.1121 0.1635 0.9801
vn 0.3016 0.1394 0.9432
vn 0.4065 -0.0370 0.9129
vn 0.3752 -0.0101 0.9269
vn 0.3710 -0.0335 0.9280
vn -0.3645 -0.0592 0.9293
vn -0.3684 0.0474 0.9285
vn -0.4306 0.0277 0.9021
vn 0.3522 -0.0309 0.9354
vn 0.3523 -0.0290 0.9355
vn 0.3178 -0.0061 0.9481
vn 0.2481 0.0518 0.9673
vn 0.2550 -0.1207 0.9594
vn 0.5063 -0.1995 0.8390
vn 0.2495 -0.0058 0.9684
vn 0.2317 -0.0351 0.9722
vn 0.2443 0.0177 0.9695
vn -0.2550 -0.1207 0.9594
vn -0.2981 0.0501 0.9532
vn -0.5070 -0.2075 0.8366
vn -0.2783 -0.0416 0.9596
vn -0.2572 0.0139 0.9663
vn -0.2443 0.0177 0.9695
vn -0.1955 0.6780 0.7086
vn 0.1359 0.2740 0.9521
vn 0.1295 0.6862 0.7158
vn -0.1532 0.3200 0.9349
vn -0.1261 0.3451 0.9300
vn -0.2405 0.3842 0.8914
vn 0.4449 -0.0924 0.8908
vn 0.4188 0.0556 0.9064
vn 0.3165 -0.0743 0.9457
vn -0.4486 -0.0683 0.8911
vn -0.4297 0.0301 0.9025
vn -0.4875 -0.0074 0.8731
vn 0.4537 -0.0466 0.8899
vn 0.4805 -0.0454 0.8758
vn 0.3839 -0.0522 0.9219
vn 0.4476 -0.0558 0.8925
vn 0.4159 -0.1241 0.9009
vn 0.4442 -0.1227 0.8875
vn 0.3943 0.0524 0.9175
vn 0.4039 0.0749 0.9117
vn 0.3722 0.0724 0.9253
vn -0.4039 0.0749 0.9117
vn -0.3838 0.0525 0.9219
vn -0.3752 0.0781 0.9236
vn -0.4265 0.1579 0.8906
vn -0.4138 0.0936 0.9055
vn -0.3454 0.1222 0.9305
vn -0.4160 0.1562 0.8959
vn -0.3918 0.1706 0.9041
vn -0.4201 0.1313 0.8979
vn -0.1047 -0.8851 -0.4535
vn -0.2048 -0.6870 -0.6972
vn -0.1620 -0.7035 -0.6919
vn -0.2499 -0.5069 -0.8250
vn -0.3769 -0.3932 -0.8387
vn -0.3180 -0.3214 -0.8920
vn 0.2158 -0.7258 -0.6531
vn 0.1238 -0.8815 -0.4556
vn 0.1620 -0.7035 -0.6919
vn 0.3769 -0.3931 -0.8387
vn 0.2383 -0.4843 -0.8418
vn 0.3180 -0.3214 -0.8920
vn 0.2022 -0.8142 -0.5443
vn -0.1792 -0.5777 -0.7964
vn -0.0216 -0.5476 -0.8365
vn 0.1792 -0.5777 -0.7964
vn -0.2229 -0.8064 -0.5478
vn 0.0216 -0.5476 -0.8365
vn 0.7603 -0.2313 0.6070
vn 0.7928 -0.4536 0.4071
vn 0.9088 -0.3906 0.1465
vn 0.9138 -0.1194 0.3882
vn 0.9298 -0.3555 -0.0955
vn 0.9543 -0.0728 -0.2898
vn 0.7450 -0.6666 0.0233
vn 0.4780 -0.5707 -0.6677
vn 0.8629 -0.4856 -0.1398
vn 0.8048 -0.4233 -0.4160
vn 0.2809 -0.3488 -0.8941
vn 0.5455 -0.1764 -0.8194
vn 0.8688 -0.1244 0.4793
vn 0.9514 0.1429 0.2727
vn 0.6747 0.0012 0.7381
vn -0.7928 -0.4536 0.4071
vn -0.8018 -0.2326 0.5505
vn -0.8944 -0.4313 0.1184
vn -0.9298 -0.3555 -0.0955
vn -0.9163 -0.0996 0.3878
vn -0.9220 -0.1146 -0.3699
vn -0.4659 -0.6110 -0.6401
vn -0.7912 -0.5929 0.1502
vn -0.8629 -0.4856 -0.1398
vn -0.9643 -0.0261 0.2637
vn -0.9797 0.1509 0.1321
vn -0.9671 -0.0021 -0.2545
vn -0.2809 -0.3488 -0.8941
vn -0.8347 -0.3820 -0.3966
vn -0.5455 -0.1764 -0.8194
vn 0.9009 0.4253 0.0870
vn 0.5689 0.6667 -0.4816
vn 0.6507 0.7366 0.1847
vn 0.7101 0.1590 0.6859
vn 0.8970 0.3747 0.2347
vn 0.6521 0.5112 0.5599
vn 0.5630 0.8250 0.0489
vn 0.1084 0.8013 -0.5884
vn 0.1342 0.9895 -0.0543
vn -0.6027 0.7977 0.0182
vn -0.1261 0.7503 -0.6489
vn -0.5200 0.6489 -0.5554
vn -0.1069 0.9398 -0.3246
vn -0.2225 0.6742 -0.7043
vn -0.3771 0.7570 -0.5336
vn -0.2103 0.6051 -0.7679
vn -0.4098 0.3390 -0.8468
vn -0.4175 0.6342 -0.6508
vn 0.0610 0.9578 0.2810
vn 0.3530 0.8847 -0.3045
vn 0.0566 0.9929 -0.1044
vn -0.4561 0.6140 -0.6442
vn -0.3797 0.4140 -0.8273
vn -0.5044 0.4562 -0.7332
vn 0.4174 0.3337 -0.8452
vn 0.4558 0.6140 -0.6444
vn 0.5044 0.4562 -0.7332
vn 0.0770 0.9472 0.3113
vn 0.3830 0.9046 0.1868
vn 0.4179 0.8776 -0.2348
vn -0.3556 0.0024 -0.9346
vn -0.3677 0.0667 -0.9276
vn -0.3495 0.0771 -0.9338
vn 0.3109 -0.2002 -0.9291
vn 0.3273 -0.2083 -0.9217
vn 0.3242 -0.2182 -0.9205
vn 0.3540 -0.0187 -0.9351
vn 0.3179 0.0226 -0.9478
vn 0.3211 -0.0424 -0.9461
vn -0.3188 0.0719 -0.9451
vn -0.2099 0.0113 -0.9776
vn -0.3001 -0.0188 -0.9537
vn 0.1685 0.3417 -0.9246
vn 0.3446 0.1303 -0.9297
vn 0.1735 0.0763 -0.9819
vn 0.2112 0.0194 -0.9772
vn 0.3095 0.0785 -0.9476
vn 0.3001 -0.0188 -0.9537
vn 0.0069 -0.0881 -0.9961
vn 0.4755 -0.1599 -0.8651
vn 0.2060 -0.2530 -0.9453
vn 0.2399 0.3274 -0.9139
vn -0.1047 0.1148 -0.9879
vn -0.1533 0.3682 -0.9170
vn -0.4598 -0.1475 -0.8757
vn -0.0134 -0.0838 -0.9964
vn -0.2060 -0.2530 -0.9453
vn -0.3721 0.2644 -0.8897
vn -0.0213 0.0168 -0.9996
vn -0.6123 0.0444 -0.7894
vn -0.9400 0.3106 -0.1409
vn -0.5629 0.3383 -0.7541
vn -0.8235 0.0898 -0.5602
vn 0.1047 0.1148 -0.9879
vn -0.2165 0.4148 -0.8838
vn 0.1533 0.3682 -0.9170
vn 0.0689 0.3514 -0.9337
vn -0.2150 0.6629 -0.7172
vn 0.5949 0.5641 -0.5726
vn -0.5587 0.8111 0.1731
vn -0.4745 0.8745 0.1008
vn -0.5295 0.8114 0.2475
vn -0.4668 0.8840 0.0246
vn -0.4745 0.8386 -0.2676
vn -0.5646 0.8016 -0.1966
vn 0.3465 -0.3482 -0.8710
vn -0.0018 -0.2893 -0.9572
vn 0.3905 -0.2213 -0.8936
vn -0.3582 0.3364 -0.8709
vn -0.2302 0.2037 -0.9516
vn -0.0839 0.1852 -0.9791
vn -0.0929 -0.3714 -0.9238
vn 0.0859 -0.2948 -0.9517
vn 0.1099 -0.3254 -0.9392
vn -0.0006 -0.1095 -0.9940
vn -0.3465 -0.3482 -0.8710
vn -0.3905 -0.2213 -0.8936
vn 0.2362 0.1788 -0.9551
vn 0.0796 0.2330 -0.9692
vn 0.0839 0.1852 -0.9791
vn 0.0932 -0.3698 -0.9244
vn 0.0929 -0.3714 -0.9238
vn -0.1099 -0.3254 -0.9392
vn 0.0171 -0.8960 -0.4438
vn 0.0403 -0.8529 -0.5204
vn -0.0306 -0.8306 -0.5560
vn -0.0098 -0.8736 -0.4866
vn 0.0779 -0.8735 -0.4806
vn 0.0306 -0.8306 -0.5560
vn 0.1400 -0.9466 -0.2905
vn 0.0532 -0.9960 -0.0715
vn 0.0419 -0.9519 -0.3035
vn 0.7655 -0.0195 0.6431
vn 0.7424 -0.1450 0.6541
vn 0.8003 -0.0970 0.5916
vn -0.8003 -0.0970 0.5916
vn -0.7358 -0.1333 0.6639
vn -0.7655 -0.0195 0.6431
vn 0.7792 -0.2752 0.5632
vn 0.7248 -0.4121 0.5521
vn 0.7963 -0.3746 0.4750
vn -0.7963 -0.3746 0.4750
vn -0.7248 -0.4121 0.5521
vn -0.7764 -0.2768 0.5663
vn 0.5332 -0.6417 0.5513
vn 0.3469 -0.7550 0.5565
vn 0.4430 -0.7735 0.4533
vn 0.1683 -0.7882 0.5919
vn -0.0327 -0.8015 0.5971
vn 0.0773 -0.8876 0.4541
vn -0.4430 -0.7735 0.4533
vn -0.3515 -0.7475 0.5636
vn -0.5216 -0.6390 0.5653
vn -0.0773 -0.8876 0.4541
vn 0.0327 -0.8015 0.5971
vn -0.1817 -0.8009 0.5706
vn 0.6713 -0.3410 0.6581
vn 0.4426 -0.5235 0.7281
vn 0.6203 -0.5170 0.5898
vn 0.5197 -0.6121 0.5961
vn 0.3351 -0.5900 0.7346
vn 0.3340 -0.7152 0.6140
vn -0.3057 -0.7116 0.6326
vn -0.3351 -0.5900 0.7346
vn -0.5239 -0.6025 0.6021
vn -0.6203 -0.5170 0.5898
vn -0.4496 -0.5042 0.7373
vn -0.6651 -0.3406 0.6645
vn 0.0840 -0.7066 0.7026
vn -0.0393 -0.6801 0.7321
vn 0.0100 -0.7502 0.6611
vn -0.0100 -0.7502 0.6611
vn 0.0310 -0.6726 0.7393
vn -0.0840 -0.7066 0.7026
vn -0.3390 -0.7272 0.5969
vn -0.4903 -0.6072 0.6252
vn -0.4921 -0.7179 0.4924
vn 0.4921 -0.7179 0.4924
vn 0.4557 -0.6114 0.6470
vn 0.3390 -0.7272 0.5969
vn -0.6167 -0.4576 0.6405
vn -0.7092 -0.2519 0.6585
vn -0.7557 -0.3921 0.5246
vn 0.7557 -0.3921 0.5246
vn 0.7089 -0.2521 0.6588
vn 0.6154 -0.4519 0.6458
vn 0.8189 -0.0977 0.5655
vn 0.7343 -0.1592 0.6599
vn 0.7856 -0.3079 0.5368
vn -0.2938 -0.6554 0.6958
vn -0.4363 -0.4769 0.7630
vn -0.4458 -0.5591 0.6990
vn 0.4458 -0.5591 0.6990
vn 0.4141 -0.4809 0.7728
vn 0.2899 -0.5824 0.7595
vn 0.4551 0.5169 0.7250
vn 0.5636 0.3375 0.7540
vn 0.6146 0.4287 0.6622
vn -0.7149 0.1949 0.6715
vn -0.8032 0.2179 0.5544
vn -0.7852 0.1110 0.6092
vn -0.6199 0.3704 0.6917
vn -0.6482 0.5360 0.5408
vn -0.7546 0.3688 0.5428
vn 0.7440 0.1485 0.6515
vn 0.7438 -0.0066 0.6684
vn 0.8271 0.0657 0.5582
vn 0.4414 0.6289 0.6400
vn 0.5500 0.5075 0.6633
vn 0.5365 0.6232 0.5690
vn -0.3266 0.6844 0.6519
vn -0.3888 0.7881 0.4772
vn -0.4992 0.6760 0.5421
vn -0.1501 0.7681 0.6224
vn -0.0680 0.8547 0.5146
vn -0.2361 0.8377 0.4925
vn -0.1162 0.7876 0.6051
vn 0.0648 0.7961 0.6017
vn -0.0079 0.8691 0.4946
vn -0.3731 0.5402 0.7544
vn -0.3870 0.6568 0.6472
vn -0.5069 0.5339 0.6768
vn -0.1161 0.7766 0.6192
vn -0.0491 0.6806 0.7310
vn 0.0972 0.7563 0.6470
vn 0.0418 0.7211 0.6916
vn 0.2343 0.6359 0.7354
vn 0.2144 0.7389 0.6388
vn 0.4366 0.5902 0.6790
vn 0.5199 0.6220 0.5855
vn 0.3784 0.7098 0.5941
vn -0.3873 0.6554 0.6485
vn -0.2094 0.6906 0.6923
vn -0.2794 0.7483 0.6016
vn 0.2325 0.7645 0.6013
vn 0.2978 0.8266 0.4775
vn 0.1284 0.8603 0.4934
vn 0.5472 0.6047 0.5787
vn 0.5851 0.6690 0.4584
vn 0.4819 0.7148 0.5068
vn -0.5247 0.6485 0.5515
vn -0.3575 0.7247 0.5891
vn -0.4271 0.7625 0.4861
vn 0.6683 0.4801 0.5682
vn 0.7664 0.4296 0.4776
vn 0.6850 0.5600 0.4660
vn 0.8222 0.1785 0.5405
vn 0.8845 0.0880 0.4581
vn 0.8503 0.2586 0.4584
vn -0.7834 0.2750 0.5573
vn -0.7239 0.4178 0.5490
vn -0.8092 0.3679 0.4581
vn -0.8205 -0.0660 0.5679
vn -0.8295 0.1154 0.5464
vn -0.8953 0.0184 0.4451
vn 0.6917 0.2527 0.6765
vn 0.7797 0.2497 0.5742
vn 0.6970 0.4256 0.5771
vn 0.7306 0.0940 0.6763
vn 0.7840 -0.0594 0.6180
vn 0.7931 0.1414 0.5924
vn -0.6768 0.3384 0.6538
vn -0.5259 0.5296 0.6655
vn -0.6344 0.5074 0.5832
vn 0.5511 0.5595 0.6190
vn 0.4413 0.3869 0.8097
vn 0.6389 0.3789 0.6695
vn -0.2823 0.7426 0.6073
vn -0.4399 0.7070 0.5537
vn -0.3648 0.5223 0.7708
vn 0.0540 0.7600 0.6477
vn 0.0042 0.4399 0.8980
vn 0.3325 0.4165 0.8461
vn 0.2782 0.7110 0.6459
vn 0.1108 0.7735 0.6241
vn 0.0550 0.5581 0.8279
vn 0.7359 0.1384 0.6628
vn 0.7081 0.2305 0.6675
vn 0.5635 0.2000 0.8015
vn 0.4501 0.2986 0.8416
vn 0.6083 0.3804 0.6966
vn 0.5011 0.4720 0.7254
vn 0.3046 0.2255 0.9254
vn 0.3767 0.5680 0.7318
vn 0.0903 0.3319 0.9390
vn -0.6946 -0.2144 0.6867
vn -0.6536 -0.3602 0.6657
vn -0.5168 -0.2344 0.8234
vn 0.5228 -0.2147 0.8250
vn 0.6536 -0.3602 0.6657
vn 0.6946 -0.2144 0.6867
vn -0.3946 -0.5839 0.7095
vn -0.2260 -0.6887 0.6889
vn -0.2016 -0.5214 0.8291
vn 0.1849 -0.5445 0.8181
vn 0.3337 -0.6864 0.6461
vn 0.3946 -0.5839 0.7095
vn 0.0124 -0.7773 0.6291
vn 0.3728 -0.6816 0.6296
vn 0.0287 -0.5588 0.8288
vn -0.0793 -0.5078 0.8578
vn -0.3728 -0.6816 0.6296
vn -0.0124 -0.7773 0.6291
vn 0.7711 -0.1219 0.6250
vn 0.8170 0.1136 0.5653
vn 0.5052 -0.0298 0.8625
vn -0.5088 -0.0001 0.8609
vn -0.8170 0.1136 0.5654
vn -0.7711 -0.1219 0.6250
vn 0.3538 -0.1793 0.9180
vn 0.3644 -0.0394 0.9304
vn 0.2668 -0.0479 0.9626
vn -0.6515 -0.2951 0.6989
vn -0.3354 -0.3556 0.8724
vn -0.4294 -0.0927 0.8983
vn -0.2668 -0.0479 0.9626
vn -0.3942 -0.0743 0.9160
vn -0.3538 -0.1793 0.9180
vn 0.0391 -0.2617 0.9644
vn 0.1394 -0.1292 0.9818
vn -0.0813 -0.0566 0.9951
vn -0.1427 -0.1035 0.9843
vn 0.0251 -0.0009 0.9997
vn -0.1418 0.1081 0.9840
vn 0.2603 0.2119 0.9420
vn 0.0952 0.2114 0.9728
vn 0.1951 0.0640 0.9787
vn -0.1951 0.0640 0.9787
vn -0.1107 0.2305 0.9668
vn -0.2832 0.1733 0.9433
vn 0.6626 0.2864 0.6921
vn 0.3455 0.2184 0.9126
vn 0.3985 0.0449 0.9161
vn 0.2654 0.0337 0.9636
vn 0.3644 0.0482 0.9300
vn 0.3143 0.1260 0.9409
vn -0.3143 0.1260 0.9409
vn -0.3564 0.0360 0.9336
vn -0.2654 0.0337 0.9636
vn -0.0982 -0.8752 0.4737
vn -0.1073 -0.9887 0.1049
vn 0.2161 -0.9491 0.2290
vn 0.2218 -0.7814 0.5832
vn 0.1534 -0.7220 0.6746
vn 0.1253 -0.8157 0.5648
vn 0.2195 -0.8702 0.4411
vn 0.1161 -0.8730 0.4736
vn 0.1186 -0.9731 0.1977
vn -0.6394 -0.6428 0.4218
vn -0.3403 -0.9320 0.1249
vn -0.2936 -0.8073 0.5119
vn -0.2147 -0.8975 0.3853
vn -0.2018 -0.9773 0.0639
vn -0.1301 -0.9807 0.1459
vn -0.4380 -0.4478 0.7795
vn -0.5803 -0.4929 0.6483
vn -0.3463 -0.6939 0.6313
vn 0.8816 0.1182 0.4570
vn 0.7419 0.0691 0.6670
vn 0.8123 0.0264 0.5826
vn -0.8123 0.0264 0.5826
vn -0.7599 0.0907 0.6437
vn -0.8721 0.1234 0.4734
vn -0.8294 0.0272 0.5580
vn -0.9042 0.1177 0.4106
vn -0.9463 0.0611 0.3174
vn 0.4884 -0.8487 0.2028
vn 0.6498 -0.7159 0.2554
vn 0.5047 -0.6785 0.5338
vn 0.3737 -0.7897 0.4864
vn 0.4265 -0.8334 0.3515
vn 0.4214 -0.7068 0.5682
vn -0.5077 -0.6717 0.5395
vn -0.6498 -0.7159 0.2554
vn -0.4884 -0.8487 0.2028
vn -0.4319 -0.7173 0.5467
vn -0.4224 -0.8367 0.3485
vn -0.3737 -0.7897 0.4865
vn 0.5044 -0.6542 0.5636
vn 0.6610 -0.6601 0.3568
vn 0.5291 -0.4791 0.7004
vn 0.7980 -0.4512 0.3995
vn 0.7167 -0.3263 0.6164
vn 0.6632 -0.4232 0.6173
vn -0.6140 -0.4386 0.6562
vn -0.6828 -0.6264 0.3761
vn -0.5043 -0.6542 0.5636
vn -0.8434 -0.3871 0.3727
vn -0.7238 -0.6022 0.3369
vn -0.6932 -0.4290 0.5792
vn -0.9861 -0.0486 0.1591
vn -0.8894 -0.3954 0.2293
vn -0.7927 -0.2889 0.5368
vn -0.8080 0.2354 0.5402
vn -0.9819 0.0507 0.1825
vn -0.7599 -0.1884 0.6221
vn 0.6925 0.3178 0.6476
vn 0.4688 0.0340 0.8827
vn 0.6585 -0.1662 0.7340
vn -0.5346 0.7002 0.4733
vn -0.6279 0.6316 0.4548
vn -0.5126 0.4746 0.7155
vn -0.3564 0.1805 0.9167
vn -0.4539 0.2247 0.8622
vn -0.2320 -0.1448 0.9619
vn 0.4995 0.8466 0.1838
vn 0.4948 0.6395 0.5885
vn 0.6022 0.7507 0.2716
vn 0.4998 0.4389 0.7467
vn 0.4736 0.5677 0.6734
vn 0.3862 0.2671 0.8829
vn -0.3898 0.3055 0.8688
vn -0.4946 0.6031 0.6258
vn -0.4998 0.4389 0.7467
vn -0.5236 0.6153 0.5892
vn -0.5603 0.7335 0.3847
vn -0.5413 0.5620 0.6254
vn -0.2665 0.9007 0.3432
vn -0.3125 0.6924 0.6503
vn 0.0185 0.7139 0.7000
vn -0.4683 0.7150 0.5190
vn -0.1040 0.4110 0.9057
vn -0.0523 0.7323 0.6790
vn -0.0981 0.1409 0.9852
vn 0.0370 -0.0945 0.9948
vn 0.1787 -0.1009 0.9787
vn 0.0024 0.2380 0.9713
vn 0.1415 -0.1259 0.9819
vn 0.2548 0.1649 0.9528
vn -0.0541 0.3698 0.9275
vn -0.3302 0.5345 0.7779
vn -0.2811 0.1969 0.9393
vn 0.7530 0.6549 -0.0635
vn 0.4639 0.8808 0.0943
vn 0.6801 0.6247 0.3837
vn 0.0473 0.9737 0.2229
vn -0.3618 0.9248 0.1180
vn -0.2282 0.7192 0.6563
vn -0.8238 0.5594 0.0923
vn -0.7889 0.4861 0.3759
vn -0.7907 0.5277 0.3105
vn 0.4546 0.2620 0.8513
vn 0.3323 0.2642 0.9054
vn 0.1317 0.0489 0.9901
vn 0.6447 0.3689 0.6696
vn 0.6193 0.5252 0.5837
vn 0.3819 0.3254 0.8650
vn 0.8691 0.4906 0.0633
vn 0.8169 0.5765 -0.0211
vn 0.7651 0.5290 0.3671
vn -0.2495 0.5924 0.7660
vn -0.2326 0.5245 0.8190
vn -0.1619 0.5771 0.8005
vn -0.3819 0.2650 0.8854
vn -0.0666 -0.1040 0.9923
vn -0.0495 0.0230 0.9985
vn 0.2251 0.2104 0.9513
vn 0.2190 0.2176 0.9512
vn -0.0365 -0.0726 0.9967
vn 0.3154 0.9158 0.2484
vn 0.6694 0.6616 0.3380
vn 0.5717 0.7358 0.3629
vn 0.3041 -0.2561 0.9176
vn 0.3024 -0.2275 0.9256
vn 0.2039 -0.2065 0.9570
vn -0.2508 -0.2600 0.9325
vn -0.3265 -0.2393 0.9144
vn -0.2721 -0.3231 0.9064
vn 0.1346 -0.3157 0.9393
vn 0.1051 -0.3209 0.9413
vn 0.1319 -0.3194 0.9384
vn 0.0994 -0.2846 0.9535
vn 0.1694 -0.3311 0.9282
vn 0.1758 -0.2773 0.9446
vn -0.2747 0.0401 0.9607
vn -0.1926 -0.1953 0.9617
vn -0.1678 -0.1615 0.9725
vn 0.3040 -0.0296 0.9522
vn 0.0704 -0.4041 0.9120
vn 0.1617 -0.3963 0.9038
vn -0.1617 -0.3963 0.9038
vn -0.0704 -0.4041 0.9120
vn -0.3000 -0.0305 0.9534
vn 0.5530 -0.3496 0.7563
vn 0.4774 -0.2410 0.8450
vn 0.4622 -0.2879 0.8387
vn 0.3593 -0.1860 0.9145
vn 0.2190 -0.1270 0.9674
vn 0.2914 -0.1231 0.9486
vn -0.6203 -0.3123 0.7195
vn -0.5579 -0.3577 0.7488
vn -0.3905 -0.2525 0.8853
vn -0.6014 -0.2499 0.7588
vn -0.3856 -0.3140 0.8676
vn -0.4989 -0.1287 0.8570
vn 0.4090 -0.4885 0.7708
vn 0.4225 -0.4708 0.7745
vn 0.3960 -0.4003 0.8264
vn -0.4330 -0.6143 0.6597
vn -0.3946 -0.5204 0.7573
vn -0.4320 -0.4051 0.8058
vn -0.4690 -0.4894 0.7352
vn -0.4204 -0.4131 0.8078
vn -0.4303 -0.3155 0.8458
vn 0.1941 -0.0696 0.9785
vn 0.1893 -0.1065 0.9761
vn 0.2381 -0.0947 0.9666
vn -0.4543 -0.4526 0.7673
vn -0.2918 -0.2186 0.9312
vn -0.3651 -0.2390 0.8998
vn -0.2381 -0.0947 0.9666
vn -0.1893 -0.1065 0.9761
vn -0.2146 -0.0608 0.9748
vn 0.0458 -0.0278 0.9986
vn 0.0263 0.0208 0.9994
vn -0.0126 0.0282 0.9995
vn 0.0211 0.0202 0.9996
vn -0.0524 -0.0173 0.9985
vn -0.0458 -0.0278 0.9986
vn 0.1892 -0.1988 0.9616
vn 0.1842 -0.2542 0.9495
vn 0.2661 -0.2663 0.9264
vn 0.2124 -0.1964 0.9572
vn 0.1935 -0.1639 0.9673
vn 0.2160 -0.1769 0.9602
vn 0.0486 -0.2060 0.9773
vn -0.0418 -0.1719 0.9842
vn 0.0142 -0.2371 0.9714
vn 0.0888 -0.1804 0.9796
vn 0.0790 -0.1781 0.9808
vn 0.0772 -0.1755 0.9814
vn -0.0142 -0.2371 0.9714
vn 0.0892 -0.1852 0.9786
vn -0.0690 -0.2210 0.9728
vn -0.0772 -0.1755 0.9814
vn -0.0790 -0.1781 0.9808
vn -0.0881 -0.1719 0.9812
vn -0.0151 -0.1605 0.9869
vn -0.0720 -0.1496 0.9861
vn 0.0161 -0.2155 0.9764
vn -0.0161 -0.2155 0.9764
vn 0.0814 -0.1520 0.9850
vn -0.0398 -0.2092 0.9771
vn 0.0395 -0.7822 0.6218
vn -0.0358 -0.7549 0.6549
vn -0.1345 -0.8340 0.5351
vn 0.0785 -0.8514 0.5186
vn 0.0358 -0.7549 0.6548
vn -0.0298 -0.8005 0.5986
vn 0.3536 -0.5117 0.7830
vn 0.1988 -0.6568 0.7274
vn 0.2823 -0.7036 0.6522
vn -0.2712 -0.7108 0.6490
vn -0.1988 -0.6568 0.7274
vn -0.3434 -0.5084 0.7897
vn -0.3659 -0.2295 0.9019
vn -0.2698 -0.1299 0.9541
vn -0.4031 -0.1174 0.9076
vn -0.2208 -0.3141 0.9233
vn -0.2825 -0.1915 0.9400
vn -0.3862 -0.2892 0.8759
vn 0.5480 0.0142 0.8364
vn 0.3543 -0.0005 0.9351
vn 0.3846 -0.0436 0.9220
vn -0.3846 -0.0436 0.9220
vn -0.3543 -0.0005 0.9351
vn -0.5439 0.0266 0.8387
vn 0.4719 -0.0713 0.8788
vn 0.6848 -0.0305 0.7281
vn 0.6198 0.0342 0.7840
vn -0.6198 0.0342 0.7840
vn -0.6505 -0.0632 0.7569
vn -0.4683 -0.0560 0.8818
vn -0.0879 -0.1047 0.9906
vn -0.0729 -0.1070 0.9916
vn -0.0938 -0.0550 0.9941
vn 0.0365 -0.0523 0.9980
vn -0.0076 -0.0470 0.9989
vn -0.0051 -0.0562 0.9984
vn -0.1294 -0.0454 0.9905
vn -0.0829 -0.1515 0.9850
vn 0.0600 -0.1739 0.9829
vn -0.0449 -0.0563 0.9974
vn -0.1553 -0.1464 0.9770
vn 0.0708 -0.0878 0.9936
vn 0.6032 -0.5284 0.5974
vn 0.7438 -0.5640 0.3586
vn 0.6623 -0.4296 0.6138
vn -0.6623 -0.4296 0.6138
vn -0.7621 -0.5305 0.3713
vn -0.6032 -0.5284 0.5974
vn 0.9561 0.1899 0.2231
vn 0.8901 0.2652 0.3707
vn 0.8908 -0.1351 0.4338
vn -0.8908 -0.1351 0.4338
vn -0.8901 0.2652 0.3707
vn -0.9456 -0.0955 0.3110
vn -0.8461 0.4517 0.2831
vn -0.8368 0.4044 0.3691
vn -0.8223 0.4265 0.3768
vn -0.2534 0.8590 0.4450
vn -0.6712 0.6685 0.3202
vn -0.6576 0.5188 0.5463
vn -0.0614 0.9347 0.3500
vn -0.1534 0.7673 0.6227
vn -0.0042 0.8284 0.5601
vn -0.3504 0.6811 0.6429
vn -0.1116 0.8498 0.5151
vn -0.4231 0.8568 0.2946
vn -0.1785 0.9187 0.3522
vn -0.3089 0.7006 0.6432
vn -0.2736 0.9056 0.3242
vn -0.6131 0.6716 0.4161
vn -0.6228 0.4129 0.6645
vn -0.0162 0.6908 0.7229
vn 0.5893 0.6837 0.4305
vn 0.6303 0.6675 0.3965
vn 0.5859 0.7087 0.3930
vn 0.3059 0.7032 0.6418
vn 0.2566 0.6937 0.6730
vn 0.1785 0.9187 0.3522
vn 0.5766 -0.6737 0.4623
vn 0.5481 -0.5741 0.6082
vn 0.3778 -0.6757 0.6330
vn 0.1900 -0.5919 0.7833
vn 0.2134 -0.6210 0.7542
vn 0.3925 -0.3203 0.8622
vn -0.5361 -0.6159 0.5773
vn -0.2907 -0.4966 0.8179
vn -0.3559 -0.6484 0.6730
vn -0.1534 -0.6590 0.7363
vn -0.0677 -0.7051 0.7059
vn 0.0637 -0.5905 0.8045
vn -0.1104 0.3487 0.9307
vn 0.3430 0.4401 0.8298
vn 0.0629 0.7425 0.6669
vn -0.2470 0.0309 0.9685
vn -0.6681 0.3907 0.6332
vn -0.7088 -0.2339 0.6655
vn 0.0923 0.3609 0.9280
vn 0.1534 0.1070 0.9824
vn 0.3656 0.4163 0.8325
vn -0.3512 0.4407 0.8261
vn -0.1837 0.1042 0.9775
vn -0.0923 0.3609 0.9280
vn -0.0586 0.0294 0.9978
vn 0.2766 0.0637 0.9589
vn -0.0432 0.4768 0.8779
vn 0.1340 -0.2952 0.9460
vn 0.2441 -0.5969 0.7642
vn 0.5185 -0.5006 0.6932
vn -0.5262 -0.5425 0.6548
vn -0.2441 -0.5969 0.7642
vn -0.1673 -0.2874 0.9431
vn 0.0480 -0.1687 0.9845
vn 0.1296 -0.0496 0.9903
vn 0.0039 -0.1471 0.9891
vn -0.0400 0.0392 0.9984
vn -0.1886 0.0857 0.9783
vn -0.1245 0.0161 0.9921
vn 0.1245 0.0161 0.9921
vn 0.2390 0.0831 0.9674
vn 0.0229 0.0222 0.9995
vn 0.4494 -0.2058 0.8693
vn 0.4367 -0.2103 0.8747
vn 0.4137 -0.0865 0.9063
vn -0.7716 -0.1905 0.6069
vn -0.6563 -0.1868 0.7310
vn -0.7739 -0.1403 0.6176
vn -0.3693 -0.2041 0.9066
vn -0.3826 -0.1966 0.9028
vn -0.3439 -0.1238 0.9308
vn -0.5343 -0.0603 0.8431
vn -0.5404 -0.1043 0.8349
vn -0.6905 0.0112 0.7233
vn 0.4388 0.0253 0.8982
vn 0.6119 0.0371 0.7900
vn 0.6192 0.0751 0.7816
vn -0.1903 -0.0437 0.9807
vn -0.3074 -0.0706 0.9490
vn -0.2745 -0.0330 0.9610
vn 0.9139 0.2030 0.3516
vn 0.8912 0.3063 0.3346
vn 0.8320 0.2226 0.5081
vn -0.8324 0.2214 0.5080
vn -0.8912 0.3063 0.3346
vn -0.9139 0.2030 0.3516
vn -0.7962 0.1866 0.5756
vn -0.8632 0.1526 0.4812
vn -0.7676 0.1119 0.6311
vn -0.8092 0.1755 0.5606
vn -0.7620 0.1248 0.6354
vn -0.8509 0.1720 0.4964
vn -0.8412 0.2202 0.4939
vn -0.8397 0.1983 0.5056
vn -0.8816 0.0730 0.4663
vn 0.5108 -0.7029 0.4951
vn 0.7602 -0.5514 0.3436
vn 0.7632 -0.4588 0.4551
vn 0.5242 -0.8039 0.2810
vn 0.9095 -0.4065 0.0872
vn 0.5251 -0.7739 0.3541
vn -0.7632 -0.4588 0.4551
vn -0.4978 -0.6957 0.5180
vn -0.5108 -0.7029 0.4950
vn 0.0263 0.1285 0.9914
vn -0.0106 -0.2956 0.9553
vn 0.6592 -0.0378 0.7510
vn -0.3021 -0.6516 0.6958
vn 0.0824 -0.6059 0.7913
vn -0.0656 -0.1688 0.9835
vn 0.0008 -0.1889 0.9820
vn -0.0824 -0.6059 0.7913
vn 0.3021 -0.6516 0.6958
vn -0.3474 0.5493 0.7600
vn -0.2340 0.5854 0.7763
vn -0.3090 0.6926 0.6518
vn 0.3090 0.6926 0.6518
vn 0.2340 0.5854 0.7763
vn 0.3915 0.6079 0.6908
vn 0.2202 0.7009 0.6784
vn 0.0409 0.7821 0.6218
vn -0.0960 0.5746 0.8128
vn -0.6355 0.4927 0.5945
vn -0.5426 0.6748 0.5002
vn -0.5257 0.6749 0.5178
vn 0.5264 0.6741 0.5182
vn 0.5426 0.6748 0.5002
vn 0.4816 0.5016 0.7187
vn -0.1721 -0.4455 0.8786
vn -0.6186 -0.5522 0.5590
vn -0.7084 -0.3775 0.5964
vn -0.9418 0.1111 0.3173
vn -0.9546 0.0741 0.2885
vn -0.9038 -0.0492 0.4252
vn 0.7084 -0.3775 0.5964
vn 0.0741 -0.4488 0.8906
vn 0.1390 -0.4701 0.8716
vn 0.8822 0.0352 0.4695
vn 0.9546 0.0741 0.2885
vn 0.9418 0.1111 0.3173
vn 0.0025 -0.8385 0.5449
vn 0.1181 -0.8631 0.4910
vn 0.0908 -0.8763 0.4732
vn -0.4118 -0.6450 0.6437
vn -0.1966 -0.8878 0.4160
vn -0.0269 -0.8824 0.4697
vn -0.1847 -0.6502 0.7370
vn 0.0178 -0.8777 0.4788
vn 0.1662 -0.5915 0.7890
vn 0.2673 -0.4228 0.8659
vn -0.2335 -0.5791 0.7811
vn -0.0482 -0.8560 0.5148
vn 0.0327 -0.8508 0.5245
vn 0.1966 -0.8878 0.4160
vn 0.4395 -0.6380 0.6323
vn 0.0381 -0.4279 0.9030
vn 0.1045 -0.2234 0.9691
vn -0.0268 -0.2937 0.9555
vn 0.0269 -0.2937 0.9555
vn -0.0488 -0.1765 0.9831
vn -0.0868 -0.3953 0.9145
vn 0.0316 -0.1067 0.9938
vn 0.1090 -0.0278 0.9937
vn -0.0938 -0.0944 0.9911
vn 0.1494 -0.1208 0.9814
vn 0.1414 -0.0748 0.9871
vn 0.0974 -0.0781 0.9922
vn 0.0092 -0.0282 0.9996
vn -0.0686 -0.0287 0.9972
vn -0.0982 -0.0625 0.9932
vn -0.0426 -0.2813 0.9587
vn 0.0685 -0.1475 0.9867
vn -0.0787 -0.0961 0.9923
vn 0.1950 -0.3035 0.9327
vn 0.1199 -0.4862 0.8656
vn 0.1282 -0.3939 0.9102
vn -0.1341 -0.4080 0.9031
vn -0.2157 -0.3455 0.9133
vn -0.1950 -0.3035 0.9327
vn 0.4504 -0.4910 0.7457
vn 0.4843 -0.4129 0.7714
vn 0.4303 -0.3590 0.8282
vn -0.4352 -0.3553 0.8273
vn -0.4843 -0.4129 0.7714
vn -0.4504 -0.4910 0.7457
vn 0.4229 -0.1983 0.8842
vn 0.3965 -0.1338 0.9082
vn 0.3893 -0.1247 0.9126
vn -0.3877 -0.1347 0.9119
vn -0.3965 -0.1338 0.9082
vn -0.4900 -0.2131 0.8453
vn -0.3515 -0.0075 0.9362
vn -0.3935 -0.0355 0.9186
vn -0.3602 -0.1338 0.9232
vn -0.2962 -0.1049 0.9493
vn -0.2999 -0.0727 0.9512
vn -0.2991 -0.1452 0.9431
vn 0.3337 0.1829 0.9248
vn 0.3656 0.1755 0.9141
vn 0.4028 0.2417 0.8828
vn 0.1439 -0.0057 0.9896
vn 0.1746 0.0068 0.9846
vn 0.1441 0.0070 0.9895
vn -0.1685 0.0234 0.9854
vn -0.1746 0.0068 0.9846
vn -0.1439 -0.0057 0.9896
vn -0.1805 -0.1789 0.9672
vn -0.2159 -0.1372 0.9667
vn -0.2628 -0.2978 0.9177
vn 0.1521 -0.0315 0.9879
vn 0.0272 -0.0410 0.9988
vn -0.0082 -0.7697 0.6384
vn -0.0330 -0.7407 0.6710
vn -0.0272 -0.0410 0.9988
vn -0.1521 -0.0315 0.9879
vn 0.2493 -0.2579 0.9335
vn -0.0065 -0.6932 0.7207
vn 0.1922 -0.5030 0.8426
vn -0.2326 -0.8206 0.5221
vn -0.0153 -0.7193 0.6946
vn 0.0266 -0.6020 0.7980
vn -0.1353 -0.5775 0.8051
vn 0.0657 -0.4554 0.8879
vn -0.0621 -0.2992 0.9522
vn -0.5831 -0.1010 0.8061
vn -0.8083 -0.2452 0.5352
vn -0.3072 -0.1857 0.9334
vn 0.3184 -0.2209 0.9219
vn 0.8084 -0.2452 0.5352
vn 0.5831 -0.1010 0.8061
vn 0.1726 0.0500 0.9837
vn 0.2817 0.0649 0.9573
vn -0.0521 0.3294 0.9428
vn 0.1312 0.3469 0.9287
vn -0.2817 0.0649 0.9573
vn -0.1726 0.0500 0.9837
vn 0.2285 0.1452 0.9627
vn 0.2048 0.3342 0.9200
vn 0.2574 0.3312 0.9078
vn -0.2962 -0.0414 0.9542
vn -0.1227 0.1276 0.9842
vn -0.1653 0.2379 0.9571
vn -0.0472 0.4670 0.8830
vn -0.0478 0.5259 0.8492
vn -0.1010 0.4048 0.9088
vn -0.2223 -0.0919 0.9706
vn -0.2030 0.1077 0.9732
vn -0.2936 0.4147 0.8613
vn -0.3267 0.5153 0.7923
vn -0.2935 0.3400 0.8935
vn -0.3266 0.5154 0.7922
vn 0.4290 0.3524 0.8317
vn 0.1608 0.2141 0.9635
vn 0.2862 0.1702 0.9429
vn -0.2862 0.1702 0.9429
vn -0.1608 0.2141 0.9635
vn -0.3762 0.3802 0.8449
vn -0.3802 0.3968 0.8354
vn -0.3965 0.4588 0.7952
vn -0.3493 0.4676 0.8120
vn 0.6608 -0.1710 0.7308
vn 0.5768 -0.0468 0.8156
vn 0.5937 -0.0365 0.8038
vn 0.4072 -0.1502 0.9009
vn 0.4145 -0.1939 0.8891
vn 0.6205 -0.2641 0.7384
vn -0.5730 -0.0460 0.8183
vn -0.5970 -0.1769 0.7825
vn -0.6608 -0.1711 0.7308
vn -0.6364 -0.2218 0.7388
vn -0.4145 -0.1939 0.8891
vn -0.4072 -0.1502 0.9009
vn 0.4486 0.0442 0.8927
vn 0.4443 0.0097 0.8958
vn 0.6003 0.0247 0.7994
vn -0.5602 0.0836 0.8241
vn -0.4443 0.0097 0.8958
vn -0.4486 0.0442 0.8927
vn -0.4904 0.8625 -0.1251
vn -0.5546 0.8321 0.0077
vn -0.3979 0.9127 0.0924
vn -0.3267 0.9448 -0.0236
vn -0.3661 0.9117 0.1863
vn 0.5346 0.8161 0.2194
vn 0.7590 0.5212 -0.3901
vn 0.6398 0.6434 -0.4204
vn 0.6827 0.6594 -0.3150
vn 0.5823 0.7842 0.2143
vn 0.1157 0.9866 0.1151
vn 0.1521 0.9647 0.2150
vn -0.7805 0.5567 -0.2844
vn -0.6501 0.5386 -0.5359
vn -0.7480 0.4427 -0.4945
vn 0.8069 0.5352 -0.2500
vn 0.7748 0.4986 -0.3887
vn 0.7789 0.4653 -0.4204
vn 0.5501 0.4878 -0.6778
vn 0.6331 0.4424 -0.6352
vn 0.5049 0.3940 -0.7680
vn -0.0385 0.7965 -0.6034
vn -0.2659 0.4836 -0.8339
vn -0.4790 0.6200 -0.6214
vn -0.3723 0.9279 0.0215
vn 0.0965 0.9953 -0.0083
vn -0.1168 0.8998 -0.4204
vn 0.1563 0.8798 -0.4489
vn 0.3522 0.9195 -0.1747
vn 0.4819 0.7209 -0.4981
vn 0.5007 0.8599 -0.0992
vn 0.7541 0.6403 -0.1464
vn 0.5750 0.6877 -0.4431
vn 0.5318 0.8415 -0.0953
vn 0.4980 0.8212 -0.2785
vn 0.4960 0.8587 -0.1286
vn 0.1622 0.6888 -0.7065
vn 0.2319 0.7428 -0.6280
vn 0.1195 0.6022 -0.7894
vn -0.4193 0.7650 -0.4889
vn -0.4492 0.8695 -0.2053
vn -0.2444 0.7805 -0.5754
vn -0.0376 0.6351 -0.7715
vn -0.2052 0.6844 -0.6997
vn -0.1622 0.6888 -0.7065
vn 0.6025 0.7353 0.3103
vn 0.4806 0.8722 -0.0909
vn 0.4615 0.8726 0.1600
vn 0.4291 0.8780 -0.2122
vn 0.4580 0.8557 -0.2408
vn 0.3925 0.8982 -0.1981
vn -0.3694 0.8948 -0.2506
vn -0.3277 0.9147 -0.2364
vn -0.3594 0.8944 -0.2663
vn -0.4359 0.8801 -0.1882
vn -0.4822 0.8750 -0.0441
vn -0.4040 0.8925 -0.2007
vn -0.9141 0.3963 -0.0865
vn -0.6963 0.6688 0.2605
vn -0.5753 0.8054 -0.1431
vn -0.8652 0.4443 -0.2325
vn -0.5572 0.8186 -0.1391
vn -0.5849 0.6908 -0.4250
vn 0.9672 -0.2503 0.0426
vn 0.9884 0.0501 -0.1432
vn 0.9971 0.0754 -0.0102
vn 0.9607 -0.2776 -0.0002
vn 0.9567 -0.2675 -0.1145
vn 0.9808 -0.0951 -0.1700
vn -0.9174 0.2907 -0.2718
vn -0.9311 0.3372 -0.1390
vn -0.7680 0.5860 -0.2585
vn 0.8742 -0.4797 0.0757
vn 0.7493 -0.6569 0.0839
vn 0.7851 -0.6157 -0.0676
vn 0.6402 -0.7624 0.0946
vn 0.5325 -0.8408 0.0977
vn 0.6146 -0.7878 0.0419
vn -0.7851 -0.6157 -0.0676
vn -0.7601 -0.6401 0.1118
vn -0.8742 -0.4797 0.0757
vn -0.5408 -0.8387 0.0646
vn -0.5325 -0.8408 0.0977
vn -0.6402 -0.7624 0.0946
vn 0.4487 -0.8426 -0.2978
vn 0.3243 -0.8744 -0.3608
vn 0.4046 -0.8099 -0.4247
vn 0.0408 -0.2868 -0.9571
vn 0.0976 -0.2845 -0.9537
vn 0.1148 -0.2498 -0.9615
vn 0.0815 -0.9384 -0.3358
vn 0.1399 -0.9265 -0.3492
vn 0.1629 -0.8007 -0.5765
vn -0.1050 -0.6336 -0.7665
vn -0.1219 -0.4607 -0.8792
vn -0.1732 -0.6597 -0.7313
vn -0.2845 -0.2122 -0.9349
vn -0.2881 -0.1916 -0.9382
vn -0.2798 -0.2089 -0.9370
vn -0.6308 -0.6069 -0.4835
vn -0.6652 -0.5373 -0.5184
vn -0.6892 -0.6372 -0.3448
vn -0.0218 -0.2047 -0.9786
vn 0.0015 -0.2650 -0.9642
vn -0.1081 -0.2207 -0.9693
vn -0.0988 -0.6383 -0.7634
vn 0.0674 -0.6249 -0.7778
vn 0.0907 -0.8589 -0.5040
vn 0.0394 -0.3221 -0.9459
vn 0.1236 -0.2367 -0.9637
vn 0.1028 -0.3615 -0.9267
vn 0.0007 -0.4532 -0.8914
vn 0.0563 -0.5769 -0.8149
vn -0.0897 -0.4950 -0.8643
vn 0.0483 -0.9969 -0.0620
vn -0.0598 -0.9973 0.0428
vn -0.0361 -0.9922 -0.1193
vn 0.2309 -0.8655 -0.4446
vn 0.0825 -0.8542 -0.5133
vn 0.1115 -0.6182 -0.7781
vn 0.0361 -0.9922 -0.1193
vn 0.1129 -0.9936 0.0104
vn -0.0483 -0.9969 -0.0620
vn -0.0937 -0.6166 -0.7817
vn -0.0825 -0.8542 -0.5133
vn -0.2372 -0.8479 -0.4742
vn 0.1659 -0.9822 -0.0881
vn 0.0901 -0.9946 -0.0521
vn 0.0980 -0.9709 -0.2187
vn -0.1106 -0.9677 -0.2266
vn -0.1141 -0.9934 -0.0136
vn -0.1659 -0.9822 -0.0881
vn 0.9878 0.0186 0.1546
vn 0.9135 -0.3707 0.1678
vn 0.9708 -0.0616 -0.2318
vn 0.8048 -0.2947 -0.5152
vn 0.4428 -0.7217 -0.5320
vn 0.2753 -0.4314 -0.8591
vn 0.7686 -0.6184 0.1639
vn 0.3007 -0.9515 0.0650
vn 0.6128 -0.7246 -0.3152
vn -0.2753 -0.4314 -0.8591
vn -0.6408 -0.6913 -0.3340
vn -0.8048 -0.2947 -0.5152
vn -0.9476 -0.1333 -0.2904
vn -0.9135 -0.3707 0.1678
vn -0.9878 0.0186 0.1546
vn -0.4462 -0.8554 -0.2629
vn -0.3007 -0.9515 0.0650
vn -0.7686 -0.6184 0.1639
vn 0.2379 -0.1362 -0.9617
vn 0.1812 -0.1665 -0.9692
vn 0.2344 -0.1282 -0.9637
vn -0.2228 -0.1294 -0.9662
vn -0.1817 -0.1536 -0.9713
vn -0.2379 -0.1362 -0.9617
vn -0.2873 -0.1327 -0.9486
vn -0.1203 -0.2192 -0.9682
vn -0.1287 -0.3608 -0.9237
vn 0.4902 -0.0461 -0.8704
vn 0.3801 -0.1485 -0.9129
vn 0.5064 -0.2034 -0.8379
vn -0.6349 -0.0541 -0.7707
vn -0.6896 -0.2106 -0.6929
vn -0.6531 -0.2573 -0.7122
vn 0.9710 0.1512 -0.1851
vn 0.9376 0.1204 -0.3263
vn 0.9680 0.1529 -0.1992
vn 0.9492 0.1472 0.2780
vn 0.9845 0.1005 0.1434
vn 0.9863 0.1650 0.0041
vn -0.9388 0.1191 -0.3233
vn -0.9376 0.1204 -0.3263
vn -0.9704 0.1527 -0.1869
vn -0.9875 0.1565 -0.0158
vn -0.9845 0.1005 0.1434
vn -0.9573 0.1639 0.2380
vn 0.9804 0.1968 -0.0062
vn 0.9589 0.2728 0.0777
vn 0.9497 0.2238 0.2192
vn -0.9706 0.1867 -0.1520
vn -0.9811 0.1801 -0.0705
vn -0.9806 0.1905 0.0455
vn -0.9483 0.2593 0.1830
vn -0.9459 0.2507 0.2058
vn -0.9522 0.2491 0.1770
vn 0.9997 -0.0138 -0.0184
vn 0.9314 0.0364 0.3622
vn 0.9089 -0.2719 0.3161
vn -0.8664 -0.4699 0.1690
vn -0.5179 -0.8456 0.1291
vn -0.7370 -0.4810 0.4748
vn -0.8951 -0.1959 0.4005
vn -0.7008 -0.6476 0.2991
vn -0.6454 -0.3584 0.6746
vn 0.4008 -0.9134 0.0709
vn 0.4022 -0.9055 0.1351
vn 0.4012 -0.9132 0.0713
vn -0.3883 -0.9007 0.1949
vn -0.3835 -0.9131 0.1383
vn -0.3863 -0.9125 0.1344
vn 0.1269 -0.7226 -0.6795
vn 0.1807 -0.8183 -0.5457
vn -0.0036 -0.7458 -0.6662
vn 0.2530 -0.3514 -0.9014
vn 0.2227 -0.6217 -0.7510
vn 0.0411 -0.4658 -0.8839
vn -0.4769 -0.5726 -0.6669
vn -0.2904 -0.6136 -0.7343
vn -0.3713 -0.6962 -0.6143
vn -0.4419 -0.4792 -0.7584
vn -0.3429 -0.3763 -0.8607
vn -0.2931 -0.5766 -0.7626
vn -0.1904 -0.3127 -0.9306
vn -0.0251 -0.2538 -0.9669
vn 0.0172 -0.3817 -0.9241
vn -0.1288 -0.6759 -0.7257
vn 0.0055 -0.6428 -0.7660
vn -0.0137 -0.7181 -0.6958
vn -0.3021 -0.7279 -0.6155
vn -0.1575 -0.6989 -0.6976
vn -0.1543 -0.7980 -0.5826
vn 0.3577 -0.7771 -0.5179
vn 0.4015 -0.8449 -0.3535
vn 0.2173 -0.8568 -0.4677
vn 0.4124 -0.7263 -0.5499
vn 0.5156 -0.6664 -0.5385
vn 0.4984 -0.7648 -0.4083
vn 0.1653 -0.9187 -0.3587
vn 0.2082 -0.9388 -0.2743
vn 0.0051 -0.9485 -0.3168
vn -0.4984 -0.7648 -0.4083
vn -0.5156 -0.6664 -0.5385
vn -0.4065 -0.7456 -0.5281
vn -0.0976 -0.8883 -0.4488
vn 0.0902 -0.8713 -0.4824
vn 0.0041 -0.9306 -0.3661
vn -0.3678 -0.8762 -0.3115
vn -0.2082 -0.9022 -0.3776
vn -0.2499 -0.9252 -0.2855
vn 0.3051 -0.9211 -0.2419
vn 0.4294 -0.8517 -0.3003
vn 0.4335 -0.8865 -0.1620
vn 0.2977 -0.9341 -0.1972
vn 0.4152 -0.8957 -0.1594
vn 0.3196 -0.9371 -0.1404
vn 0.3975 -0.9079 -0.1332
vn 0.4776 -0.8677 -0.1375
vn 0.5398 -0.8363 -0.0960
vn 0.0435 -0.9751 -0.2175
vn 0.2348 -0.9493 -0.2091
vn 0.1887 -0.9683 -0.1637
vn -0.3196 -0.9371 -0.1404
vn -0.4240 -0.8942 -0.1439
vn -0.3021 -0.9325 -0.1979
vn -0.4532 -0.8758 -0.1661
vn -0.4294 -0.8517 -0.3003
vn -0.3134 -0.9232 -0.2225
vn -0.5124 -0.8539 -0.0910
vn -0.4776 -0.8677 -0.1375
vn -0.3627 -0.9110 -0.1960
vn -0.1887 -0.9683 -0.1637
vn -0.2125 -0.9521 -0.2199
vn -0.0305 -0.9768 -0.2118
vn 0.8351 -0.5380 -0.1149
vn 0.8415 -0.5124 -0.1714
vn 0.7872 -0.5011 -0.3595
vn 0.9647 -0.1652 -0.2050
vn 0.9433 -0.3287 0.0455
vn 0.9291 -0.2500 -0.2726
vn 0.8915 -0.4378 0.1169
vn 0.8263 -0.5407 0.1573
vn 0.8497 -0.5114 0.1284
vn 0.7122 -0.6848 0.1544
vn 0.6204 -0.7651 0.1723
vn 0.6357 -0.7577 0.1473
vn 0.9570 -0.2668 0.1138
vn 0.9702 -0.2290 0.0789
vn 0.9840 -0.1389 0.1111
vn -0.8497 -0.5114 0.1284
vn -0.8157 -0.5594 0.1470
vn -0.8720 -0.4651 0.1530
vn -0.9020 -0.4188 0.1049
vn -0.9225 -0.3584 0.1436
vn -0.9514 -0.3001 0.0685
vn -0.6357 -0.7577 0.1473
vn -0.6215 -0.7640 0.1732
vn -0.6886 -0.7006 0.1870
vn 0.1957 -0.1140 -0.9740
vn 0.1904 -0.2635 -0.9457
vn 0.0516 -0.1714 -0.9839
vn 0.2215 0.1256 -0.9670
vn 0.1272 0.0113 -0.9918
vn 0.0457 0.1480 -0.9879
vn -0.3478 -0.0175 -0.9374
vn -0.2582 0.0985 -0.9611
vn -0.2123 -0.0524 -0.9758
vn -0.4619 -0.2398 -0.8539
vn -0.3673 -0.1525 -0.9175
vn -0.3656 -0.2803 -0.8876
vn -0.4476 0.1502 -0.8815
vn -0.3506 0.1441 -0.9254
vn -0.3917 0.0162 -0.9200
vn -0.1227 -0.0029 -0.9924
vn -0.0099 0.0460 -0.9989
vn 0.0430 -0.0728 -0.9964
vn -0.3464 -0.1439 -0.9270
vn -0.2117 -0.1302 -0.9686
vn -0.3083 -0.2521 -0.9173
vn 0.4485 0.8009 0.3968
vn 0.3108 0.8969 0.3147
vn 0.2949 0.8080 0.5101
vn 0.2059 0.8946 0.3966
vn 0.2287 0.9453 0.2325
vn 0.1203 0.9342 0.3360
vn 0.1502 0.7981 0.5836
vn 0.0970 0.9076 0.4085
vn 0.0145 0.8232 0.5676
vn -0.2142 0.8281 0.5181
vn -0.0743 0.8210 0.5661
vn -0.1012 0.9092 0.4039
vn -0.0532 0.9480 0.3137
vn 0.0545 0.9372 0.3445
vn 0.0822 0.9781 0.1912
vn 0.1785 0.9682 -0.1755
vn 0.2968 0.9214 -0.2508
vn 0.1660 0.9292 -0.3303
vn 0.3585 0.8967 -0.2596
vn 0.3658 0.8362 -0.4086
vn 0.2751 0.8903 -0.3630
vn -0.0461 0.9829 -0.1783
vn 0.0968 0.9797 -0.1753
vn 0.0201 0.9564 -0.2914
vn -0.0055 0.9987 0.0500
vn 0.1128 0.9863 0.1202
vn 0.1233 0.9910 -0.0528
vn -0.2219 0.9016 -0.3714
vn -0.2968 0.9214 -0.2508
vn -0.1657 0.9686 -0.1854
vn -0.3289 0.9340 -0.1398
vn -0.2455 0.9693 0.0170
vn -0.1670 0.9805 -0.1040
vn -0.3459 0.8355 -0.4270
vn -0.2206 0.8714 -0.4382
vn -0.3149 0.7512 -0.5801
vn -0.2093 0.9728 0.0997
vn -0.1062 0.9871 0.1201
vn -0.1417 0.9894 -0.0331
vn -0.1233 0.9910 -0.0528
vn -0.1128 0.9863 0.1202
vn -0.0100 0.9984 -0.0550
vn -0.0201 0.9564 -0.2914
vn -0.0839 0.9851 -0.1502
vn 0.0461 0.9829 -0.1783
vn 0.2123 0.6733 -0.7083
vn 0.3387 0.6469 -0.6833
vn 0.3267 0.5327 -0.7807
vn 0.3501 0.6185 -0.7035
vn 0.4124 0.5294 -0.7414
vn 0.3502 0.5244 -0.7761
vn 0.2358 0.4546 -0.8590
vn 0.2414 0.2093 -0.9476
vn 0.0115 0.3318 -0.9433
vn 0.0378 0.6161 -0.7868
vn 0.1803 0.6673 -0.7227
vn 0.2080 0.4708 -0.8574
vn 0.0464 0.8798 -0.4731
vn 0.1521 0.8534 -0.4986
vn 0.1039 0.7966 -0.5955
vn -0.3291 0.5322 -0.7801
vn -0.3387 0.6469 -0.6833
vn -0.2116 0.6722 -0.7095
vn -0.4323 0.2493 -0.8666
vn -0.3476 0.3818 -0.8564
vn -0.3482 0.2102 -0.9136
vn -0.1039 0.7966 -0.5955
vn -0.1012 0.8814 -0.4615
vn -0.0084 0.8374 -0.5466
vn -0.2080 0.4708 -0.8574
vn -0.1577 0.6743 -0.7215
vn -0.0231 0.5440 -0.8388
vn 0.5615 0.6491 0.5132
vn 0.5664 0.6476 0.5097
vn 0.5800 0.6286 0.5181
vn -0.5800 0.6286 0.5181
vn -0.5664 0.6476 0.5097
vn -0.5769 0.6272 0.5232
vn 0.6213 0.6825 0.3850
vn 0.7026 0.5985 0.3849
vn 0.7179 0.6591 0.2244
vn -0.7236 0.6516 0.2277
vn -0.7026 0.5985 0.3849
vn -0.6213 0.6825 0.3850
vn -0.7136 0.6878 0.1327
vn -0.6445 0.7604 0.0801
vn -0.6954 0.7184 -0.0155
vn 0.7580 0.6497 -0.0584
vn 0.8086 0.5766 0.1173
vn 0.9018 0.4303 -0.0407
vn 0.9100 0.4056 -0.0861
vn 0.8254 0.4736 -0.3072
vn 0.7854 0.6009 -0.1489
vn 0.7373 0.6491 -0.1875
vn 0.7868 0.5369 -0.3044
vn 0.6899 0.6286 -0.3591
vn -0.8948 0.4399 -0.0759
vn -0.8086 0.5766 0.1173
vn -0.7667 0.6365 -0.0835
vn -0.8209 0.4805 -0.3085
vn -0.6618 0.5989 -0.4509
vn -0.7324 0.3826 -0.5632
vn 0.7456 0.0201 -0.6661
vn 0.6506 -0.0217 -0.7591
vn 0.7009 0.1218 -0.7027
vn 0.5193 0.2849 -0.8057
vn 0.5021 0.4297 -0.7505
vn 0.5901 0.3457 -0.7296
vn 0.4944 0.4690 -0.7318
vn 0.5865 0.5722 -0.5732
vn 0.6337 0.3844 -0.6713
vn -0.6844 0.1113 -0.7206
vn -0.6504 -0.0208 -0.7593
vn -0.7456 0.0201 -0.6661
vn -0.5599 0.2996 -0.7725
vn -0.6370 0.2386 -0.7330
vn -0.6006 0.3586 -0.7147
vn 0.5773 0.0170 -0.8164
vn 0.4762 0.2467 -0.8440
vn 0.6333 0.2029 -0.7469
vn -0.6333 0.2029 -0.7469
vn -0.4762 0.2467 -0.8440
vn -0.5933 0.0244 -0.8046
vn 0.5134 0.8053 -0.2964
vn 0.5120 0.8519 -0.1099
vn 0.6275 0.7666 -0.1367
vn 0.4009 0.9107 -0.0995
vn 0.2882 0.9514 0.1088
vn 0.5302 0.8446 0.0744
vn -0.6275 0.7666 -0.1367
vn -0.4905 0.8539 -0.1740
vn -0.5323 0.7870 -0.3121
vn -0.5136 0.8509 0.1107
vn -0.2882 0.9514 0.1088
vn -0.4436 0.8907 -0.0994
vn 0.5534 0.7996 0.2332
vn 0.5387 0.7228 0.4328
vn 0.6369 0.6807 0.3620
vn -0.6164 0.6761 0.4035
vn -0.4862 0.7773 0.3992
vn -0.5534 0.7996 0.2332
vn 0.4306 0.6603 0.6153
vn 0.4426 0.6718 0.5939
vn 0.4752 0.6390 0.6049
vn -0.5867 0.5978 0.5463
vn -0.5408 0.6592 0.5224
vn -0.6226 0.6083 0.4924
vn -0.4897 0.6748 0.5521
vn -0.4324 0.6763 0.5964
vn -0.4306 0.6603 0.6153
vn 0.3823 0.8991 0.2131
vn 0.4359 0.7637 0.4763
vn 0.4199 0.7643 0.4894
vn 0.5014 0.8652 -0.0105
vn 0.4655 0.8846 0.0279
vn 0.4803 0.8757 -0.0499
vn -0.4805 0.8445 0.2363
vn -0.4815 0.8507 0.2110
vn -0.5806 0.7393 0.3410
vn -0.1704 0.8646 -0.4727
vn -0.1284 0.8513 -0.5087
vn -0.1408 0.8415 -0.5216
vn 0.2128 0.6777 0.7038
vn 0.2397 0.7403 0.6280
vn 0.1266 0.7176 0.6849
vn 0.0168 0.6901 0.7235
vn 0.0114 0.6936 0.7203
vn 0.0870 0.6634 0.7432
vn -0.3535 0.6770 0.6455
vn -0.3018 0.6802 0.6680
vn -0.3304 0.6958 0.6378
vn -0.1328 0.6861 0.7153
vn -0.0963 0.6860 0.7212
vn -0.0987 0.7051 0.7023
vn -0.0574 0.7005 0.7113
vn 0.0149 0.6903 0.7234
vn 0.0593 0.7359 0.6745
vn -0.4923 0.4703 -0.7324
vn -0.3015 0.4106 -0.8605
vn -0.3885 0.3179 -0.8649
vn -0.1976 0.4811 -0.8541
vn -0.2171 0.3891 -0.8953
vn -0.2853 0.4649 -0.8381
vn 0.5875 0.5727 -0.5717
vn 0.4364 0.7680 -0.4687
vn 0.5541 0.5864 -0.5908
vn -0.1572 0.8406 -0.5183
vn -0.2525 0.8214 -0.5115
vn -0.1272 0.9434 0.3062
vn 0.0364 0.7858 0.6174
vn -0.0659 0.9409 0.3321
vn -0.0721 0.7672 0.6374
vn -0.0959 0.9531 0.2871
vn 0.2525 0.8214 -0.5115
vn 0.1572 0.8406 -0.5183
vn 0.0721 0.7672 0.6374
vn 0.2290 0.9546 0.1906
vn -0.0313 0.7545 0.6556
vn -0.2070 0.9128 0.3520
vn -0.4478 0.8196 0.3574
vn -0.3035 0.7562 0.5797
vn 0.0109 0.9924 -0.1223
vn 0.0928 0.8417 -0.5319
vn -0.0862 0.9922 -0.0904
vn -0.3504 0.9122 0.2124
vn -0.2148 0.7660 0.6059
vn -0.2635 0.9092 0.3223
vn 0.1173 0.7576 0.6420
vn -0.1963 0.8700 0.4524
vn -0.0875 0.6879 0.7206
vn 0.0875 0.6879 0.7206
vn 0.2019 0.8686 0.4525
vn -0.0910 0.6588 0.7468
vn 0.9234 0.2991 0.2408
vn 0.9264 0.3168 0.2036
vn 0.8516 0.4851 0.1987
vn 0.8620 0.4498 0.2335
vn 0.7451 0.6514 0.1431
vn 0.7404 0.6343 0.2224
vn 0.9538 0.2987 0.0323
vn 0.8966 0.4255 -0.1229
vn 0.8962 0.4314 -0.1038
vn -0.9739 -0.2268 0.0123
vn -0.9881 -0.1513 0.0261
vn -0.9873 -0.1474 0.0599
vn -0.9978 0.0410 0.0528
vn -0.9901 0.0607 0.1264
vn -0.9669 0.2429 0.0788
vn -0.8061 0.5917 -0.0014
vn -0.6217 0.7749 -0.1140
vn -0.6614 0.7498 -0.0176
vn -0.9925 0.0114 0.1216
vn -0.9709 0.1659 0.1727
vn -0.9838 0.1429 0.1083
vn 0.9623 0.1767 0.2066
vn 0.9284 0.2813 0.2427
vn 0.9284 0.2504 0.2746
vn 0.8773 0.2854 0.3859
vn 0.9103 0.3103 0.2739
vn 0.7790 0.5058 0.3706
vn -0.7915 0.5014 0.3495
vn -0.9103 0.3103 0.2739
vn -0.7828 0.4677 0.4105
vn -0.9284 0.2504 0.2746
vn -0.9484 0.2383 0.2092
vn -0.9616 0.1562 0.2258
vn 0.9837 0.1764 0.0338
vn 0.9614 0.2750 -0.0060
vn 0.9713 0.2367 -0.0223
vn 0.9388 0.3337 0.0850
vn 0.9338 0.3517 -0.0657
vn 0.8402 0.5382 0.0666
vn 0.9172 0.3652 0.1593
vn 0.8056 0.5758 0.1394
vn 0.7927 0.5121 0.3307
vn -0.9713 0.2367 -0.0223
vn -0.9758 0.2035 0.0798
vn -0.9837 0.1764 0.0338
vn -1.0000 0.0024 0.0075
vn -0.9871 -0.1460 0.0650
vn -0.9952 0.0579 0.0791
vn -0.8456 0.5225 0.1093
vn -0.9338 0.3517 -0.0657
vn -0.9388 0.3337 0.0850
vn 0.7740 0.2793 -0.5683
vn 0.8977 0.2682 -0.3495
vn 0.8679 0.1915 -0.4583
vn 0.9284 0.2830 -0.2409
vn 0.9585 0.2752 -0.0749
vn 0.9681 0.2219 -0.1165
vn -0.9402 0.2781 -0.1968
vn -0.9095 0.3786 0.1718
vn -0.9354 0.2844 -0.2101
vn -0.8717 0.2731 -0.4068
vn -0.7398 0.3135 -0.5953
vn -0.7249 0.4605 -0.5123
vn -0.7545 0.3137 -0.5765
vn -0.7121 0.1588 -0.6838
vn -0.8230 0.1732 -0.5410
vn -0.5501 -0.8299 -0.0928
vn -0.5969 -0.8023 -0.0070
vn -0.6382 -0.7693 -0.0303
vn -0.6304 -0.7716 0.0858
vn -0.6498 -0.7573 0.0657
vn -0.6404 -0.7603 0.1087
vn 0.5539 -0.8155 0.1676
vn 0.5120 -0.8462 0.1476
vn 0.5370 -0.8359 0.1137
vn 0.5362 -0.8251 0.1780
vn 0.4820 -0.8614 0.1600
vn 0.4722 -0.8576 0.2037
vn 0.4256 -0.9031 -0.0568
vn 0.4215 -0.9066 0.0220
vn 0.4050 -0.9142 0.0104
vn 0.5089 -0.8480 0.1481
vn 0.5098 -0.8385 0.1924
vn 0.5093 -0.8385 0.1938
vn -0.5093 -0.8385 0.1938
vn -0.4763 -0.8637 0.1649
vn -0.4952 -0.8489 0.1848
vn 0.4347 -0.8244 0.3624
vn 0.5475 -0.7645 0.3402
vn 0.5947 -0.6559 0.4649
vn 0.5170 -0.7860 0.3390
vn 0.6286 -0.7115 0.3140
vn 0.6296 -0.7191 0.2942
vn 0.7647 -0.5283 0.3689
vn 0.8473 -0.4318 0.3094
vn 0.8338 -0.4678 0.2931
vn -0.8338 -0.4678 0.2931
vn -0.7605 -0.5183 0.3911
vn -0.7647 -0.5283 0.3689
vn -0.6343 -0.7164 0.2905
vn -0.6286 -0.7115 0.3140
vn -0.5500 -0.8051 0.2220
vn -0.5499 -0.6432 0.5328
vn -0.4769 -0.8387 0.2631
vn -0.4347 -0.8244 0.3624
vn 0.7482 -0.6320 0.2018
vn 0.7098 -0.6611 0.2432
vn 0.7538 -0.6227 0.2096
vn -0.7163 -0.6971 -0.0303
vn -0.7264 -0.6847 0.0583
vn -0.7164 -0.6887 0.1117
vn 0.5081 -0.4001 -0.7628
vn 0.5150 -0.4264 -0.7436
vn 0.4652 -0.4935 -0.7349
vn 0.5895 -0.0878 -0.8030
vn 0.6017 -0.1955 -0.7744
vn 0.5075 -0.2177 -0.8337
vn 0.3575 -0.5766 -0.7346
vn 0.2879 -0.7438 -0.6033
vn 0.3123 -0.6473 -0.6953
vn -0.4528 -0.4809 -0.7508
vn -0.5150 -0.4264 -0.7436
vn -0.5081 -0.4001 -0.7628
vn -0.5075 -0.2177 -0.8337
vn -0.6017 -0.1955 -0.7744
vn -0.5807 -0.0862 -0.8095
vn -0.3123 -0.6473 -0.6953
vn -0.1825 -0.7605 -0.6232
vn -0.3512 -0.6285 -0.6940
vn 0.4640 0.0521 -0.8843
vn 0.4849 -0.1156 -0.8669
vn 0.3855 -0.0260 -0.9223
vn -0.5531 -0.4452 -0.7042
vn -0.5039 -0.3139 -0.8047
vn -0.4677 -0.4692 -0.7491
vn -0.5673 -0.0302 -0.8230
vn -0.4666 0.0864 -0.8803
vn -0.4908 -0.0952 -0.8661
vn 0.2303 -0.8763 -0.4231
vn 0.1839 -0.9061 -0.3811
vn 0.1343 -0.8743 -0.4665
vn 0.4293 -0.7609 -0.4866
vn 0.4585 -0.7808 -0.4244
vn 0.3106 -0.8589 -0.4073
vn -0.3772 -0.8871 -0.2661
vn -0.3716 -0.8774 -0.3034
vn -0.3194 -0.9154 -0.2451
vn -0.2805 -0.9531 -0.1136
vn -0.2181 -0.9728 -0.0778
vn -0.2389 -0.9706 -0.0300
vn -0.4666 -0.7022 -0.5378
vn -0.3704 -0.7390 -0.5627
vn -0.4896 -0.6315 -0.6012
vn 0.5134 -0.7883 -0.3390
vn 0.5526 -0.7524 -0.3585
vn 0.5297 -0.7819 -0.3288
vn 0.5378 -0.5839 -0.6081
vn 0.5657 -0.6280 -0.5343
vn 0.5901 -0.6469 -0.4831
vn 0.5308 -0.8212 -0.2095
vn 0.5226 -0.8269 -0.2078
vn 0.5560 -0.8181 -0.1469
vn -0.5271 -0.6592 -0.5363
vn -0.5280 -0.7416 -0.4139
vn -0.5589 -0.6874 -0.4637
vn -0.5436 -0.8116 -0.2140
vn -0.5211 -0.8440 -0.1267
vn -0.5758 -0.8013 -0.1626
vn 0.3786 -0.3253 -0.8665
vn 0.4502 -0.2881 -0.8452
vn 0.4696 -0.4305 -0.7708
vn -0.1212 0.7988 0.5893
vn 0.2931 0.3500 0.8897
vn 0.2162 0.6738 0.7066
vn 0.3872 0.3810 0.8396
vn 0.4406 0.0909 0.8931
vn 0.5432 -0.0841 0.8353
vn 0.4245 0.3803 0.8217
vn 0.4919 -0.1388 0.8595
vn 0.4614 -0.1884 0.8669
vn -0.4614 -0.1884 0.8669
vn -0.4815 -0.1132 0.8691
vn -0.4034 0.2521 0.8796
vn 0.5231 0.2389 0.8181
vn 0.2885 -0.0817 0.9540
vn 0.2894 -0.0823 0.9537
vn -0.2250 -0.0253 0.9740
vn -0.4856 0.2670 0.8324
vn -0.5614 0.0474 0.8262
vn -0.2894 -0.0823 0.9537
vn -0.2885 -0.0817 0.9540
vn -0.4699 0.2967 0.8314
vn 0.4567 -0.0292 0.8892
vn 0.4855 -0.1268 0.8650
vn 0.6450 -0.1389 0.7515
vn 0.0695 -0.0345 0.9970
vn 0.0414 0.0009 0.9991
vn 0.3560 -0.0263 0.9341
vn 0.6698 -0.2214 0.7088
vn 0.6431 -0.3489 0.6817
vn 0.7687 -0.4587 0.4458
vn 0.1820 0.1208 0.9758
vn -0.3291 -0.0174 0.9441
vn -0.3244 -0.0397 0.9451
vn -0.2144 0.1392 0.9668
vn 0.0388 0.1959 0.9799
vn -0.4671 -0.0463 0.8830
vn 0.4817 0.1706 0.8596
vn 0.5570 -0.5501 0.6223
vn 0.6223 -0.4409 0.6468
vn 0.6015 -0.6302 0.4910
vn 0.5360 -0.6993 0.4730
vn 0.4916 -0.8494 0.1917
vn -0.3022 0.2555 0.9184
vn -0.3283 0.3082 0.8929
vn -0.3788 0.2380 0.8944
vn 0.5524 -0.3617 0.7510
vn 0.5362 0.1319 0.8337
vn 0.4934 0.1648 0.8540
vn 0.3898 -0.7749 0.4977
vn 0.2636 -0.6619 0.7017
vn 0.1216 -0.9585 0.2580
vn 0.5093 -0.5248 0.6821
vn 0.4572 0.1540 0.8759
vn 0.3048 -0.4068 0.8612
vn -0.3048 -0.4068 0.8612
vn -0.4715 0.1369 0.8712
vn -0.5093 -0.5247 0.6821
vn -0.4923 0.1862 0.8503
vn -0.5362 0.1319 0.8337
vn -0.5704 -0.3674 0.7346
vn -0.3846 -0.8214 0.4212
vn -0.0889 -0.9926 -0.0823
vn -0.0706 -0.9822 0.1740
vn -0.4856 -0.7796 0.3955
vn -0.4408 -0.8874 0.1349
vn -0.1688 -0.9815 -0.0904
vn 0.3246 0.6024 0.7292
vn 0.2767 0.7341 0.6201
vn 0.3401 0.5784 0.7414
vn -0.3401 0.5784 0.7414
vn -0.1452 0.8130 0.5639
vn -0.3314 0.5871 0.7386
vn -0.5554 0.6042 0.5713
vn -0.4433 0.6849 0.5783
vn -0.5730 0.6158 0.5408
vn 0.7237 0.2071 0.6583
vn 0.7885 0.1168 0.6039
vn 0.6521 0.2065 0.7295
vn 0.7989 0.3880 0.4595
vn 0.7845 0.3811 0.4893
vn 0.5323 0.4464 0.7193
vn 0.6757 -0.0734 0.7335
vn 0.3672 -0.0104 0.9301
vn 0.3512 -0.0409 0.9354
vn 0.2047 -0.5022 0.8402
vn 0.0016 -0.5102 0.8601
vn 0.1884 -0.4519 0.8720
vn -0.3591 -0.3157 0.8783
vn -0.5450 -0.2119 0.8112
vn -0.1501 -0.2561 0.9549
vn -0.0096 -0.2784 0.9604
vn -0.2597 -0.4045 0.8769
vn -0.0581 -0.2644 0.9627
vn 0.5386 -0.4583 0.7070
vn 0.5264 -0.4582 0.7162
vn 0.5739 -0.3473 0.7417
vn -0.4495 -0.4970 0.7422
vn -0.4436 -0.4249 0.7891
vn -0.3083 -0.5335 0.7876
vn 0.6027 -0.2348 0.7627
vn 0.5610 -0.2175 0.7987
vn 0.5772 -0.4089 0.7069
vn -0.6110 -0.4143 0.6745
vn -0.5610 -0.2175 0.7988
vn -0.6027 -0.2348 0.7627
vn 0.6404 -0.7429 0.1949
vn 0.7582 -0.6330 0.1565
vn 0.7536 -0.6398 0.1506
vn 0.8071 -0.3989 0.4353
vn 0.8838 -0.2994 0.3596
vn 0.9035 -0.4176 0.0962
vn -0.8165 -0.5731 0.0696
vn -0.8608 -0.4980 0.1050
vn -0.9113 -0.4099 -0.0401
vn 0.0579 -0.9682 0.2433
vn 0.1894 -0.7404 0.6449
vn -0.0454 -0.9215 0.3856
vn 0.2322 0.1547 0.9603
vn 0.3586 0.4717 0.8056
vn 0.1760 0.5954 0.7839
vn 0.6327 0.3789 0.6754
vn 0.5176 0.2633 0.8141
vn 0.6612 0.0933 0.7444
vn -0.3109 -0.5002 0.8082
vn -0.3097 -0.8940 0.3237
vn -0.3476 -0.6382 0.6869
vn -0.3152 0.1904 0.9298
vn -0.2842 0.2320 0.9303
vn -0.2307 0.5795 0.7816
vn 0.9098 -0.4117 0.0527
vn 0.9315 -0.3586 -0.0613
vn 0.9511 -0.3087 -0.0120
vn 0.4928 -0.0639 0.8678
vn 0.5173 -0.2251 0.8257
vn 0.5088 -0.0297 0.8604
vn -0.5260 0.8125 0.2513
vn -0.3083 0.9032 0.2987
vn -0.3106 0.8692 0.3846
vn -0.5088 -0.0297 0.8604
vn -0.5998 -0.2429 0.7624
vn -0.5035 -0.0264 0.8636
vn 0.3106 0.8692 0.3846
vn 0.5724 0.8192 0.0356
vn 0.5317 0.8047 0.2642
vn 0.1539 0.8967 0.4149
vn 0.1481 0.8917 0.4277
vn 0.1940 0.8508 0.4883
vn 0.2900 0.6697 0.6836
vn 0.2074 0.8309 0.5163
vn 0.1406 0.8405 0.5233
vn -0.1963 0.8559 0.4785
vn -0.1481 0.8917 0.4277
vn -0.1539 0.8967 0.4149
vn -0.1406 0.8405 0.5233
vn -0.2074 0.8309 0.5163
vn -0.2993 0.6672 0.6821
vn 0.7587 0.2106 0.6164
vn 0.7752 0.2546 0.5782
vn 0.6885 0.2797 0.6692
vn 0.5584 0.4910 0.6686
vn 0.3633 0.7280 0.5814
vn 0.4714 0.5053 0.7228
vn 0.7034 0.3280 0.6305
vn 0.7321 0.3973 0.5533
vn 0.6400 0.4366 0.6323
vn -0.6405 0.4389 0.6301
vn -0.7321 0.3973 0.5534
vn -0.7034 0.3280 0.6305
vn 0.7566 -0.4126 0.5073
vn 0.8984 -0.4087 0.1608
vn 0.7824 -0.2387 0.5752
vn 0.9140 -0.3763 0.1516
vn 0.9027 0.0628 0.4257
vn 0.7488 -0.0892 0.6568
vn -0.7824 -0.2387 0.5752
vn -0.9207 -0.3553 0.1618
vn -0.7566 -0.4126 0.5073
vn -0.6290 -0.4152 0.6573
vn -0.6566 -0.4346 0.6164
vn -0.6636 -0.4262 0.6148
vn -0.5840 -0.3713 0.7219
vn -0.5572 -0.2004 0.8059
vn -0.6282 -0.3864 0.6754
vn 0.9563 0.0281 0.2910
vn 0.9453 -0.2287 0.2327
vn 0.7422 -0.0980 0.6629
vn -0.7196 -0.2682 0.6405
vn -0.9453 -0.2287 0.2327
vn -0.6368 0.0334 0.7703
vn 0.9227 0.0361 0.3837
vn 0.8304 0.0921 0.5495
vn 0.9319 -0.1609 0.3250
vn 0.9441 -0.3296 0.0079
vn 0.9350 -0.3543 -0.0186
vn 0.9358 -0.3525 0.0099
vn -0.9368 -0.3488 0.0282
vn -0.9186 -0.3934 0.0365
vn -0.9167 -0.3392 0.2113
vn -0.9068 -0.1063 0.4078
vn -0.9363 -0.3475 0.0501
vn -0.9288 -0.3238 0.1800
vn 0.7775 -0.5574 0.2911
vn 0.6786 -0.4070 0.6114
vn 0.6673 -0.5483 0.5041
vn -0.6902 -0.5240 0.4991
vn -0.6939 -0.5188 0.4993
vn -0.6801 -0.5149 0.5218
vn -0.6085 0.4539 0.6509
vn -0.6614 0.0792 0.7459
vn -0.4062 0.2996 0.8632
vn 0.7004 0.2695 0.6609
vn 0.5122 0.2412 0.8243
vn 0.5199 0.2086 0.8283
vn -0.7365 0.1053 0.6682
vn -0.6829 0.2194 0.6968
vn -0.7750 0.1293 0.6185
vn 0.5986 -0.1660 0.7837
vn 0.9319 0.2952 0.2109
vn 0.4011 0.5490 0.7333
vn -0.4102 0.6683 0.6206
vn -0.9319 0.2952 0.2109
vn -0.5986 -0.1660 0.7837
vn 0.0818 0.9373 0.3387
vn 0.1496 0.7733 0.6162
vn 0.0934 0.9330 0.3475
vn -0.0060 0.9318 0.3628
vn -0.1130 0.9900 0.0846
vn -0.0696 0.9014 0.4274
vn 0.6120 -0.5504 0.5679
vn 0.6807 -0.5402 0.4949
vn 0.6799 -0.4965 0.5397
vn 0.6065 -0.4037 0.6850
vn 0.6787 -0.3263 0.6579
vn 0.5299 -0.0542 0.8463
vn -0.6799 -0.4965 0.5397
vn -0.6163 -0.5638 0.5498
vn -0.6212 -0.5147 0.5909
vn -0.4858 -0.1166 0.8662
vn -0.6787 -0.3263 0.6579
vn -0.6065 -0.4036 0.6850
vn 0.4969 -0.6340 0.5926
vn 0.5229 -0.6424 0.5602
vn 0.5079 -0.6193 0.5987
vn -0.5241 -0.6286 0.5746
vn -0.5229 -0.6424 0.5602
vn -0.4969 -0.6340 0.5926
vn -0.3190 -0.6812 0.6589
vn -0.0678 -0.7013 0.7096
vn 0.0265 -0.4948 0.8686
vn 0.0579 -0.4801 0.8753
vn 0.0678 -0.7013 0.7096
vn 0.3181 -0.6742 0.6666
vn -0.9740 0.0823 0.2110
vn -0.9444 0.0350 0.3268
vn -0.8503 -0.0432 0.5245
vn 0.4213 0.0834 0.9031
vn -0.4405 0.1794 0.8797
vn 0.3141 -0.2065 0.9267
vn 0.8015 0.0475 0.5961
vn 0.9745 0.0807 0.2092
vn 0.9740 0.0823 0.2110
vn -0.3141 -0.2065 0.9267
vn 0.4049 0.2303 0.8849
vn -0.4213 0.0834 0.9031
vn 0.7981 0.3456 0.4935
vn 0.8522 0.5209 0.0494
vn 0.3135 0.6482 0.6939
vn -0.3243 0.9384 0.1197
vn -0.1175 0.6912 0.7130
vn 0.0497 0.8914 0.4505
vn -0.5206 0.7820 0.3427
vn -0.0378 0.2599 0.9649
vn 0.2337 0.5025 0.8324
vn 0.4259 0.8666 0.2602
vn 0.3488 0.9109 0.2205
vn 0.0038 0.7685 0.6399
vn 0.7745 0.6032 0.1906
vn 0.6766 0.6998 0.2290
vn 0.2224 0.5741 0.7880
vn 0.0375 0.9540 0.2976
vn 0.1476 0.8605 0.4876
vn 0.1900 0.8620 0.4700
vn -0.2646 0.2399 0.9340
vn -0.2687 0.0866 0.9593
vn -0.1121 0.1635 0.9802
vn 0.3645 -0.0592 0.9293
vn 0.4306 0.0277 0.9021
vn 0.3367 -0.0053 0.9416
vn -0.4102 -0.0245 0.9117
vn -0.3710 -0.0335 0.9280
vn -0.3752 -0.0101 0.9269
vn -0.3522 -0.0309 0.9354
vn -0.3232 -0.0322 0.9458
vn -0.3523 -0.0290 0.9355
vn 0.4545 -0.1367 0.8802
vn 0.5344 -0.3129 0.7852
vn 0.4430 -0.1472 0.8843
vn -0.4430 -0.1472 0.8843
vn -0.5658 -0.2161 0.7957
vn -0.4545 -0.1367 0.8802
vn 0.5209 -0.2990 0.7995
vn 0.3646 -0.1798 0.9136
vn 0.5216 -0.3548 0.7759
vn -0.4633 -0.3196 0.8266
vn -0.3559 -0.2252 0.9070
vn -0.5210 -0.2990 0.7995
vn 0.2482 0.3573 0.9004
vn 0.2405 0.3842 0.8914
vn 0.1261 0.3451 0.9300
vn 0.1955 0.6780 0.7086
vn -0.1295 0.6862 0.7158
vn -0.1364 0.2741 0.9520
vn 0.4634 0.1452 0.8742
vn 0.4611 0.1348 0.8771
vn 0.4604 0.1421 0.8763
vn 0.2656 0.6948 0.6683
vn 0.4351 0.1625 0.8856
vn 0.5279 0.3500 0.7738
vn -0.4604 0.1421 0.8763
vn -0.4678 0.1394 0.8728
vn -0.4634 0.1452 0.8742
vn -0.5279 0.3500 0.7739
vn -0.4351 0.1625 0.8856
vn -0.2752 0.7081 0.6503
vn 0.4251 -0.0580 0.9033
vn 0.4875 -0.0074 0.8731
vn 0.4443 0.0461 0.8947
vn -0.4449 -0.0924 0.8908
vn -0.3165 -0.0743 0.9457
vn -0.4366 0.0447 0.8985
vn -0.4312 -0.0553 0.9006
vn -0.4442 -0.1227 0.8875
vn -0.4131 -0.1034 0.9048
vn -0.4537 -0.0466 0.8899
vn -0.4416 -0.1264 0.8883
vn -0.4536 -0.0463 0.8900
vn 0.3826 0.1761 0.9070
vn 0.3454 0.1222 0.9305
vn 0.4346 0.1334 0.8907
vn 0.4153 0.1553 0.8963
vn 0.3842 0.1612 0.9091
vn 0.3918 0.1706 0.9041
vn 0.3762 -0.9169 -0.1330
vn 0.0503 -0.9715 -0.2314
vn -0.1108 -0.7508 -0.6511
vn 0.1161 -0.7503 -0.6509
vn -0.0503 -0.9715 -0.2314
vn -0.3762 -0.9169 -0.1330
vn 0.6785 -0.7345 0.0095
vn 0.4060 -0.8392 -0.3617
vn 0.4033 -0.6965 -0.5935
vn 0.4037 -0.6138 -0.6784
vn 0.2478 -0.7535 -0.6090
vn 0.0434 -0.4696 -0.8818
vn -0.0818 -0.4420 -0.8933
vn -0.2105 -0.4750 -0.8544
vn -0.3035 -0.2073 -0.9300
vn 0.7084 -0.6977 0.1066
vn 0.6198 -0.5117 0.5949
vn 0.4832 -0.8750 -0.0313
vn 0.3263 -0.2188 -0.9196
vn 0.2105 -0.4750 -0.8544
vn 0.1354 -0.3467 -0.9281
vn 0.0072 -0.5000 -0.8660
vn -0.2478 -0.7535 -0.6090
vn -0.4037 -0.6138 -0.6784
vn -0.4033 -0.6965 -0.5935
vn -0.4060 -0.8392 -0.3617
vn -0.6777 -0.7348 0.0275
vn -0.4832 -0.8750 -0.0313
vn -0.6188 -0.5122 0.5956
vn -0.7084 -0.6977 0.1066
vn 0.9643 -0.0261 0.2636
vn 0.9659 0.0020 -0.2588
vn 0.9797 0.1509 0.1321
vn -0.8688 -0.1244 0.4792
vn -0.6792 0.0663 0.7310
vn -0.9504 0.1441 0.2756
vn 0.5088 0.8609 0.0009
vn 0.5200 0.6489 -0.5554
vn 0.1283 0.7896 -0.6001
vn -0.9009 0.4253 0.0870
vn -0.6507 0.7366 0.1847
vn -0.6101 0.6389 -0.4685
vn -0.7101 0.1590 0.6859
vn -0.6521 0.5112 0.5599
vn -0.9019 0.3009 0.3098
vn -0.5256 0.8358 0.1588
vn -0.1342 0.9895 -0.0543
vn -0.1200 0.7985 -0.5900
vn -0.0141 0.9540 0.2995
vn -0.0566 0.9929 -0.1044
vn -0.3530 0.8846 -0.3046
vn 0.1350 0.9485 -0.2866
vn 0.3771 0.7570 -0.5336
vn 0.2225 0.6742 -0.7043
vn 0.2103 0.6051 -0.7679
vn 0.4175 0.6342 -0.6508
vn 0.3937 0.3348 -0.8561
vn -0.4815 0.7099 -0.5140
vn -0.4692 0.7083 -0.5274
vn -0.4345 0.5635 -0.7027
vn -0.0770 0.9472 0.3114
vn -0.4047 0.8844 -0.2324
vn -0.3830 0.9046 0.1868
vn -0.4370 0.2946 -0.8498
vn -0.3526 0.2253 -0.9082
vn -0.3739 0.1146 -0.9204
vn 0.5101 0.5752 -0.6394
vn 0.4692 0.7083 -0.5274
vn 0.4923 0.6880 -0.5332
vn 0.4050 0.1324 -0.9047
vn 0.3526 0.2253 -0.9082
vn 0.4378 0.2892 -0.8513
vn -0.3109 -0.2002 -0.9291
vn -0.3242 -0.2182 -0.9205
vn -0.3171 -0.1964 -0.9278
vn -0.3625 -0.0434 -0.9310
vn -0.3342 -0.0216 -0.9423
vn -0.3738 0.0063 -0.9275
vn 0.3556 0.0024 -0.9346
vn 0.3501 0.0775 -0.9335
vn 0.3689 0.0131 -0.9294
vn -0.1578 0.3411 -0.9267
vn -0.1735 0.0763 -0.9819
vn -0.3446 0.1303 -0.9297
vn -0.3051 -0.0546 -0.9507
vn -0.1572 -0.0278 -0.9872
vn -0.0984 -0.2292 -0.9684
vn -0.0765 -0.2489 -0.9655
vn -0.0191 -0.1174 -0.9929
vn 0.1535 -0.3363 -0.9292
vn 0.0891 -0.2305 -0.9690
vn 0.1572 -0.0278 -0.9872
vn 0.3051 -0.0546 -0.9507
vn -0.2147 -0.3016 -0.9290
vn 0.0191 -0.1174 -0.9929
vn 0.0765 -0.2489 -0.9655
vn 0.3721 0.2644 -0.8897
vn 0.5129 -0.0033 -0.8584
vn 0.0008 0.0409 -0.9992
vn 0.9662 0.2352 -0.1057
vn 0.8234 0.0898 -0.5602
vn 0.6407 0.3902 -0.6612
vn 0.4620 0.6619 0.5903
vn -0.3706 0.9210 0.1200
vn -0.5239 0.8361 0.1626
vn 0.5476 0.8166 0.1826
vn 0.4415 0.8865 0.1389
vn 0.4745 0.8745 0.1008
vn -0.0689 0.3514 -0.9337
vn -0.6356 0.3779 -0.6732
vn 0.1839 0.7197 -0.6695
vn 0.5133 0.8181 0.2594
vn -0.7722 0.6343 0.0375
vn -0.4620 0.6619 0.5903
vn 0.4484 0.8936 0.0212
vn 0.5646 0.8016 -0.1966
vn 0.4745 0.8386 -0.2676
vn 0.2917 -0.0241 -0.9562
vn -0.1391 -0.0392 -0.9895
vn -0.1246 0.0279 -0.9918
vn 0.5184 0.1380 -0.8439
vn 0.2449 0.2648 -0.9327
vn 0.4286 0.4427 -0.7876
vn 0.1246 0.0279 -0.9918
vn 0.1391 -0.0392 -0.9895
vn -0.2450 -0.2170 -0.9449
vn -0.4286 0.4427 -0.7876
vn -0.2449 0.2648 -0.9327
vn -0.5344 0.1450 -0.8327
vn 0.0099 -0.9972 -0.0740
vn -0.0916 -0.9901 -0.1067
vn -0.0481 -0.9979 -0.0431
vn 0.1973 -0.6758 -0.7102
vn 0.1369 -0.6684 -0.7311
vn 0.1802 -0.5216 -0.8340
vn -0.1400 -0.9466 -0.2905
vn -0.0419 -0.9519 -0.3035
vn -0.0576 -0.9959 -0.0704
vn -0.1319 -0.8676 -0.4795
vn -0.1749 -0.7047 -0.6876
vn -0.1023 -0.8743 -0.4745
vn -0.2560 -0.4998 -0.8275
vn -0.1369 -0.6684 -0.7311
vn -0.1973 -0.6758 -0.7102
vn 0.1023 -0.8743 -0.4745
vn 0.0780 -0.7440 -0.6636
vn 0.1319 -0.8676 -0.4795
vn 0.0481 -0.9979 -0.0431
vn 0.0106 -0.9829 -0.1839
vn 0.0128 -0.9956 -0.0929
vt 0.952376 0.087807
vt 0.945044 0.096578
vt 0.941160 0.086728
vt 0.968310 0.090752
vt 0.952707 0.095325
vt 0.949426 0.112005
vt 0.959588 0.102272
vt 0.884909 0.241531
vt 0.900512 0.246104
vt 0.893632 0.253051
vt 0.908175 0.247357
vt 0.900844 0.238587
vt 0.912059 0.237508
vt 0.903794 0.262784
vt 0.963654 0.121453
vt 0.951331 0.129546
vt 0.977679 0.131761
vt 0.960270 0.130918
vt 0.950998 0.147488
vt 0.965446 0.140712
vt 0.982728 0.101360
vt 0.973824 0.110048
vt 0.993052 0.110561
vt 0.980906 0.110120
vt 0.986539 0.121569
vt 0.860168 0.261340
vt 0.872314 0.260899
vt 0.866681 0.272348
vt 0.879396 0.260827
vt 0.870491 0.252140
vt 0.875540 0.282540
vt 0.892950 0.281698
vt 0.887774 0.291491
vt 0.901889 0.280326
vt 0.889565 0.272232
vt 0.902222 0.298267
vt 0.983704 0.087699
vt 1.000000 0.085504
vt 0.987499 0.095506
vt 0.997420 0.098652
vt 0.983709 0.061549
vt 0.985168 0.075045
vt 0.972460 0.067440
vt 0.997436 0.056141
vt 0.989700 0.069077
vt 1.000000 0.071000
vt 0.855784 0.206920
vt 0.863520 0.219857
vt 0.853220 0.221779
vt 0.868052 0.225824
vt 0.869511 0.212328
vt 0.880760 0.218219
vt 0.853220 0.236283
vt 0.865721 0.246286
vt 0.855800 0.249431
vt 0.869515 0.238478
vt 0.943251 0.043112
vt 0.950369 0.049745
vt 0.942886 0.053186
vt 0.952389 0.035675
vt 0.942184 0.030012
vt 0.962771 0.044087
vt 0.948885 0.042738
vt 0.953543 0.059241
vt 0.958588 0.069065
vt 0.944389 0.071382
vt 0.959219 0.061493
vt 0.967558 0.056682
vt 0.909969 0.193891
vt 0.900831 0.186455
vt 0.911036 0.180791
vt 0.902850 0.200524
vt 0.910334 0.203966
vt 0.890449 0.194866
vt 0.904335 0.193518
vt 0.894001 0.212273
vt 0.885662 0.207461
vt 0.894632 0.219844
vt 0.899676 0.210021
vt 0.908831 0.222162
vt 0.974739 0.035388
vt 0.979407 0.048457
vt 0.984059 0.029523
vt 0.981531 0.041982
vt 0.991884 0.042218
vt 0.962933 0.027243
vt 0.973990 0.018644
vt 0.962159 0.009766
vt 0.970269 0.027412
vt 0.890287 0.178023
vt 0.879230 0.169424
vt 0.891061 0.160545
vt 0.878481 0.186168
vt 0.869160 0.180303
vt 0.882950 0.178191
vt 0.871689 0.192762
vt 0.861336 0.192998
vt 0.873813 0.199236
vt 0.939179 0.015680
vt 0.951458 0.020162
vt 0.935256 0.000378
vt 0.946562 0.013149
vt 0.949044 0.003888
vt 0.906515 0.002134
vt 0.920356 0.009445
vt 0.913186 0.015204
vt 0.920924 -0.000000
vt 0.926827 0.013831
vt 0.920493 0.026756
vt 0.917964 0.151157
vt 0.906658 0.163928
vt 0.904176 0.154667
vt 0.901762 0.170942
vt 0.914041 0.166459
vt 0.924807 0.046359
vt 0.926999 0.037797
vt 0.931567 0.047220
vt 0.917794 0.046967
vt 0.923679 0.041048
vt 0.918360 0.038348
vt 0.935786 0.039567
vt 0.931405 0.034828
vt 0.931540 0.027231
vt 0.935426 0.197746
vt 0.929541 0.191828
vt 0.934859 0.189127
vt 0.926221 0.188576
vt 0.928413 0.197138
vt 0.921653 0.198000
vt 0.932727 0.177535
vt 0.921815 0.185608
vt 0.921679 0.178010
vt 0.917434 0.190347
vt 0.908392 0.052543
vt 0.907679 0.046950
vt 0.911998 0.049923
vt 0.908214 0.042570
vt 0.903461 0.048388
vt 0.894634 0.039239
vt 0.907740 0.030911
vt 0.911184 0.037358
vt 0.902946 0.061256
vt 0.902331 0.052333
vt 0.905974 0.055885
vt 0.897898 0.052784
vt 0.949758 0.199168
vt 0.945006 0.193349
vt 0.958586 0.190019
vt 0.944828 0.203323
vt 0.945541 0.197729
vt 0.941222 0.200702
vt 0.945480 0.181690
vt 0.942036 0.188137
vt 0.899068 0.020702
vt 0.906236 0.022448
vt 0.870498 0.052220
vt 0.885373 0.051982
vt 0.878900 0.066174
vt 0.861968 0.037857
vt 0.877894 0.047586
vt 0.878086 0.038584
vt 0.967039 0.176579
vt 0.975134 0.189364
vt 0.972425 0.166186
vt 0.974676 0.181044
vt 0.982827 0.176447
vt 0.991252 0.188637
vt 0.954152 0.171482
vt 0.960158 0.158305
vt 0.946705 0.152914
vt 0.960643 0.169425
vt 0.885903 0.093126
vt 0.873228 0.084310
vt 0.881370 0.080478
vt 0.867236 0.079651
vt 0.871221 0.093838
vt 0.855751 0.095504
vt 0.988941 0.216551
vt 0.985983 0.230431
vt 0.974320 0.216954
vt 0.999890 0.216606
vt 0.991303 0.225825
vt 1.000000 0.231490
vt 0.997469 0.246284
vt 0.982722 0.203000
vt 0.996899 0.202244
vt 0.989198 0.207472
vt 0.901038 0.076871
vt 0.895406 0.068241
vt 0.901156 0.068969
vt 0.892934 0.062765
vt 0.891513 0.072652
vt 0.888870 0.078676
vt 0.894092 0.083426
vt 0.955322 0.203564
vt 0.960286 0.213545
vt 0.950274 0.212035
vt 0.967846 0.202761
vt 0.907870 0.089892
vt 0.899368 0.086253
vt 0.904319 0.083878
vt 0.898841 0.091855
vt 0.954379 0.242634
vt 0.946706 0.250357
vt 0.945350 0.240672
vt 0.967317 0.243905
vt 0.953463 0.249482
vt 0.949338 0.265724
vt 0.959557 0.254943
vt 0.903882 0.114944
vt 0.886208 0.109927
vt 0.893662 0.104164
vt 0.877766 0.106863
vt 0.887033 0.118607
vt 0.869092 0.122049
vt 0.966187 0.269386
vt 0.956537 0.280970
vt 0.973863 0.283638
vt 0.984128 0.272829
vt 0.961992 0.292255
vt 0.965163 0.277748
vt 0.981998 0.244618
vt 0.975453 0.257642
vt 0.983262 0.254114
vt 0.991845 0.260203
vt 0.928584 0.121538
vt 0.916828 0.128533
vt 0.917038 0.118055
vt 0.910470 0.132571
vt 0.924185 0.134876
vt 0.919316 0.150779
vt 0.943088 0.127023
vt 0.938603 0.117158
vt 0.938559 0.133817
vt 0.929035 0.285655
vt 0.914661 0.284597
vt 0.924636 0.272317
vt 0.933904 0.301559
vt 0.920606 0.290772
vt 0.918002 0.301476
vt 0.942750 0.283350
vt 0.949296 0.287084
vt 0.948635 0.298248
vt 0.923535 0.092946
vt 0.912562 0.097503
vt 0.914705 0.091206
vt 0.906514 0.099578
vt 0.915086 0.102464
vt 0.927428 0.257540
vt 0.917741 0.252334
vt 0.929685 0.243726
vt 0.919971 0.258714
vt 0.914617 0.267937
vt 0.938134 0.253243
vt 0.934334 0.259068
vt 0.936182 0.268834
vt 0.938905 0.237777
vt 0.942625 0.235610
vt 0.935860 0.237086
vt 0.938515 0.241986
vt 0.940489 0.231497
vt 0.906852 0.079033
vt 0.912731 0.080717
vt 0.907428 0.082474
vt 0.910595 0.084831
vt 0.906301 0.065461
vt 0.909005 0.068506
vt 0.904449 0.069096
vt 0.905272 0.072462
vt 0.952182 0.227651
vt 0.946351 0.226231
vt 0.947948 0.223241
vt 0.943212 0.225063
vt 0.946368 0.229813
vt 0.944215 0.219285
vt 0.914671 0.056508
vt 0.909113 0.056784
vt 0.911592 0.054581
vt 0.909089 0.059091
vt 0.916641 0.051964
vt 0.913798 0.052292
vt 0.911698 0.062429
vt 0.908767 0.062123
vt 0.931433 0.053149
vt 0.928251 0.050909
vt 0.930973 0.055647
vt 0.934604 0.053518
vt 0.936234 0.058543
vt 0.925269 0.053409
vt 0.919503 0.051989
vt 0.920225 0.054426
vt 0.922113 0.050440
vt 0.918616 0.204297
vt 0.922247 0.206426
vt 0.916986 0.209322
vt 0.921787 0.203929
vt 0.924969 0.201689
vt 0.927951 0.204188
vt 0.931106 0.201220
vt 0.932995 0.205206
vt 0.933717 0.202769
vt 0.936579 0.202743
vt 0.938548 0.207287
vt 0.937936 0.081335
vt 0.942972 0.080229
vt 0.936135 0.078772
vt 0.934810 0.084771
vt 0.929505 0.083553
vt 0.932626 0.062302
vt 0.934808 0.070057
vt 0.925753 0.066978
vt 0.935890 0.065575
vt 0.939388 0.064297
vt 0.917330 0.216355
vt 0.913831 0.215076
vt 0.918412 0.220837
vt 0.920593 0.213082
vt 0.927467 0.217757
vt 0.929926 0.058827
vt 0.925834 0.058741
vt 0.915850 0.063486
vt 0.915967 0.067746
vt 0.919539 0.060771
vt 0.931326 0.208599
vt 0.927386 0.209520
vt 0.933681 0.211550
vt 0.937253 0.218525
vt 0.937370 0.214266
vt 0.941522 0.213209
vt 0.931966 0.236811
vt 0.932055 0.233718
vt 0.926891 0.238174
vt 0.923715 0.234332
vt 0.444878 0.532816
vt 0.444451 0.533047
vt 0.444444 0.532651
vt 0.444197 0.533158
vt 0.444722 0.533272
vt 0.444476 0.533709
vt 0.444018 0.532493
vt 0.444100 0.530230
vt 0.444090 0.530665
vt 0.443908 0.530537
vt 0.444101 0.530966
vt 0.444318 0.530656
vt 0.444531 0.531239
vt 0.443799 0.530956
vt 0.444095 0.531399
vt 0.443899 0.531623
vt 0.444279 0.531769
vt 0.444752 0.535380
vt 0.445200 0.535683
vt 0.444599 0.536244
vt 0.444909 0.534597
vt 0.445076 0.535304
vt 0.445795 0.535004
vt 0.445336 0.534793
vt 0.444321 0.535694
vt 0.444037 0.534949
vt 0.444499 0.535294
vt 0.444470 0.534779
vt 0.445468 0.530090
vt 0.444647 0.529851
vt 0.445532 0.529018
vt 0.444783 0.530471
vt 0.445665 0.530914
vt 0.444969 0.531041
vt 0.444657 0.530706
vt 0.445647 0.537438
vt 0.444891 0.537054
vt 0.445813 0.536543
vt 0.444766 0.537729
vt 0.445773 0.538612
vt 0.444162 0.537332
vt 0.444204 0.528580
vt 0.444415 0.529610
vt 0.444075 0.529705
vt 0.444723 0.528909
vt 0.444878 0.538765
vt 0.444306 0.539148
vt 0.444518 0.537999
vt 0.444143 0.537903
vt 0.445266 0.527309
vt 0.446306 0.526305
vt 0.445093 0.525907
vt 0.447775 0.520130
vt 0.447208 0.496520
vt 0.445096 0.490439
vt 0.449658 0.495064
vt 0.442827 0.485957
vt 0.442435 0.490464
vt 0.434156 0.482851
vt 0.451860 0.490958
vt 0.440363 0.613980
vt 0.442433 0.630709
vt 0.404510 0.638574
vt 0.453371 0.594729
vt 0.448944 0.613311
vt 0.470122 0.607584
vt 0.460698 0.597518
vt 0.450906 0.483641
vt 0.458485 0.490439
vt 0.447161 0.478642
vt 0.444651 0.481980
vt 0.435000 0.475833
vt 0.466671 0.488210
vt 0.451630 0.648344
vt 0.469286 0.664195
vt 0.395398 0.677538
vt 0.475545 0.633543
vt 0.515707 0.591857
vt 0.489116 0.600424
vt 0.419819 0.468769
vt 0.418717 0.471865
vt 0.415084 0.469351
vt 0.423761 0.471533
vt 0.427129 0.468454
vt 0.422426 0.474360
vt 0.420668 0.470737
vt 0.283440 0.597874
vt 0.260662 0.620820
vt 0.255034 0.596344
vt 0.243151 0.632880
vt 0.282328 0.632715
vt 0.302794 0.706182
vt 0.227878 0.584217
vt 0.411163 0.462709
vt 0.413479 0.464262
vt 0.412738 0.465522
vt 0.414876 0.461662
vt 0.412851 0.462292
vt 0.415293 0.465280
vt 0.412993 0.459796
vt 0.411662 0.460476
vt 0.411862 0.458135
vt 0.412443 0.460840
vt 0.217661 0.546621
vt 0.210284 0.557609
vt 0.201086 0.540865
vt 0.203243 0.564842
vt 0.222375 0.562337
vt 0.166092 0.519327
vt 0.411770 0.449090
vt 0.410952 0.453726
vt 0.408975 0.445886
vt 0.414221 0.452587
vt 0.412047 0.453413
vt 0.412889 0.456300
vt 0.414767 0.438981
vt 0.413796 0.441398
vt 0.412399 0.431081
vt 0.416606 0.445680
vt 0.414724 0.444192
vt 0.415396 0.450380
vt 0.411863 0.440338
vt 0.408922 0.437262
vt 0.408296 0.428788
vt 0.411060 0.442490
vt 0.248535 0.386415
vt 0.232057 0.391127
vt 0.246844 0.375615
vt 0.214388 0.401855
vt 0.228043 0.406705
vt 0.202626 0.455644
vt 0.242003 0.363135
vt 0.410478 0.424750
vt 0.408591 0.424213
vt 0.410017 0.419835
vt 0.410417 0.429778
vt 0.409474 0.425722
vt 0.405742 0.426054
vt 0.404346 0.427783
vt 0.403871 0.424896
vt 0.405439 0.427661
vt 0.406240 0.429995
vt 0.404675 0.431627
vt 0.401609 0.417828
vt 0.404137 0.421220
vt 0.403103 0.421950
vt 0.406117 0.418439
vt 0.403931 0.418210
vt 0.404974 0.422586
vt 0.287178 0.343486
vt 0.267894 0.346356
vt 0.281219 0.337486
vt 0.259224 0.346976
vt 0.266041 0.351747
vt 0.274454 0.330064
vt 0.270454 0.365897
vt 0.267289 0.357210
vt 0.275126 0.356284
vt 0.261213 0.363270
vt 0.280443 0.311887
vt 0.300530 0.307671
vt 0.235878 0.312573
vt 0.263027 0.326187
vt 0.283660 0.293496
vt 0.332978 0.284051
vt 0.250832 0.340426
vt 0.227819 0.342249
vt 0.214221 0.358046
vt 0.250538 0.335340
vt 0.404323 0.407523
vt 0.400201 0.408907
vt 0.394319 0.390970
vt 0.403132 0.412230
vt 0.411865 0.408930
vt 0.408358 0.407109
vt 0.416574 0.385378
vt 0.409262 0.412506
vt 0.408044 0.419135
vt 0.414935 0.406748
vt 0.420080 0.406399
vt 0.419580 0.396948
vt 0.413543 0.413339
vt 0.360709 0.357333
vt 0.340998 0.333373
vt 0.372498 0.337961
vt 0.323752 0.325245
vt 0.323483 0.338738
vt 0.383719 0.318405
vt 0.400145 0.359841
vt 0.405584 0.374193
vt 0.396055 0.374256
vt 0.412892 0.367940
vt 0.406625 0.386252
vt 0.446247 0.348212
vt 0.435277 0.368845
vt 0.429388 0.364053
vt 0.448430 0.380871
vt 0.451332 0.365790
vt 0.430203 0.379100
vt 0.401806 0.343074
vt 0.421501 0.351854
vt 0.422790 0.334299
vt 0.390232 0.298644
vt 0.412830 0.311645
vt 0.386413 0.282553
vt 0.362409 0.300983
vt 0.454272 0.295015
vt 0.422116 0.425555
vt 0.421195 0.421719
vt 0.424760 0.422661
vt 0.415367 0.424638
vt 0.419126 0.424869
vt 0.420827 0.418811
vt 0.431956 0.415148
vt 0.321795 0.192995
vt 0.294131 0.272090
vt 0.267481 0.266582
vt 0.334457 0.257568
vt 0.414543 0.433676
vt 0.412755 0.427894
vt 0.416452 0.435569
vt 0.118803 0.423472
vt 0.165935 0.365929
vt 0.136839 0.454133
vt 0.081870 0.332650
vt 0.147317 0.367732
vt 0.176747 0.323773
vt 0.170597 0.274465
vt 0.210325 0.264686
vt 0.195182 0.299001
vt 0.225222 0.289281
vt 0.417356 0.452413
vt 0.420183 0.449138
vt 0.418735 0.457600
vt 0.418890 0.448778
vt 0.418942 0.442929
vt 0.422984 0.437050
vt 0.108692 0.494479
vt 0.088257 0.501962
vt 0.137600 0.531750
vt 0.163612 0.603981
vt 0.416040 0.453854
vt 0.415815 0.456305
vt 0.158151 0.539753
vt 0.154230 0.502640
vt 0.178387 0.560420
vt 0.419323 0.462596
vt 0.419401 0.464562
vt 0.416758 0.460253
vt 0.422087 0.463039
vt 0.415481 0.458374
vt 0.414455 0.458308
vt 0.238671 0.691210
vt 0.225119 0.664183
vt 0.265816 0.760014
vt 0.289374 0.727166
vt 0.199356 0.682275
vt 0.188729 0.705993
vt 0.142502 0.654294
vt 0.184000 0.667971
vt 0.162360 0.627903
vt 0.440477 0.474043
vt 0.431481 0.472639
vt 0.444056 0.473148
vt 0.433263 0.467196
vt 0.437696 0.469189
vt 0.428825 0.463396
vt 0.428114 0.465839
vt 0.436143 0.465920
vt 0.448531 0.467640
vt 0.517118 0.654081
vt 0.459383 0.711471
vt 0.511719 0.749754
vt 0.473568 0.715271
vt 0.404760 0.733688
vt 0.467568 0.480254
vt 0.475139 0.489273
vt 0.467236 0.475154
vt 0.457487 0.476287
vt 0.484089 0.487887
vt 0.375937 0.262130
vt 0.406588 0.245836
vt 0.457010 0.189286
vt 0.504306 0.272461
vt 0.595271 0.249618
vt 0.453433 0.236557
vt 0.445725 0.532382
vt 0.445564 0.532996
vt 0.445289 0.532609
vt 0.445406 0.533246
vt 0.445899 0.533035
vt 0.446100 0.533674
vt 0.445936 0.534329
vt 0.445426 0.534140
vt 0.445599 0.534385
vt 0.446442 0.532096
vt 0.445969 0.531819
vt 0.446172 0.531591
vt 0.446092 0.532225
vt 0.445652 0.531647
vt 0.446080 0.535573
vt 0.445759 0.535770
vt 0.446552 0.535255
vt 0.446182 0.535145
vt 0.446306 0.535798
vt 0.446527 0.530349
vt 0.446720 0.531171
vt 0.448060 0.529264
vt 0.447013 0.530726
vt 0.448194 0.531439
vt 0.448330 0.530247
vt 0.446575 0.531522
vt 0.446899 0.531814
vt 0.453069 0.528660
vt 0.452248 0.527007
vt 0.461328 0.521793
vt 0.451147 0.528823
vt 0.459247 0.526249
vt 0.456023 0.529802
vt 0.454627 0.528762
vt 0.451794 0.530348
vt 0.448439 0.535785
vt 0.452033 0.538117
vt 0.448731 0.537019
vt 0.453598 0.539984
vt 0.454133 0.537954
vt 0.465794 0.543099
vt 0.448550 0.538127
vt 0.456884 0.536003
vt 0.455747 0.537400
vt 0.452358 0.536331
vt 0.461488 0.538631
vt 0.446094 0.529975
vt 0.446547 0.529289
vt 0.446333 0.537525
vt 0.446880 0.538240
vt 0.446773 0.537092
vt 0.468703 0.530629
vt 0.464535 0.527534
vt 0.468733 0.526273
vt 0.463208 0.526262
vt 0.460832 0.529871
vt 0.468756 0.522250
vt 0.450908 0.531324
vt 0.448723 0.531956
vt 0.450240 0.531178
vt 0.448628 0.531663
vt 0.452586 0.532090
vt 0.449536 0.533506
vt 0.450653 0.531983
vt 0.449145 0.532516
vt 0.456334 0.533921
vt 0.461732 0.534236
vt 0.456016 0.532914
vt 0.452841 0.534376
vt 0.473366 0.509584
vt 0.474075 0.514369
vt 0.472465 0.514883
vt 0.476711 0.514845
vt 0.475512 0.512587
vt 0.474401 0.516370
vt 0.472514 0.517870
vt 0.487363 0.538568
vt 0.485376 0.541602
vt 0.483788 0.539374
vt 0.489646 0.547563
vt 0.488558 0.541892
vt 0.483279 0.542634
vt 0.480651 0.539619
vt 0.481981 0.510161
vt 0.479966 0.507080
vt 0.483092 0.507100
vt 0.479642 0.505401
vt 0.478219 0.509221
vt 0.485381 0.504417
vt 0.488511 0.509649
vt 0.490487 0.507058
vt 0.491626 0.509364
vt 0.490581 0.504936
vt 0.487781 0.507117
vt 0.496586 0.507637
vt 0.485694 0.509574
vt 0.485467 0.507809
vt 0.492471 0.513065
vt 0.493073 0.516207
vt 0.488984 0.515635
vt 0.495710 0.514207
vt 0.495011 0.515888
vt 0.493788 0.514594
vt 0.496399 0.517456
vt 0.493814 0.517009
vt 0.495618 0.516483
vt 0.492613 0.517550
vt 0.497305 0.514039
vt 0.500408 0.514405
vt 0.499191 0.512683
vt 0.502969 0.505781
vt 0.511830 0.503530
vt 0.495119 0.525528
vt 0.500223 0.525165
vt 0.498648 0.527510
vt 0.503325 0.525514
vt 0.499449 0.523035
vt 0.507247 0.520255
vt 0.501530 0.529103
vt 0.494902 0.521068
vt 0.496405 0.521158
vt 0.495884 0.520103
vt 0.497452 0.519324
vt 0.497070 0.518514
vt 0.498751 0.518156
vt 0.499424 0.519188
vt 0.500088 0.517567
vt 0.501947 0.515881
vt 0.509564 0.512361
vt 0.473301 0.520417
vt 0.470907 0.519554
vt 0.474876 0.522899
vt 0.471828 0.521347
vt 0.471729 0.523247
vt 0.474834 0.526965
vt 0.472973 0.526526
vt 0.479315 0.526874
vt 0.476633 0.524936
vt 0.474968 0.528557
vt 0.481963 0.537143
vt 0.483307 0.536016
vt 0.479296 0.536572
vt 0.478780 0.533181
vt 0.473596 0.538172
vt 0.474056 0.533467
vt 0.475748 0.535154
vt 0.474670 0.531457
vt 0.471056 0.534291
vt 0.496310 0.531427
vt 0.498316 0.530408
vt 0.500025 0.532551
vt 0.496813 0.536633
vt 0.480604 0.516583
vt 0.479425 0.513418
vt 0.481137 0.513116
vt 0.478435 0.515345
vt 0.478821 0.512267
vt 0.484368 0.515578
vt 0.484417 0.518824
vt 0.485837 0.517379
vt 0.488831 0.518342
vt 0.489318 0.521996
vt 0.480060 0.521491
vt 0.484346 0.524591
vt 0.482806 0.521346
vt 0.478072 0.522089
vt 0.477771 0.519790
vt 0.482020 0.531337
vt 0.483675 0.533424
vt 0.478710 0.530213
vt 0.484003 0.530203
vt 0.488828 0.533317
vt 0.489420 0.501003
vt 0.493263 0.495990
vt 0.485311 0.500004
vt 0.507384 0.484101
vt 0.500343 0.483992
vt 0.497407 0.471465
vt 0.509432 0.442855
vt 0.516439 0.478757
vt 0.531547 0.471554
vt 0.522991 0.463786
vt 0.520339 0.432143
vt 0.534360 0.412502
vt 0.513607 0.538717
vt 0.522818 0.527038
vt 0.537558 0.548195
vt 0.506749 0.536142
vt 0.513705 0.531605
vt 0.508465 0.528660
vt 0.540701 0.513076
vt 0.566756 0.508971
vt 0.537823 0.502878
vt 0.585214 0.444491
vt 0.541854 0.467346
vt 0.553706 0.427557
vt 0.536953 0.486927
vt 0.466922 0.502968
vt 0.468246 0.509795
vt 0.462616 0.511487
vt 0.473251 0.501142
vt 0.469725 0.504857
vt 0.481173 0.502223
vt 0.479214 0.500516
vt 0.508184 0.548686
vt 0.500930 0.557614
vt 0.510910 0.555506
vt 0.525362 0.568799
vt 0.501069 0.543484
vt 0.507015 0.543905
vt 0.468754 0.516998
vt 0.470365 0.516529
vt 0.468225 0.514852
vt 0.466356 0.520841
vt 0.462899 0.516029
vt 0.466873 0.513349
vt 0.463225 0.524450
vt 0.463263 0.547196
vt 0.458350 0.544151
vt 0.461442 0.548721
vt 0.471229 0.548981
vt 0.474123 0.555572
vt 0.452603 0.543932
vt 0.453538 0.518737
vt 0.451773 0.515858
vt 0.455195 0.513364
vt 0.450841 0.523944
vt 0.451465 0.519270
vt 0.449145 0.522614
vt 0.456123 0.516963
vt 0.458343 0.512243
vt 0.456535 0.518861
vt 0.453699 0.503230
vt 0.458131 0.508241
vt 0.455266 0.508756
vt 0.459748 0.505982
vt 0.461394 0.498688
vt 0.489336 0.563961
vt 0.474130 0.566331
vt 0.484909 0.577829
vt 0.464990 0.575940
vt 0.472155 0.586176
vt 0.459161 0.584818
vt 0.464178 0.587186
vt 0.447146 0.532040
vt 0.446782 0.532441
vt 0.446909 0.532043
vt 0.446641 0.532267
vt 0.446471 0.532521
vt 0.446344 0.532561
vt 0.446473 0.532715
vt 0.446288 0.532954
vt 0.446174 0.532551
vt 0.446085 0.532789
vt 0.446419 0.534784
vt 0.446246 0.534805
vt 0.446140 0.534567
vt 0.446335 0.534387
vt 0.446876 0.534874
vt 0.446552 0.534815
vt 0.446540 0.534617
vt 0.446745 0.535064
vt 0.446680 0.533149
vt 0.446580 0.533480
vt 0.446436 0.533394
vt 0.446899 0.533646
vt 0.446777 0.533358
vt 0.446543 0.533659
vt 0.446881 0.532804
vt 0.446700 0.532830
vt 0.447143 0.532865
vt 0.447001 0.532651
vt 0.446923 0.532985
vt 0.447209 0.534411
vt 0.446949 0.534495
vt 0.446977 0.534308
vt 0.447083 0.534641
vt 0.446763 0.534483
vt 0.446718 0.534161
vt 0.447191 0.532406
vt 0.447318 0.532677
vt 0.447529 0.532480
vt 0.447165 0.532579
vt 0.447298 0.534875
vt 0.447404 0.534586
vt 0.447638 0.534768
vt 0.447256 0.534700
vt 0.448419 0.532950
vt 0.448019 0.532692
vt 0.448498 0.532607
vt 0.448192 0.532361
vt 0.447650 0.532904
vt 0.447945 0.533049
vt 0.447799 0.533606
vt 0.447752 0.532568
vt 0.447761 0.532839
vt 0.448490 0.534195
vt 0.448331 0.533578
vt 0.448002 0.534148
vt 0.448115 0.534501
vt 0.448267 0.533966
vt 0.447414 0.533100
vt 0.447472 0.532875
vt 0.447048 0.533213
vt 0.446915 0.533175
vt 0.446953 0.534116
vt 0.447084 0.534067
vt 0.446800 0.533943
vt 0.447542 0.534372
vt 0.447719 0.534324
vt 0.447462 0.534149
vt 0.477935 0.434047
vt 0.472136 0.429432
vt 0.468240 0.414443
vt 0.473201 0.443334
vt 0.474062 0.452608
vt 0.471266 0.438374
vt 0.474679 0.435657
vt 0.484919 0.433619
vt 0.486051 0.419797
vt 0.489435 0.447355
vt 0.693587 0.381225
vt 0.729919 0.471694
vt 0.699688 0.551129
vt 0.694116 0.324917
vt 0.765570 0.405677
vt 0.717006 0.386874
vt 0.632355 0.466416
vt 0.645413 0.397278
vt 0.600802 0.351533
vt 0.728738 0.303395
vt 0.680993 0.290223
vt 0.680672 0.200853
vt 0.633537 0.228380
vt 0.456457 0.418832
vt 0.451153 0.415797
vt 0.463099 0.425156
vt 0.464880 0.421146
vt 0.452959 0.420886
vt 0.441047 0.420701
vt 0.434986 0.156534
vt 0.371553 0.080922
vt 0.350070 0.145039
vt 0.501371 0.145429
vt 0.741348 0.525864
vt 0.728310 0.589111
vt 0.769356 0.517324
vt 0.757930 0.624965
vt 0.462465 0.455231
vt 0.468274 0.451440
vt 0.458419 0.456198
vt 0.459882 0.458252
vt 0.449715 0.460488
vt 0.465121 0.450783
vt 0.669439 0.711490
vt 0.692667 0.734788
vt 0.570483 0.815467
vt 0.699787 0.676674
vt 0.445648 0.463858
vt 0.449647 0.463688
vt 0.444143 0.462217
vt 0.442667 0.464670
vt 0.438749 0.461984
vt 0.457053 0.786929
vt 0.481309 0.816652
vt 0.406282 0.829703
vt 0.494875 0.790652
vt 0.541888 0.774036
vt 0.431869 0.461848
vt 0.434497 0.463315
vt 0.432658 0.460612
vt 0.428522 0.461359
vt 0.427710 0.458828
vt 0.234201 0.774001
vt 0.293695 0.835643
vt 0.159052 0.795903
vt 0.292843 0.804434
vt 0.344745 0.799262
vt 0.422472 0.457814
vt 0.424014 0.456696
vt 0.424833 0.458611
vt 0.424919 0.456056
vt 0.422689 0.455386
vt 0.423458 0.452292
vt 0.098845 0.626109
vt 0.076188 0.690643
vt 0.039054 0.573848
vt 0.106652 0.673743
vt 0.148143 0.708302
vt 0.420126 0.455856
vt 0.420642 0.458145
vt 0.421103 0.454790
vt 0.419766 0.453669
vt 0.421313 0.450408
vt 0.424194 0.446812
vt 0.423057 0.445626
vt 0.425453 0.441125
vt 0.423026 0.448029
vt 0.422140 0.451250
vt 0.421808 0.453912
vt 0.126054 0.562512
vt 0.114537 0.594636
vt 0.074821 0.523499
vt 0.139777 0.597376
vt 0.064727 0.408785
vt 0.058710 0.347854
vt 0.054328 0.449881
vt 0.076151 0.448163
vt 0.031840 0.371749
vt 0.426078 0.436010
vt 0.424399 0.439044
vt 0.427268 0.436140
vt 0.426771 0.432951
vt 0.430503 0.431289
vt 0.098344 0.245622
vt 0.045055 0.280816
vt 0.073268 0.130896
vt 0.063249 0.293147
vt 0.425426 0.426642
vt 0.422625 0.429142
vt 0.427325 0.427436
vt 0.434070 0.422286
vt 0.431535 0.424586
vt 0.437634 0.417825
vt 0.434321 0.425094
vt 0.236511 0.234767
vt 0.170461 0.197234
vt 0.189349 0.227817
vt 0.270738 0.136889
vt 0.236801 0.105748
vt 0.222204 0.152266
vt 0.437655 0.424174
vt 0.436988 0.426405
vt 0.434596 0.426049
vt 0.432965 0.428554
vt 0.426504 0.440217
vt 0.425832 0.442351
vt 0.427107 0.440134
vt 0.426826 0.438575
vt 0.427845 0.437288
vt 0.426513 0.443255
vt 0.031045 0.323373
vt 0.013732 0.346448
vt 0.024815 0.291968
vt 0.022932 0.351851
vt 0.021612 0.388229
vt 0.006762 0.399582
vt 0.024351 0.442465
vt 0.019339 0.476448
vt 0.032320 0.466368
vt 0.017046 0.497771
vt 0.004924 0.523070
vt 0.023484 0.545567
vt 0.004880 0.462548
vt 0.426884 0.457190
vt 0.424992 0.454760
vt 0.426842 0.456100
vt 0.425558 0.455951
vt 0.020869 0.578948
vt -0.000000 0.582233
vt 0.030744 0.605865
vt 0.013166 0.640621
vt 0.047315 0.666011
vt 0.105140 0.766744
vt 0.051187 0.758758
vt 0.067572 0.706305
vt 0.428023 0.457762
vt 0.429491 0.458666
vt 0.428233 0.457115
vt 0.430187 0.458002
vt 0.107805 0.833636
vt 0.132767 0.812298
vt 0.192572 0.832887
vt 0.198355 0.871234
vt 0.435253 0.459882
vt 0.438377 0.460761
vt 0.432855 0.458847
vt 0.434205 0.459839
vt 0.436123 0.459511
vt 0.317808 0.857872
vt 0.281470 0.871368
vt 0.337276 0.860576
vt 0.355341 0.871368
vt 0.400196 0.847280
vt 0.441763 0.461181
vt 0.442352 0.460533
vt 0.439979 0.459873
vt 0.443978 0.459578
vt 0.442839 0.460269
vt 0.446187 0.460259
vt 0.566899 0.833695
vt 0.521246 0.833054
vt 0.570598 0.853198
vt 0.610390 0.804517
vt 0.654702 0.811328
vt 0.487196 0.855233
vt 0.456123 0.456629
vt 0.452875 0.456387
vt 0.451827 0.458542
vt 0.458740 0.454358
vt 0.457561 0.453537
vt 0.461702 0.450125
vt 0.460356 0.452679
vt 0.463547 0.450354
vt 0.465370 0.447838
vt 0.466959 0.446453
vt 0.464687 0.446499
vt 0.466244 0.442432
vt 0.441783 0.423471
vt 0.443467 0.424962
vt 0.445929 0.422513
vt 0.451372 0.425193
vt 0.448936 0.056911
vt 0.394851 -0.000000
vt 0.568053 0.024969
vt 0.368562 0.041237
vt 0.249891 0.043919
vt 0.293839 0.074413
vt 0.467916 0.438112
vt 0.468004 0.435338
vt 0.468810 0.441245
vt 0.465961 0.437544
vt 0.463383 0.432418
vt 0.853220 0.487730
vt 0.812464 0.389600
vt 0.851481 0.363036
vt 0.798525 0.452390
vt 0.787174 0.343518
vt 0.805881 0.229462
vt 0.391364 0.412552
vt 0.387064 0.405486
vt 0.391699 0.403947
vt 0.384727 0.402700
vt 0.386009 0.411932
vt 0.381909 0.414878
vt 0.384507 0.378293
vt 0.379922 0.375239
vt 0.378830 0.385850
vt 0.361772 0.398266
vt 0.359525 0.378798
vt 0.345267 0.376873
vt 0.354567 0.387469
vt 0.350516 0.380992
vt 0.345531 0.388265
vt 0.330511 0.392137
vt 0.369552 0.377705
vt 0.364163 0.382448
vt 0.359713 0.388803
vt 0.397449 0.414191
vt 0.396630 0.408284
vt 0.394098 0.423069
vt 0.395567 0.418659
vt 0.398964 0.423627
vt 0.388463 0.424877
vt 0.392709 0.419654
vt 0.388832 0.417786
vt 0.296797 0.357434
vt 0.301523 0.367780
vt 0.290535 0.366385
vt 0.304711 0.374316
vt 0.312256 0.363383
vt 0.323077 0.374363
vt 0.286486 0.376137
vt 0.402985 0.430596
vt 0.401038 0.430097
vt 0.403318 0.428228
vt 0.402570 0.427071
vt 0.400540 0.426795
vt 0.401700 0.425997
vt 0.401866 0.424284
vt 0.401972 0.422538
vt 0.400446 0.420841
vt 0.265359 0.389444
vt 0.275250 0.385041
vt 0.271774 0.391655
vt 0.281596 0.385524
vt 0.274633 0.380439
vt 0.278795 0.394663
vt 0.401063 0.436101
vt 0.403661 0.436967
vt 0.402473 0.444083
vt 0.402559 0.434255
vt 0.398255 0.432304
vt 0.399372 0.429667
vt 0.396048 0.432880
vt 0.398536 0.434468
vt 0.395063 0.438595
vt 0.397237 0.429276
vt 0.230570 0.421914
vt 0.222412 0.451099
vt 0.241541 0.410792
vt 0.240250 0.445009
vt 0.265814 0.408863
vt 0.276394 0.407325
vt 0.272939 0.426972
vt 0.270477 0.402051
vt 0.405610 0.452179
vt 0.408752 0.453042
vt 0.408401 0.458036
vt 0.407005 0.450459
vt 0.406004 0.445126
vt 0.404172 0.456192
vt 0.398160 0.453084
vt 0.403605 0.452903
vt 0.400720 0.449297
vt 0.213603 0.520853
vt 0.225559 0.540456
vt 0.214688 0.502046
vt 0.201374 0.514328
vt 0.234878 0.528995
vt 0.254370 0.518353
vt 0.252198 0.534486
vt 0.262991 0.513846
vt 0.248038 0.505717
vt 0.265407 0.480287
vt 0.268296 0.536783
vt 0.410124 0.460855
vt 0.410590 0.458297
vt 0.410953 0.460072
vt 0.408877 0.461624
vt 0.407121 0.460727
vt 0.408699 0.463032
vt 0.405584 0.463406
vt 0.407221 0.466162
vt 0.410073 0.465609
vt 0.408799 0.469003
vt 0.408637 0.464796
vt 0.294638 0.578792
vt 0.301637 0.585680
vt 0.286796 0.562731
vt 0.283163 0.577632
vt 0.300344 0.571453
vt 0.317238 0.572406
vt 0.270332 0.574008
vt 0.267281 0.563637
vt 0.261425 0.579158
vt 0.248079 0.562136
vt 0.415570 0.473986
vt 0.412965 0.472506
vt 0.414900 0.479442
vt 0.413953 0.474393
vt 0.410229 0.476001
vt 0.412661 0.477385
vt 0.419950 0.478462
vt 0.418724 0.476152
vt 0.418082 0.481537
vt 0.422545 0.478571
vt 0.422102 0.484506
vt 0.346590 0.622515
vt 0.347711 0.597148
vt 0.365890 0.603686
vt 0.325827 0.635234
vt 0.339509 0.611673
vt 0.334500 0.588838
vt 0.326378 0.611027
vt 0.311292 0.589778
vt 0.324038 0.581577
vt 0.310322 0.598170
vt 0.429026 0.485289
vt 0.427452 0.482216
vt 0.426964 0.488160
vt 0.432743 0.487137
vt 0.431747 0.492670
vt 0.404714 0.618677
vt 0.387799 0.605146
vt 0.408616 0.599911
vt 0.388681 0.618570
vt 0.375866 0.626201
vt 0.427591 0.529125
vt 0.428201 0.532506
vt 0.423391 0.531618
vt 0.430992 0.526676
vt 0.428885 0.530521
vt 0.431238 0.530488
vt 0.432532 0.533117
vt 0.429992 0.519355
vt 0.428400 0.522904
vt 0.423796 0.517198
vt 0.433560 0.518856
vt 0.430346 0.521667
vt 0.432376 0.522386
vt 0.434332 0.527585
vt 0.434461 0.530340
vt 0.436847 0.528091
vt 0.435115 0.529535
vt 0.437130 0.529930
vt 0.437999 0.531534
vt 0.416168 0.536605
vt 0.423270 0.540708
vt 0.417979 0.541344
vt 0.424710 0.542676
vt 0.424418 0.538523
vt 0.429154 0.539381
vt 0.416111 0.547070
vt 0.424547 0.536260
vt 0.420331 0.533982
vt 0.426447 0.535610
vt 0.433231 0.535241
vt 0.430582 0.535391
vt 0.433866 0.536311
vt 0.435150 0.534340
vt 0.437756 0.535638
vt 0.435319 0.532395
vt 0.436723 0.533485
vt 0.436969 0.533055
vt 0.438817 0.532598
vt 0.439695 0.533647
vt 0.441166 0.531937
vt 0.441560 0.533698
vt 0.442466 0.532187
vt 0.442524 0.530786
vt 0.442877 0.533714
vt 0.441784 0.532458
vt 0.440238 0.535540
vt 0.438717 0.534619
vt 0.440687 0.536397
vt 0.441085 0.535481
vt 0.442472 0.536734
vt 0.443065 0.534631
vt 0.442437 0.535264
vt 0.443231 0.535313
vt 0.442817 0.535245
vt 0.442910 0.535887
vt 0.443548 0.533131
vt 0.443575 0.532480
vt 0.443386 0.532920
vt 0.443070 0.532809
vt 0.443234 0.532146
vt 0.443387 0.534518
vt 0.443581 0.534967
vt 0.443551 0.534304
vt 0.443435 0.531191
vt 0.443578 0.530741
vt 0.443244 0.531274
vt 0.443535 0.531567
vt 0.443367 0.530569
vt 0.443545 0.535916
vt 0.443240 0.536224
vt 0.443829 0.536558
vt 0.443441 0.536312
vt 0.443370 0.536973
vt 0.443595 0.536788
vt 0.443667 0.530344
vt 0.443660 0.529942
vt 0.443547 0.530156
vt 0.443315 0.530150
vt 0.443103 0.529245
vt 0.442746 0.529900
vt 0.442438 0.529096
vt 0.442293 0.530102
vt 0.442970 0.530089
vt 0.441433 0.529005
vt 0.442940 0.537487
vt 0.442207 0.537460
vt 0.443078 0.538413
vt 0.442695 0.537689
vt 0.442338 0.538563
vt 0.441228 0.538628
vt 0.443564 0.537417
vt 0.443314 0.537424
vt 0.443688 0.537648
vt 0.443693 0.537213
vt 0.443541 0.527461
vt 0.444054 0.526015
vt 0.443656 0.529072
vt 0.442951 0.525892
vt 0.443872 0.520930
vt 0.441693 0.526526
vt 0.441686 0.524569
vt 0.440334 0.524752
vt 0.438575 0.512446
vt 0.437803 0.519648
vt 0.439691 0.526433
vt 0.436979 0.523741
vt 0.439260 0.523839
vt 0.441401 0.541491
vt 0.439678 0.543540
vt 0.441324 0.543850
vt 0.435418 0.560942
vt 0.443559 0.540439
vt 0.442853 0.542292
vt 0.443690 0.538604
vt 0.444180 0.542140
vt 0.444002 0.548590
vt 0.439063 0.541450
vt 0.435682 0.549827
vt 0.435395 0.544326
vt 0.438209 0.544540
vt 0.439452 0.528642
vt 0.439108 0.527332
vt 0.436966 0.526272
vt 0.436026 0.539177
vt 0.438481 0.540338
vt 0.435849 0.541276
vt 0.439005 0.538890
vt 0.441318 0.530457
vt 0.440284 0.530214
vt 0.440834 0.531046
vt 0.434182 0.522744
vt 0.435513 0.520789
vt 0.434320 0.524522
vt 0.433365 0.541238
vt 0.432353 0.542771
vt 0.433115 0.539239
vt 0.436483 0.518014
vt 0.435743 0.515408
vt 0.432863 0.547786
vt 0.433468 0.551832
vt 0.429656 0.549811
vt 0.431710 0.555439
vt 0.438920 0.505028
vt 0.441806 0.507823
vt 0.441863 0.503371
vt 0.438776 0.501517
vt 0.444627 0.506346
vt 0.441009 0.505091
vt 0.434005 0.574727
vt 0.439835 0.578694
vt 0.432614 0.582175
vt 0.440237 0.569659
vt 0.445638 0.572604
vt 0.438282 0.574956
vt 0.442626 0.511950
vt 0.442094 0.516869
vt 0.444199 0.513406
vt 0.448780 0.509817
vt 0.447068 0.512843
vt 0.448387 0.505116
vt 0.450704 0.511563
vt 0.446736 0.556644
vt 0.444548 0.559886
vt 0.449283 0.549411
vt 0.446355 0.549391
vt 0.449340 0.560560
vt 0.448045 0.501191
vt 0.450187 0.500003
vt 0.443448 0.498487
vt 0.448084 0.500183
vt 0.445526 0.497635
vt 0.444670 0.502124
vt 0.441066 0.500081
vt 0.442665 0.501910
vt 0.453799 0.583013
vt 0.453440 0.574371
vt 0.446067 0.581536
vt 0.443331 0.590363
vt 0.451406 0.580438
vt 0.442219 0.492869
vt 0.439407 0.490785
vt 0.430429 0.612028
vt 0.427337 0.599867
vt 0.421223 0.611329
vt 0.390236 0.507023
vt 0.387688 0.506777
vt 0.389577 0.503893
vt 0.390493 0.509294
vt 0.388745 0.507510
vt 0.388568 0.509232
vt 0.386467 0.509434
vt 0.383390 0.506243
vt 0.381295 0.508174
vt 0.380732 0.506989
vt 0.382421 0.510728
vt 0.382749 0.508657
vt 0.380395 0.508881
vt 0.378325 0.506873
vt 0.386491 0.504986
vt 0.386370 0.506597
vt 0.384973 0.507897
vt 0.389012 0.510806
vt 0.388458 0.511660
vt 0.390656 0.511284
vt 0.391541 0.513944
vt 0.385353 0.511640
vt 0.384446 0.510131
vt 0.384782 0.512737
vt 0.386846 0.512150
vt 0.387725 0.515070
vt 0.380362 0.511288
vt 0.379827 0.513729
vt 0.377845 0.512189
vt 0.380797 0.512513
vt 0.382103 0.512857
vt 0.381722 0.515099
vt 0.384629 0.514920
vt 0.384523 0.516702
vt 0.385597 0.516139
vt 0.387803 0.519198
vt 0.387985 0.517124
vt 0.396597 0.508607
vt 0.396188 0.513925
vt 0.393997 0.512116
vt 0.396225 0.516119
vt 0.398821 0.513454
vt 0.401871 0.517739
vt 0.391941 0.516898
vt 0.389749 0.514692
vt 0.391952 0.518087
vt 0.394312 0.517628
vt 0.399390 0.522699
vt 0.382518 0.519537
vt 0.385031 0.521147
vt 0.383172 0.522074
vt 0.384752 0.519123
vt 0.386816 0.522438
vt 0.383928 0.526915
vt 0.392502 0.520462
vt 0.391915 0.523030
vt 0.394178 0.522553
vt 0.396543 0.527654
vt 0.398472 0.525200
vt 0.410185 0.524875
vt 0.412188 0.528361
vt 0.419760 0.524296
vt 0.414565 0.527180
vt 0.421831 0.528098
vt 0.413403 0.530630
vt 0.408460 0.529560
vt 0.424019 0.550077
vt 0.419421 0.551382
vt 0.425154 0.547716
vt 0.420836 0.556541
vt 0.426264 0.552764
vt 0.428634 0.556424
vt 0.427120 0.560310
vt 0.405346 0.486366
vt 0.405768 0.481698
vt 0.407999 0.481340
vt 0.401391 0.482442
vt 0.403824 0.484261
vt 0.405915 0.479478
vt 0.411709 0.485616
vt 0.409747 0.483348
vt 0.408976 0.490265
vt 0.408987 0.485984
vt 0.406347 0.488461
vt 0.361064 0.559076
vt 0.350243 0.562709
vt 0.354884 0.554139
vt 0.343073 0.566819
vt 0.351596 0.570680
vt 0.349183 0.552802
vt 0.323842 0.556585
vt 0.329535 0.556391
vt 0.315531 0.553656
vt 0.315072 0.563177
vt 0.327119 0.549108
vt 0.338334 0.543282
vt 0.381439 0.500512
vt 0.379020 0.501418
vt 0.379457 0.499775
vt 0.378722 0.503786
vt 0.380073 0.502561
vt 0.377493 0.499303
vt 0.377774 0.501687
vt 0.381993 0.497294
vt 0.379613 0.496708
vt 0.382897 0.493489
vt 0.380352 0.497818
vt 0.385027 0.502422
vt 0.383652 0.499481
vt 0.386712 0.498052
vt 0.382417 0.503245
vt 0.383682 0.501829
vt 0.381161 0.503884
vt 0.380836 0.505228
vt 0.376826 0.504203
vt 0.376380 0.502951
vt 0.376029 0.504484
vt 0.378450 0.505253
vt 0.373582 0.501733
vt 0.370443 0.505419
vt 0.373209 0.504614
vt 0.372993 0.506032
vt 0.371937 0.503510
vt 0.374457 0.504705
vt 0.375149 0.507199
vt 0.376689 0.506968
vt 0.376647 0.509464
vt 0.377421 0.508653
vt 0.378488 0.509319
vt 0.374195 0.460833
vt 0.366242 0.463265
vt 0.368645 0.458111
vt 0.362881 0.463488
vt 0.367909 0.466428
vt 0.363903 0.470818
vt 0.363442 0.451998
vt 0.358781 0.470868
vt 0.359095 0.466913
vt 0.356441 0.471072
vt 0.361325 0.474480
vt 0.359568 0.479345
vt 0.353733 0.461113
vt 0.328877 0.485974
vt 0.334626 0.481819
vt 0.335883 0.485488
vt 0.330111 0.472051
vt 0.328834 0.479970
vt 0.338338 0.480102
vt 0.342643 0.486045
vt 0.342418 0.474285
vt 0.349844 0.475700
vt 0.342582 0.478551
vt 0.346377 0.481092
vt 0.347613 0.457407
vt 0.345995 0.467690
vt 0.339850 0.454506
vt 0.348943 0.465520
vt 0.351786 0.468999
vt 0.376404 0.479509
vt 0.372913 0.477888
vt 0.374876 0.476627
vt 0.370892 0.476783
vt 0.372482 0.480021
vt 0.368786 0.479756
vt 0.373344 0.472951
vt 0.368618 0.475359
vt 0.368866 0.472293
vt 0.366257 0.476322
vt 0.376638 0.485533
vt 0.374492 0.484448
vt 0.378388 0.483370
vt 0.375355 0.488303
vt 0.374461 0.485806
vt 0.369996 0.486014
vt 0.372792 0.487539
vt 0.365212 0.483370
vt 0.362640 0.485660
vt 0.364838 0.485454
vt 0.365417 0.490494
vt 0.367087 0.488052
vt 0.347371 0.495408
vt 0.352406 0.496240
vt 0.349155 0.498628
vt 0.354560 0.496533
vt 0.353342 0.493893
vt 0.358847 0.492581
vt 0.350857 0.500615
vt 0.361247 0.487414
vt 0.362417 0.490819
vt 0.359158 0.486516
vt 0.371969 0.489572
vt 0.370446 0.490015
vt 0.372970 0.490994
vt 0.371288 0.492800
vt 0.379096 0.494397
vt 0.378360 0.496174
vt 0.375382 0.495286
vt 0.376493 0.497543
vt 0.372295 0.496251
vt 0.371270 0.498886
vt 0.369388 0.496404
vt 0.374070 0.498479
vt 0.368639 0.491845
vt 0.367503 0.493725
vt 0.368775 0.493381
vt 0.370424 0.494534
vt 0.358572 0.499589
vt 0.360902 0.502734
vt 0.357963 0.503222
vt 0.361743 0.504598
vt 0.362665 0.500914
vt 0.366465 0.502222
vt 0.357440 0.506892
vt 0.361551 0.496427
vt 0.362629 0.498121
vt 0.358981 0.496326
vt 0.362697 0.495045
vt 0.365186 0.497055
vt 0.366708 0.494792
vt 0.367246 0.496802
vt 0.365283 0.494060
vt 0.368367 0.499230
vt 0.370195 0.501603
vt 0.368690 0.503984
vt 0.370399 0.502904
vt 0.401221 0.464421
vt 0.397982 0.464447
vt 0.397707 0.461881
vt 0.397332 0.469820
vt 0.400055 0.466755
vt 0.395017 0.464769
vt 0.391143 0.459627
vt 0.306962 0.522803
vt 0.291208 0.514332
vt 0.298530 0.507695
vt 0.283434 0.523645
vt 0.293336 0.525035
vt 0.285146 0.507390
vt 0.297368 0.488652
vt 0.393924 0.471782
vt 0.390846 0.468929
vt 0.391803 0.473376
vt 0.391176 0.470830
vt 0.388944 0.472125
vt 0.384929 0.470607
vt 0.322860 0.514222
vt 0.318392 0.509726
vt 0.323836 0.507058
vt 0.314864 0.506402
vt 0.316737 0.516921
vt 0.326358 0.498198
vt 0.388201 0.476699
vt 0.384533 0.477218
vt 0.384184 0.475536
vt 0.384619 0.480639
vt 0.386468 0.478664
vt 0.382530 0.477570
vt 0.379977 0.474528
vt 0.383839 0.474076
vt 0.381794 0.472675
vt 0.386103 0.473909
vt 0.330354 0.504075
vt 0.334972 0.502684
vt 0.333095 0.510597
vt 0.333104 0.500637
vt 0.337807 0.495523
vt 0.333296 0.496068
vt 0.387947 0.485020
vt 0.385518 0.485654
vt 0.385184 0.484679
vt 0.386092 0.487725
vt 0.386972 0.486285
vt 0.384449 0.486241
vt 0.382416 0.485107
vt 0.341431 0.517199
vt 0.344241 0.513451
vt 0.345116 0.516071
vt 0.345327 0.511887
vt 0.342093 0.512728
vt 0.342745 0.507715
vt 0.348021 0.515747
vt 0.346976 0.510242
vt 0.348791 0.511085
vt 0.347096 0.507789
vt 0.350883 0.507129
vt 0.391744 0.492572
vt 0.389938 0.491783
vt 0.391020 0.491316
vt 0.389020 0.491304
vt 0.389414 0.492830
vt 0.387348 0.492640
vt 0.390303 0.489805
vt 0.384627 0.490074
vt 0.385479 0.491290
vt 0.385654 0.490138
vt 0.387103 0.490360
vt 0.386917 0.489217
vt 0.354963 0.510311
vt 0.354103 0.506942
vt 0.351570 0.510694
vt 0.353167 0.513832
vt 0.353305 0.509425
vt 0.357173 0.512406
vt 0.359598 0.508847
vt 0.362390 0.510867
vt 0.357152 0.510705
vt 0.360385 0.520165
vt 0.358029 0.519352
vt 0.360349 0.516990
vt 0.359823 0.523883
vt 0.358672 0.520885
vt 0.355366 0.521202
vt 0.357801 0.522599
vt 0.378303 0.491984
vt 0.380860 0.489315
vt 0.379794 0.492580
vt 0.381849 0.491184
vt 0.378898 0.486308
vt 0.378163 0.488848
vt 0.381596 0.487093
vt 0.379514 0.487298
vt 0.378675 0.485267
vt 0.380498 0.484091
vt 0.354360 0.502962
vt 0.355367 0.504240
vt 0.362021 0.506628
vt 0.364448 0.506268
vt 0.353142 0.502105
vt 0.350543 0.503868
vt 0.354610 0.499698
vt 0.378306 0.476962
vt 0.380669 0.479645
vt 0.380520 0.478074
vt 0.381523 0.481883
vt 0.383668 0.483029
vt 0.382082 0.482942
vt 0.342204 0.499573
vt 0.339692 0.502031
vt 0.344240 0.501108
vt 0.342614 0.495628
vt 0.346775 0.503917
vt 0.347959 0.505395
vt 0.377228 0.471421
vt 0.376652 0.473697
vt 0.379024 0.470949
vt 0.376209 0.469592
vt 0.379463 0.467066
vt 0.334205 0.490339
vt 0.336821 0.488710
vt 0.340120 0.490488
vt 0.387372 0.465559
vt 0.383710 0.463069
vt 0.384248 0.465616
vt 0.381903 0.468597
vt 0.381168 0.461826
vt 0.377441 0.464397
vt 0.382511 0.458820
vt 0.314579 0.476107
vt 0.317320 0.485070
vt 0.320171 0.479939
vt 0.398536 0.445922
vt 0.398899 0.441930
vt 0.396215 0.445656
vt 0.399918 0.459832
vt 0.397696 0.459240
vt 0.395372 0.456254
vt 0.283501 0.475829
vt 0.280750 0.486504
vt 0.294218 0.473954
vt 0.280921 0.466808
vt 0.294679 0.463110
vt 0.270883 0.516480
vt 0.277096 0.529165
vt 0.273596 0.507107
vt 0.388267 0.450724
vt 0.381664 0.449941
vt 0.387060 0.446378
vt 0.377056 0.450513
vt 0.381734 0.453772
vt 0.384600 0.438001
vt 0.372183 0.436806
vt 0.378116 0.429107
vt 0.367154 0.434703
vt 0.372017 0.444887
vt 0.373633 0.418973
vt 0.356210 0.443692
vt 0.360242 0.434253
vt 0.351538 0.440307
vt 0.358207 0.455925
vt 0.326367 0.445940
vt 0.318853 0.457076
vt 0.301783 0.430995
vt 0.327526 0.456937
vt 0.336058 0.464556
vt 0.336385 0.406670
vt 0.341923 0.422875
vt 0.334904 0.431206
vt 0.348593 0.403507
vt 0.343509 0.432816
vt 0.385887 0.416610
vt 0.384752 0.420773
vt 0.289985 0.388621
vt 0.290199 0.397046
vt 0.298374 0.385512
vt 0.306447 0.398669
vt 0.290853 0.413461
vt 0.286141 0.406858
vt 0.384550 0.425981
vt 0.383086 0.425963
vt 0.386526 0.430386
vt 0.392609 0.445527
vt 0.390965 0.438888
vt 0.393433 0.443701
vt 0.393072 0.450717
vt 0.391530 0.447088
vt 0.304096 0.412697
vt 0.315175 0.407310
vt 0.312610 0.405790
vt 0.319023 0.396945
vt 0.342579 0.393396
vt 0.332495 0.398441
vt 0.347980 0.393301
vt 0.408705 0.473138
vt 0.410110 0.472101
vt 0.407515 0.472253
vt 0.407901 0.475399
vt 0.405345 0.475300
vt 0.404595 0.473250
vt 0.403731 0.470610
vt 0.406366 0.471689
vt 0.406360 0.469728
vt 0.402081 0.475144
vt 0.400537 0.474670
vt 0.401331 0.477119
vt 0.396917 0.478838
vt 0.402909 0.467625
vt 0.404890 0.467047
vt 0.403829 0.466390
vt 0.403225 0.463967
vt 0.285039 0.548621
vt 0.293315 0.552923
vt 0.284701 0.542509
vt 0.276402 0.550638
vt 0.300138 0.543925
vt 0.295694 0.533009
vt 0.303769 0.534562
vt 0.290774 0.536136
vt 0.316829 0.537667
vt 0.313889 0.533906
vt 0.319348 0.529855
vt 0.330761 0.530793
vt 0.401239 0.478896
vt 0.403613 0.478605
vt 0.399107 0.480722
vt 0.328701 0.542187
vt 0.323557 0.541677
vt 0.334498 0.537097
vt 0.392931 0.479696
vt 0.394755 0.478006
vt 0.391497 0.479564
vt 0.392876 0.481022
vt 0.389699 0.481813
vt 0.393370 0.477016
vt 0.395296 0.482550
vt 0.397435 0.483663
vt 0.394253 0.485815
vt 0.397281 0.482377
vt 0.338047 0.523012
vt 0.335921 0.519256
vt 0.335227 0.522297
vt 0.329154 0.521269
vt 0.330295 0.525157
vt 0.328112 0.516409
vt 0.331588 0.516640
vt 0.324823 0.518827
vt 0.327693 0.512588
vt 0.390439 0.486651
vt 0.389371 0.487385
vt 0.392116 0.487863
vt 0.390310 0.487597
vt 0.391138 0.488767
vt 0.390798 0.485233
vt 0.392712 0.486642
vt 0.391307 0.486185
vt 0.388466 0.488344
vt 0.388191 0.489101
vt 0.388587 0.490013
vt 0.345657 0.519437
vt 0.343975 0.521889
vt 0.347210 0.520866
vt 0.347257 0.527628
vt 0.351680 0.517303
vt 0.350553 0.514666
vt 0.351491 0.519054
vt 0.353375 0.517826
vt 0.406952 0.512362
vt 0.411280 0.509679
vt 0.414295 0.514250
vt 0.413926 0.508266
vt 0.406088 0.507560
vt 0.405324 0.502176
vt 0.411316 0.501992
vt 0.417375 0.500531
vt 0.415580 0.506324
vt 0.420771 0.509107
vt 0.369293 0.553313
vt 0.372975 0.561121
vt 0.371530 0.551552
vt 0.362543 0.549489
vt 0.361402 0.542375
vt 0.390353 0.563217
vt 0.374678 0.549838
vt 0.385514 0.551515
vt 0.372782 0.542952
vt 0.366212 0.541023
vt 0.380249 0.542490
vt 0.377121 0.548338
vt 0.370573 0.547994
vt 0.364832 0.542375
vt 0.420371 0.492470
vt 0.415032 0.488305
vt 0.415713 0.492038
vt 0.411944 0.494346
vt 0.372799 0.572266
vt 0.363187 0.576318
vt 0.381090 0.581447
vt 0.430702 0.498232
vt 0.425359 0.496244
vt 0.430811 0.503272
vt 0.426773 0.498991
vt 0.425283 0.502489
vt 0.416654 0.573863
vt 0.404356 0.578441
vt 0.405552 0.569921
vt 0.397933 0.582480
vt 0.411915 0.584450
vt 0.429373 0.512775
vt 0.432810 0.508862
vt 0.433690 0.511793
vt 0.434728 0.506482
vt 0.429586 0.508006
vt 0.424354 0.511338
vt 0.427240 0.515423
vt 0.424503 0.508250
vt 0.418056 0.564304
vt 0.409978 0.559676
vt 0.410489 0.564182
vt 0.426291 0.570182
vt 0.424154 0.564796
vt 0.391211 0.495285
vt 0.389661 0.495005
vt 0.393959 0.495222
vt 0.392808 0.494126
vt 0.390848 0.496612
vt 0.364263 0.527365
vt 0.364127 0.523026
vt 0.366110 0.522404
vt 0.362386 0.525592
vt 0.363682 0.520674
vt 0.368037 0.516524
vt 0.386806 0.494803
vt 0.385337 0.493108
vt 0.384477 0.495838
vt 0.385397 0.494587
vt 0.390008 0.500879
vt 0.389117 0.498724
vt 0.391017 0.499012
vt 0.387734 0.501197
vt 0.388759 0.500173
vt 0.367428 0.510372
vt 0.365261 0.513370
vt 0.369998 0.512629
vt 0.371359 0.510029
vt 0.367388 0.512174
vt 0.401373 0.498488
vt 0.403935 0.498064
vt 0.400171 0.495780
vt 0.398493 0.496043
vt 0.401817 0.495021
vt 0.401583 0.497364
vt 0.398610 0.501059
vt 0.400699 0.499497
vt 0.401199 0.501531
vt 0.398958 0.498774
vt 0.393936 0.501332
vt 0.393018 0.499132
vt 0.394379 0.499341
vt 0.392116 0.500048
vt 0.392981 0.498191
vt 0.395062 0.497442
vt 0.371060 0.530848
vt 0.374344 0.529490
vt 0.374707 0.532959
vt 0.367998 0.528731
vt 0.371862 0.529271
vt 0.373481 0.526081
vt 0.370726 0.527223
vt 0.371336 0.534459
vt 0.366664 0.534760
vt 0.369983 0.532221
vt 0.367591 0.531601
vt 0.393259 0.504305
vt 0.392754 0.505949
vt 0.392009 0.502523
vt 0.395083 0.504345
vt 0.401119 0.505654
vt 0.401365 0.510177
vt 0.402395 0.507490
vt 0.379261 0.530998
vt 0.377930 0.526699
vt 0.377449 0.529070
vt 0.375891 0.519716
vt 0.372589 0.522451
vt 0.372061 0.520775
vt 0.374638 0.523131
vt 0.369624 0.522417
vt 0.371269 0.523800
vt 0.382464 0.534202
vt 0.379741 0.534002
vt 0.376694 0.536600
vt 0.376747 0.515826
vt 0.373561 0.514309
vt 0.374228 0.515997
vt 0.372234 0.517737
vt 0.352321 0.527450
vt 0.352906 0.528017
vt 0.352115 0.527851
vt 0.353160 0.528203
vt 0.353297 0.528011
vt 0.353968 0.528429
vt 0.351977 0.528219
vt 0.353417 0.528363
vt 0.353856 0.528648
vt 0.353872 0.528507
vt 0.353181 0.528432
vt 0.394582 0.489565
vt 0.394485 0.489505
vt 0.394430 0.489289
vt 0.394586 0.489668
vt 0.394657 0.489729
vt 0.394520 0.489612
vt 0.394560 0.489585
vt 0.394560 0.489471
vt 0.394659 0.489581
vt 0.394600 0.489567
vt 0.394647 0.489651
vt 0.354502 0.528868
vt 0.354478 0.528758
vt 0.354632 0.528847
vt 0.354475 0.528724
vt 0.354301 0.528678
vt 0.354777 0.528870
vt 0.354666 0.528736
vt 0.354367 0.528542
vt 0.354565 0.528610
vt 0.354514 0.528684
vt 0.394778 0.489746
vt 0.394730 0.489770
vt 0.394707 0.489735
vt 0.394719 0.489784
vt 0.394775 0.489794
vt 0.394799 0.489838
vt 0.394972 0.489928
vt 0.394970 0.489954
vt 0.394883 0.489883
vt 0.394960 0.489961
vt 0.395054 0.490057
vt 0.395209 0.490242
vt 0.395265 0.490191
vt 0.395123 0.490127
vt 0.395090 0.490064
vt 0.395238 0.490227
vt 0.355106 0.529186
vt 0.355203 0.529436
vt 0.354977 0.529135
vt 0.355224 0.529222
vt 0.355214 0.529361
vt 0.355370 0.529451
vt 0.355725 0.529897
vt 0.354806 0.529094
vt 0.354954 0.529199
vt 0.354947 0.529254
vt 0.354896 0.529089
vt 0.355060 0.529292
vt 0.355142 0.529457
vt 0.355403 0.529360
vt 0.355597 0.529462
vt 0.355486 0.529471
vt 0.355684 0.529627
vt 0.395387 0.490365
vt 0.395526 0.490490
vt 0.395497 0.490396
vt 0.395881 0.490640
vt 0.356491 0.531136
vt 0.356555 0.530984
vt 0.357052 0.531734
vt 0.356556 0.530851
vt 0.356198 0.530480
vt 0.357821 0.532466
vt 0.356193 0.530063
vt 0.356489 0.530070
vt 0.356578 0.530616
vt 0.357102 0.531007
vt 0.396622 0.491322
vt 0.396992 0.491903
vt 0.396504 0.491566
vt 0.397175 0.492348
vt 0.397314 0.491941
vt 0.398019 0.492697
vt 0.396388 0.491900
vt 0.396031 0.491228
vt 0.395824 0.490970
vt 0.395784 0.491172
vt 0.395308 0.490653
vt 0.359071 0.533669
vt 0.358777 0.534177
vt 0.360606 0.534837
vt 0.359237 0.534363
vt 0.359548 0.535987
vt 0.360021 0.535431
vt 0.395326 0.490126
vt 0.395442 0.490258
vt 0.395297 0.490165
vt 0.395523 0.490339
vt 0.395529 0.490261
vt 0.396003 0.490469
vt 0.395625 0.490429
vt 0.395920 0.490575
vt 0.356177 0.531374
vt 0.356089 0.530666
vt 0.356373 0.531212
vt 0.356022 0.530429
vt 0.355916 0.530480
vt 0.355631 0.530002
vt 0.355769 0.530493
vt 0.355512 0.530116
vt 0.355761 0.530330
vt 0.355584 0.530062
vt 0.355387 0.529766
vt 0.355362 0.529855
vt 0.355179 0.529626
vt 0.355445 0.529882
vt 0.395018 0.489948
vt 0.394981 0.489872
vt 0.395062 0.489948
vt 0.394978 0.489894
vt 0.394933 0.489861
vt 0.394912 0.489806
vt 0.395072 0.490021
vt 0.395137 0.490060
vt 0.394881 0.489818
vt 0.394847 0.489776
vt 0.394863 0.489823
vt 0.354314 0.529099
vt 0.354531 0.529041
vt 0.354550 0.529135
vt 0.354428 0.528957
vt 0.354602 0.529033
vt 0.354698 0.529190
vt 0.354804 0.529194
vt 0.354812 0.529262
vt 0.354745 0.529120
vt 0.354861 0.529224
vt 0.354916 0.529345
vt 0.354679 0.528977
vt 0.354675 0.529038
vt 0.394784 0.489483
vt 0.394655 0.489465
vt 0.394665 0.489374
vt 0.394707 0.489542
vt 0.394596 0.489437
vt 0.394549 0.489232
vt 0.353503 0.528708
vt 0.353808 0.529009
vt 0.352786 0.529041
vt 0.353856 0.528864
vt 0.354116 0.528871
vt 0.401722 0.490950
vt 0.403374 0.489956
vt 0.401874 0.492481
vt 0.401273 0.489237
vt 0.402651 0.489922
vt 0.402981 0.488319
vt 0.358589 0.541271
vt 0.359070 0.540494
vt 0.356950 0.540650
vt 0.358240 0.542625
vt 0.354466 0.542213
vt 0.357135 0.539287
vt 0.356783 0.546577
vt 0.357871 0.548827
vt 0.399883 0.492361
vt 0.399820 0.492972
vt 0.398557 0.492067
vt 0.400440 0.493016
vt 0.402325 0.494114
vt 0.399532 0.491907
vt 0.398680 0.491117
vt 0.398809 0.491698
vt 0.399979 0.491690
vt 0.361275 0.536848
vt 0.361603 0.538147
vt 0.362612 0.537115
vt 0.359182 0.538850
vt 0.358782 0.539389
vt 0.357891 0.538296
vt 0.357739 0.536433
vt 0.358505 0.535578
vt 0.358575 0.534905
vt 0.358904 0.536553
vt 0.357829 0.534905
vt 0.357745 0.533754
vt 0.348451 0.546619
vt 0.352942 0.546314
vt 0.347715 0.543845
vt 0.343252 0.549482
vt 0.394362 0.487290
vt 0.394001 0.487491
vt 0.394362 0.488231
vt 0.394148 0.487701
vt 0.393946 0.488389
vt 0.394165 0.488292
vt 0.350987 0.527745
vt 0.350604 0.527437
vt 0.350163 0.528104
vt 0.354416 0.536284
vt 0.355917 0.537001
vt 0.355413 0.537681
vt 0.356606 0.537070
vt 0.355387 0.535981
vt 0.355988 0.534774
vt 0.356797 0.535519
vt 0.357086 0.537044
vt 0.398472 0.489457
vt 0.398034 0.489777
vt 0.398008 0.489506
vt 0.397765 0.490291
vt 0.398353 0.489948
vt 0.397750 0.489875
vt 0.397614 0.489560
vt 0.355008 0.535366
vt 0.355171 0.534793
vt 0.354465 0.535344
vt 0.354536 0.534554
vt 0.351743 0.535153
vt 0.353324 0.535317
vt 0.353569 0.536165
vt 0.353679 0.535242
vt 0.352817 0.534496
vt 0.353288 0.534051
vt 0.395536 0.486961
vt 0.395802 0.487623
vt 0.395071 0.487829
vt 0.395852 0.487883
vt 0.396606 0.487383
vt 0.397860 0.488183
vt 0.394774 0.488673
vt 0.394705 0.487477
vt 0.394719 0.487976
vt 0.394539 0.488456
vt 0.398815 0.484862
vt 0.397472 0.486214
vt 0.397374 0.484674
vt 0.396210 0.485665
vt 0.347624 0.534322
vt 0.344275 0.533933
vt 0.346612 0.531592
vt 0.341998 0.533900
vt 0.344532 0.537191
vt 0.399447 0.488839
vt 0.399500 0.487229
vt 0.398882 0.487864
vt 0.397789 0.487363
vt 0.400056 0.490656
vt 0.399854 0.489635
vt 0.400699 0.490484
vt 0.399317 0.489425
vt 0.354462 0.538020
vt 0.354383 0.537385
vt 0.347156 0.540138
vt 0.349820 0.538703
vt 0.396587 0.488302
vt 0.395809 0.488505
vt 0.395852 0.488136
vt 0.395297 0.488515
vt 0.352469 0.533369
vt 0.352603 0.532782
vt 0.351996 0.532559
vt 0.352409 0.531028
vt 0.397355 0.489443
vt 0.397570 0.489253
vt 0.397055 0.489367
vt 0.397387 0.489272
vt 0.397341 0.488945
vt 0.397204 0.489156
vt 0.397485 0.490041
vt 0.397407 0.489761
vt 0.397195 0.489922
vt 0.397534 0.489907
vt 0.354625 0.533938
vt 0.354914 0.534126
vt 0.354663 0.533572
vt 0.354282 0.534050
vt 0.354114 0.533462
vt 0.355213 0.533698
vt 0.397210 0.490204
vt 0.397178 0.490329
vt 0.396714 0.490276
vt 0.397343 0.490151
vt 0.397333 0.490236
vt 0.397460 0.490172
vt 0.356283 0.533139
vt 0.356072 0.532137
vt 0.356003 0.533631
vt 0.355860 0.532740
vt 0.356145 0.532907
vt 0.394995 0.489099
vt 0.395040 0.489221
vt 0.394961 0.489297
vt 0.395071 0.489290
vt 0.395138 0.489074
vt 0.395336 0.489110
vt 0.394953 0.489433
vt 0.353530 0.529752
vt 0.353942 0.529632
vt 0.353592 0.530132
vt 0.353583 0.529482
vt 0.353813 0.529571
vt 0.353959 0.529425
vt 0.354217 0.529414
vt 0.394875 0.489547
vt 0.394855 0.489588
vt 0.394920 0.489554
vt 0.394872 0.489473
vt 0.394909 0.489639
vt 0.394891 0.489369
vt 0.394859 0.489300
vt 0.353969 0.529232
vt 0.354098 0.529295
vt 0.354294 0.529263
vt 0.354444 0.529355
vt 0.354432 0.529271
vt 0.354510 0.529234
vt 0.354604 0.529336
vt 0.394906 0.489761
vt 0.394944 0.489797
vt 0.394906 0.489738
vt 0.394868 0.489750
vt 0.394830 0.489689
vt 0.394986 0.489793
vt 0.394904 0.489710
vt 0.394872 0.489671
vt 0.394941 0.489711
vt 0.354737 0.529329
vt 0.354737 0.529398
vt 0.354664 0.529267
vt 0.354789 0.529332
vt 0.354889 0.529483
vt 0.354831 0.529332
vt 0.354898 0.529405
vt 0.395013 0.489860
vt 0.395062 0.489899
vt 0.395039 0.489853
vt 0.395063 0.489881
vt 0.395036 0.489867
vt 0.395095 0.489899
vt 0.395195 0.489934
vt 0.395097 0.489919
vt 0.395134 0.489953
vt 0.355014 0.529533
vt 0.355002 0.529582
vt 0.355087 0.529625
vt 0.355054 0.529627
vt 0.355027 0.529576
vt 0.395433 0.490118
vt 0.395602 0.490089
vt 0.395551 0.490208
vt 0.395679 0.490232
vt 0.395185 0.490046
vt 0.395187 0.490008
vt 0.395259 0.490032
vt 0.355381 0.530142
vt 0.355336 0.529993
vt 0.355292 0.530188
vt 0.355499 0.530317
vt 0.355449 0.530635
vt 0.355152 0.529874
vt 0.355729 0.530931
vt 0.355720 0.530775
vt 0.355768 0.531227
vt 0.355876 0.531216
vt 0.355652 0.530972
vt 0.355947 0.531651
vt 0.355824 0.531656
vt 0.396857 0.489649
vt 0.397120 0.489644
vt 0.396678 0.489488
vt 0.396768 0.489799
vt 0.396235 0.489617
vt 0.395533 0.489614
vt 0.395696 0.489367
vt 0.395800 0.489586
vt 0.395785 0.489251
vt 0.395483 0.489343
vt 0.354036 0.530415
vt 0.354449 0.530153
vt 0.354551 0.530511
vt 0.354149 0.530148
vt 0.354075 0.529918
vt 0.354471 0.529800
vt 0.396201 0.489256
vt 0.395745 0.488977
vt 0.396229 0.488970
vt 0.395891 0.489155
vt 0.396901 0.489060
vt 0.396733 0.488893
vt 0.396684 0.489154
vt 0.396515 0.489306
vt 0.353681 0.532740
vt 0.353167 0.532844
vt 0.353313 0.531853
vt 0.353503 0.533170
vt 0.353706 0.533767
vt 0.353973 0.532406
vt 0.354567 0.531854
vt 0.353870 0.531796
vt 0.354334 0.532717
vt 0.397000 0.490088
vt 0.397182 0.490133
vt 0.397306 0.490088
vt 0.355265 0.532848
vt 0.355290 0.532294
vt 0.354943 0.532876
vt 0.355521 0.533306
vt 0.395575 0.489864
vt 0.395370 0.489813
vt 0.395423 0.489909
vt 0.395363 0.490008
vt 0.354911 0.530935
vt 0.354500 0.531019
vt 0.355024 0.530588
vt 0.355131 0.531200
vt 0.395206 0.489762
vt 0.395058 0.489715
vt 0.395157 0.489571
vt 0.395116 0.489781
vt 0.395086 0.489842
vt 0.395311 0.489718
vt 0.395344 0.489560
vt 0.394996 0.489682
vt 0.395001 0.489614
vt 0.354556 0.529507
vt 0.354743 0.529617
vt 0.354682 0.529499
vt 0.354439 0.529475
vt 0.354299 0.529585
vt 0.354099 0.529700
vt 0.395919 0.491913
vt 0.395791 0.491492
vt 0.395781 0.493167
vt 0.396289 0.492517
vt 0.395564 0.491832
vt 0.395351 0.491165
vt 0.395170 0.491522
vt 0.395033 0.491031
vt 0.394963 0.491749
vt 0.394600 0.490795
vt 0.361048 0.530720
vt 0.358836 0.531103
vt 0.358655 0.530470
vt 0.358861 0.531967
vt 0.359967 0.531699
vt 0.358058 0.530908
vt 0.357430 0.530126
vt 0.358460 0.529398
vt 0.358067 0.529780
vt 0.357173 0.529553
vt 0.356732 0.528774
vt 0.395164 0.490704
vt 0.395071 0.490526
vt 0.395068 0.490725
vt 0.395366 0.490909
vt 0.394890 0.490416
vt 0.356963 0.530165
vt 0.356614 0.529627
vt 0.356578 0.529803
vt 0.356249 0.529637
vt 0.356043 0.529305
vt 0.394845 0.489972
vt 0.394880 0.490055
vt 0.394841 0.490017
vt 0.394893 0.490096
vt 0.394919 0.490068
vt 0.394974 0.490174
vt 0.394846 0.490053
vt 0.394809 0.489995
vt 0.394789 0.489962
vt 0.394806 0.490017
vt 0.394756 0.489967
vt 0.394893 0.490128
vt 0.394870 0.490170
vt 0.394941 0.490191
vt 0.394857 0.490096
vt 0.394820 0.490055
vt 0.394797 0.490053
vt 0.394769 0.489900
vt 0.394826 0.489908
vt 0.394717 0.489855
vt 0.394772 0.489878
vt 0.394740 0.489840
vt 0.355454 0.529311
vt 0.355378 0.529288
vt 0.355374 0.529224
vt 0.355307 0.529215
vt 0.355308 0.529151
vt 0.355268 0.529156
vt 0.355216 0.529058
vt 0.355207 0.529118
vt 0.355591 0.529269
vt 0.355512 0.529312
vt 0.355454 0.529245
vt 0.355629 0.529401
vt 0.355093 0.529080
vt 0.355101 0.529012
vt 0.355009 0.528984
vt 0.355135 0.529069
vt 0.355375 0.529135
vt 0.355378 0.529177
vt 0.394687 0.489849
vt 0.394690 0.489803
vt 0.394662 0.489851
vt 0.394675 0.489815
vt 0.394653 0.489798
vt 0.394712 0.489807
vt 0.394584 0.489711
vt 0.394549 0.489769
vt 0.394607 0.489751
vt 0.394537 0.489687
vt 0.354886 0.528813
vt 0.354905 0.528864
vt 0.354856 0.528670
vt 0.354819 0.528777
vt 0.354946 0.528804
vt 0.355003 0.528882
vt 0.394454 0.489626
vt 0.394411 0.489525
vt 0.394397 0.489643
vt 0.394117 0.489341
vt 0.394446 0.489795
vt 0.394219 0.489877
vt 0.394355 0.489691
vt 0.394169 0.489615
vt 0.354245 0.528381
vt 0.354082 0.527851
vt 0.353964 0.528174
vt 0.354408 0.528405
vt 0.393819 0.489547
vt 0.393498 0.489263
vt 0.393655 0.489693
vt 0.392445 0.489624
vt 0.355066 0.528068
vt 0.354482 0.527317
vt 0.354759 0.527028
vt 0.354587 0.527962
vt 0.353989 0.526708
vt 0.354742 0.524857
vt 0.353567 0.527969
vt 0.353338 0.527583
vt 0.393911 0.490817
vt 0.394294 0.490270
vt 0.393079 0.490666
vt 0.393980 0.490383
vt 0.393740 0.490081
vt 0.358101 0.528267
vt 0.359639 0.527544
vt 0.358866 0.528932
vt 0.360304 0.529115
vt 0.357669 0.527465
vt 0.356531 0.526062
vt 0.356772 0.527537
vt 0.358116 0.526510
vt 0.394479 0.490152
vt 0.394663 0.490005
vt 0.394500 0.489971
vt 0.394605 0.490255
vt 0.355048 0.528635
vt 0.355050 0.528754
vt 0.355228 0.528586
vt 0.354906 0.528481
vt 0.355288 0.528885
vt 0.355560 0.528550
vt 0.355747 0.528784
vt 0.355780 0.528215
vt 0.394764 0.490035
vt 0.394768 0.490091
vt 0.394726 0.489975
vt 0.394629 0.489863
vt 0.394621 0.489819
vt 0.394593 0.489875
vt 0.394665 0.489900
vt 0.355342 0.529073
vt 0.355231 0.529001
vt 0.355444 0.529082
vt 0.355093 0.528888
vt 0.355101 0.528956
vt 0.355139 0.528949
vt 0.355064 0.528961
vt 0.354998 0.528927
vt 0.355027 0.528821
vt 0.392157 0.488954
vt 0.391544 0.489317
vt 0.391497 0.489957
vt 0.393431 0.487128
vt 0.393318 0.487669
vt 0.392976 0.487151
vt 0.393379 0.488188
vt 0.393672 0.487621
vt 0.393625 0.488704
vt 0.393391 0.488825
vt 0.393990 0.488934
vt 0.393096 0.492628
vt 0.393925 0.492453
vt 0.393501 0.493401
vt 0.394209 0.493590
vt 0.392211 0.490798
vt 0.391844 0.490898
vt 0.392736 0.490135
vt 0.392406 0.491387
vt 0.394847 0.492801
vt 0.394873 0.493540
vt 0.395253 0.494207
vt 0.361228 0.526775
vt 0.361593 0.527954
vt 0.359911 0.526128
vt 0.356815 0.524566
vt 0.357812 0.524937
vt 0.355620 0.525419
vt 0.357016 0.523948
vt 0.361581 0.529086
vt 0.362761 0.529649
vt 0.396431 0.495563
vt 0.396806 0.494489
vt 0.396776 0.496916
vt 0.395754 0.495242
vt 0.365269 0.531380
vt 0.364585 0.530325
vt 0.363536 0.532263
vt 0.362994 0.535141
vt 0.361672 0.533192
vt 0.361365 0.533835
vt 0.359804 0.533342
vt 0.933184 0.089843
vt 0.935479 0.101555
vt 0.937483 0.095547
vt 0.915737 0.246327
vt 0.920035 0.240623
vt 0.966079 0.110976
vt 0.887141 0.261756
vt 0.979717 0.080149
vt 0.970070 0.077883
vt 0.976813 0.054911
vt 0.873503 0.230928
vt 0.883149 0.228662
vt 0.876406 0.205690
vt 0.949915 0.081848
vt 0.955139 0.079362
vt 0.960731 0.075615
vt 0.892488 0.226394
vt 0.898080 0.230141
vt 0.903305 0.232628
vt 0.910248 0.231008
vt 0.944245 0.061296
vt 0.949177 0.057347
vt 0.904043 0.208127
vt 0.908975 0.212075
vt 0.955626 0.027692
vt 0.897594 0.178471
vt 0.932418 0.018839
vt 0.926392 0.164610
vt 0.920802 0.169618
vt 0.932864 0.160224
vt 0.932296 0.150779
vt 0.940034 0.165983
vt 0.938793 0.044579
vt 0.937676 0.050197
vt 0.914427 0.195358
vt 0.915544 0.200976
vt 0.950889 0.203113
vt 0.947246 0.206664
vt 0.886181 0.025799
vt 0.880795 0.015407
vt 0.892577 0.018645
vt 0.893062 0.007525
vt 0.870393 0.025668
vt 0.878543 0.030265
vt 0.946984 0.173228
vt 0.975326 0.198366
vt 0.864279 0.065771
vt 0.853330 0.065827
vt 0.864022 0.056692
vt 0.856321 0.051464
vt 0.853220 0.080710
vt 0.861917 0.075045
vt 0.979991 0.235089
vt 0.971850 0.231258
vt 0.964349 0.229456
vt 0.961706 0.223432
vt 0.959128 0.234205
vt 0.957814 0.219020
vt 0.952064 0.219748
vt 0.899756 0.098703
vt 0.953852 0.237032
vt 0.948901 0.234658
vt 0.869958 0.103334
vt 0.861374 0.109424
vt 0.896683 0.130191
vt 0.891228 0.141475
vt 0.888056 0.126969
vt 0.879357 0.132858
vt 0.967011 0.260706
vt 0.904584 0.147468
vt 0.903924 0.136304
vt 0.932614 0.139993
vt 0.935217 0.150696
vt 0.936392 0.279313
vt 0.910131 0.277803
vt 0.925792 0.106760
vt 0.918886 0.108289
vt 0.933248 0.107935
vt 0.940658 0.248283
vt 0.914315 0.086998
vt 0.917360 0.086306
vt 0.945792 0.233253
vt 0.906868 0.075452
vt 0.910008 0.074284
vt 0.946919 0.216240
vt 0.948771 0.219876
vt 0.941628 0.205360
vt 0.939422 0.203071
vt 0.944107 0.207564
vt 0.944130 0.209871
vt 0.944453 0.212902
vt 0.925101 0.049426
vt 0.928119 0.200206
vt 0.937382 0.053954
vt 0.939549 0.057326
vt 0.915838 0.204733
vt 0.913670 0.208106
vt 0.941063 0.061534
vt 0.912157 0.212313
vt 0.926329 0.087395
vt 0.931242 0.087151
vt 0.921977 0.237931
vt 0.918410 0.235550
vt 0.933248 0.075316
vt 0.928045 0.076651
vt 0.915284 0.232115
vt 0.917085 0.229551
vt 0.925175 0.227430
vt 0.919972 0.226096
vt 0.923294 0.209607
vt 0.921893 0.057819
vt 0.914683 0.072229
vt 0.918622 0.074756
vt 0.934598 0.225536
vt 0.938537 0.223008
vt 0.921254 0.086031
vt 0.921164 0.082939
vt 0.922484 0.078301
vt 0.930736 0.229080
vt 0.444467 0.534374
vt 0.444735 0.534140
vt 0.444207 0.534268
vt 0.445122 0.531754
vt 0.444702 0.532061
vt 0.445017 0.532123
vt 0.444459 0.532150
vt 0.444143 0.536863
vt 0.444386 0.536869
vt 0.443950 0.537003
vt 0.444149 0.536542
vt 0.444135 0.536085
vt 0.443927 0.535853
vt 0.445068 0.536438
vt 0.444747 0.536806
vt 0.447500 0.525575
vt 0.447316 0.527210
vt 0.447934 0.540531
vt 0.446837 0.541684
vt 0.448347 0.542437
vt 0.450745 0.545899
vt 0.445562 0.540570
vt 0.445409 0.542234
vt 0.427156 0.477493
vt 0.433524 0.478393
vt 0.427341 0.474270
vt 0.428805 0.476343
vt 0.439848 0.481669
vt 0.363089 0.655397
vt 0.392691 0.658684
vt 0.358923 0.644764
vt 0.346947 0.661464
vt 0.427861 0.647929
vt 0.426839 0.472545
vt 0.418177 0.466301
vt 0.335593 0.668745
vt 0.365544 0.686206
vt 0.313570 0.653823
vt 0.302508 0.618892
vt 0.299124 0.634001
vt 0.251585 0.581198
vt 0.240056 0.571320
vt 0.232763 0.556798
vt 0.231847 0.563217
vt 0.413423 0.458365
vt 0.186444 0.480502
vt 0.192248 0.515857
vt 0.168433 0.418736
vt 0.167743 0.401407
vt 0.159381 0.440193
vt 0.407123 0.434105
vt 0.406394 0.437103
vt 0.412007 0.437059
vt 0.195190 0.396493
vt 0.229533 0.360085
vt 0.185790 0.415252
vt 0.191371 0.432527
vt 0.405889 0.424160
vt 0.406969 0.423633
vt 0.407765 0.422654
vt 0.413416 0.417619
vt 0.411689 0.421578
vt 0.416533 0.416394
vt 0.411295 0.424318
vt 0.250218 0.348313
vt 0.281632 0.356096
vt 0.291776 0.350933
vt 0.281502 0.360929
vt 0.260265 0.373313
vt 0.256991 0.369560
vt 0.406392 0.400859
vt 0.326485 0.304581
vt 0.317327 0.313250
vt 0.305463 0.326242
vt 0.322572 0.350832
vt 0.310935 0.346493
vt 0.425720 0.389317
vt 0.428238 0.394334
vt 0.428650 0.325342
vt 0.454226 0.330478
vt 0.388943 0.346436
vt 0.384097 0.358111
vt 0.420620 0.414828
vt 0.425476 0.408701
vt 0.246025 0.265813
vt 0.418751 0.431328
vt 0.418140 0.436651
vt 0.419687 0.428292
vt 0.191204 0.363812
vt 0.420606 0.449563
vt 0.421749 0.445292
vt 0.083749 0.508758
vt 0.424326 0.463550
vt 0.423285 0.461318
vt 0.424666 0.460570
vt 0.422597 0.460106
vt 0.223944 0.628988
vt 0.208222 0.595076
vt 0.197531 0.573231
vt 0.446106 0.471902
vt 0.427911 0.696534
vt 0.349598 0.739290
vt 0.376999 0.771192
vt 0.468878 0.469117
vt 0.461217 0.463775
vt 0.480452 0.468163
vt 0.539813 0.606449
vt 0.558926 0.619372
vt 0.615929 0.682733
vt 0.597635 0.556483
vt 0.591811 0.616896
vt 0.490377 0.462578
vt 0.598419 0.511456
vt 0.430118 0.400713
vt 0.437592 0.399803
vt 0.447306 0.408792
vt 0.447798 0.401123
vt 0.460752 0.397946
vt 0.480774 0.370366
vt 0.494135 0.383868
vt 0.495353 0.362617
vt 0.479022 0.402793
vt 0.488893 0.398668
vt 0.518692 0.352460
vt 0.490314 0.347760
vt 0.551078 0.338798
vt 0.551153 0.314406
vt 0.501742 0.403199
vt 0.544044 0.373781
vt 0.445124 0.533427
vt 0.445204 0.533697
vt 0.445134 0.533970
vt 0.445251 0.531458
vt 0.445348 0.535988
vt 0.446913 0.536201
vt 0.447263 0.536646
vt 0.446734 0.535842
vt 0.447049 0.535512
vt 0.452024 0.525777
vt 0.449187 0.527351
vt 0.455218 0.522716
vt 0.450087 0.540114
vt 0.453642 0.541443
vt 0.447384 0.528194
vt 0.447912 0.539394
vt 0.466385 0.535147
vt 0.465660 0.537086
vt 0.456040 0.531846
vt 0.451262 0.535475
vt 0.450604 0.535729
vt 0.448924 0.535170
vt 0.448866 0.535485
vt 0.450890 0.534841
vt 0.449278 0.534539
vt 0.471082 0.516864
vt 0.477710 0.539257
vt 0.479603 0.542863
vt 0.480067 0.541876
vt 0.477469 0.511303
vt 0.491888 0.538579
vt 0.494872 0.541941
vt 0.491762 0.540926
vt 0.499083 0.541574
vt 0.501469 0.537459
vt 0.504333 0.531332
vt 0.502102 0.533913
vt 0.505685 0.527889
vt 0.491018 0.511807
vt 0.488732 0.512225
vt 0.492704 0.519957
vt 0.491473 0.518643
vt 0.496421 0.515075
vt 0.498329 0.521045
vt 0.493356 0.521663
vt 0.492360 0.524276
vt 0.474582 0.518605
vt 0.476001 0.518523
vt 0.471410 0.525340
vt 0.477223 0.536842
vt 0.475893 0.529877
vt 0.485139 0.512476
vt 0.486556 0.511444
vt 0.491134 0.536968
vt 0.488333 0.536400
vt 0.492803 0.535370
vt 0.483387 0.513581
vt 0.493925 0.532615
vt 0.492476 0.530248
vt 0.489336 0.528155
vt 0.491573 0.527661
vt 0.477426 0.517769
vt 0.485196 0.535356
vt 0.486027 0.527968
vt 0.509111 0.490384
vt 0.527179 0.502531
vt 0.476752 0.497634
vt 0.483289 0.552651
vt 0.490939 0.557554
vt 0.477491 0.543621
vt 0.472029 0.541073
vt 0.478595 0.546567
vt 0.478234 0.549436
vt 0.458180 0.519422
vt 0.466579 0.538990
vt 0.452547 0.511950
vt 0.462068 0.557085
vt 0.458489 0.560468
vt 0.455950 0.554621
vt 0.455583 0.561873
vt 0.464522 0.564575
vt 0.457561 0.549959
vt 0.454601 0.549812
vt 0.461769 0.551422
vt 0.467513 0.557080
vt 0.469694 0.563697
vt 0.455135 0.498003
vt 0.459311 0.496370
vt 0.451956 0.498548
vt 0.483365 0.585177
vt 0.447285 0.535257
vt 0.447040 0.535273
vt 0.446197 0.533247
vt 0.446082 0.533049
vt 0.446120 0.534303
vt 0.446224 0.534096
vt 0.446347 0.533283
vt 0.446451 0.533109
vt 0.446490 0.534218
vt 0.446455 0.533933
vt 0.446372 0.534050
vt 0.446593 0.533836
vt 0.446528 0.532896
vt 0.446583 0.534429
vt 0.447930 0.531939
vt 0.447629 0.532052
vt 0.447900 0.532140
vt 0.447306 0.532168
vt 0.448054 0.535079
vt 0.447783 0.535198
vt 0.448107 0.535284
vt 0.447438 0.535109
vt 0.448225 0.533200
vt 0.447887 0.532319
vt 0.447838 0.534379
vt 0.447857 0.534656
vt 0.448612 0.534531
vt 0.448329 0.534819
vt 0.448020 0.534896
vt 0.447254 0.533299
vt 0.447291 0.533629
vt 0.447284 0.533963
vt 0.468952 0.430812
vt 0.469420 0.426860
vt 0.444829 0.413847
vt 0.564221 0.159708
vt 0.554354 0.102332
vt 0.470916 0.447148
vt 0.469621 0.445566
vt 0.456187 0.461957
vt 0.606018 0.730713
vt 0.437992 0.464702
vt 0.398778 0.786939
vt 0.425946 0.460421
vt 0.192139 0.730819
vt 0.051646 0.488395
vt 0.065530 0.541776
vt 0.094786 0.587379
vt 0.423000 0.442901
vt 0.428482 0.428435
vt 0.154164 0.183341
vt 0.157854 0.102271
vt 0.223827 0.092379
vt 0.428903 0.434258
vt 0.427662 0.436393
vt 0.036872 0.280349
vt 0.047123 0.227489
vt 0.424957 0.445510
vt 0.424821 0.447472
vt 0.424823 0.448657
vt 0.424311 0.450944
vt 0.425805 0.446821
vt 0.425263 0.450035
vt 0.424366 0.452258
vt 0.424404 0.453176
vt 0.425026 0.452229
vt 0.425248 0.453703
vt 0.425862 0.454947
vt 0.424935 0.454193
vt 0.036521 0.648217
vt 0.031985 0.696466
vt 0.432231 0.459699
vt 0.277354 0.847754
vt 0.448754 0.459403
vt 0.448329 0.458439
vt 0.449272 0.836650
vt 0.459283 0.845649
vt 0.423889 0.859106
vt 0.467466 0.847950
vt 0.673669 0.759134
vt 0.718291 0.733696
vt 0.729234 0.753455
vt 0.740359 0.705757
vt 0.783899 0.675703
vt 0.770572 0.644695
vt 0.468654 0.444528
vt 0.792623 0.554175
vt 0.787522 0.508110
vt 0.792434 0.593653
vt 0.824188 0.589556
vt 0.457158 0.424651
vt 0.458389 0.427908
vt 0.460560 0.427163
vt 0.464428 0.429483
vt 0.451788 0.422293
vt 0.701812 0.160438
vt 0.707893 0.111224
vt 0.737056 0.233587
vt 0.631747 0.120840
vt 0.547376 0.078111
vt 0.467585 0.432260
vt 0.755652 0.301723
vt 0.380024 0.394059
vt 0.378266 0.406090
vt 0.375305 0.400069
vt 0.380963 0.400664
vt 0.372434 0.396747
vt 0.376203 0.391459
vt 0.339494 0.375582
vt 0.330399 0.383146
vt 0.338681 0.366639
vt 0.377313 0.370539
vt 0.398041 0.418266
vt 0.326787 0.359071
vt 0.307549 0.381887
vt 0.317132 0.386025
vt 0.399653 0.427651
vt 0.398176 0.426639
vt 0.257569 0.386733
vt 0.268000 0.376001
vt 0.262576 0.377699
vt 0.273435 0.375230
vt 0.277684 0.370194
vt 0.282438 0.365699
vt 0.405324 0.439666
vt 0.399395 0.437520
vt 0.253611 0.411260
vt 0.251424 0.401638
vt 0.258786 0.419109
vt 0.257507 0.437099
vt 0.410202 0.455227
vt 0.404691 0.458904
vt 0.402732 0.459408
vt 0.230809 0.489908
vt 0.251229 0.468348
vt 0.242927 0.489446
vt 0.221017 0.482644
vt 0.241499 0.549626
vt 0.233637 0.550777
vt 0.250183 0.546068
vt 0.257713 0.549940
vt 0.411586 0.466646
vt 0.411763 0.468911
vt 0.411694 0.471086
vt 0.266678 0.554253
vt 0.417526 0.473791
vt 0.425614 0.479142
vt 0.312000 0.608852
vt 0.359210 0.631973
vt 0.426703 0.523898
vt 0.426866 0.526004
vt 0.423012 0.521559
vt 0.433662 0.531200
vt 0.426183 0.527891
vt 0.428230 0.534644
vt 0.436619 0.537198
vt 0.434396 0.537278
vt 0.429354 0.544838
vt 0.426572 0.544944
vt 0.436911 0.533941
vt 0.442929 0.531593
vt 0.442834 0.532208
vt 0.440353 0.531829
vt 0.441741 0.534965
vt 0.443827 0.533324
vt 0.443767 0.533714
vt 0.443075 0.531139
vt 0.443085 0.530606
vt 0.443831 0.534106
vt 0.443061 0.536366
vt 0.443069 0.536932
vt 0.443678 0.531912
vt 0.443692 0.535554
vt 0.443781 0.529704
vt 0.443144 0.530254
vt 0.443717 0.530498
vt 0.443130 0.537311
vt 0.443821 0.537907
vt 0.443746 0.537047
vt 0.439102 0.529739
vt 0.438732 0.537649
vt 0.440048 0.537244
vt 0.441171 0.537043
vt 0.434882 0.525940
vt 0.431706 0.544910
vt 0.442336 0.522736
vt 0.444873 0.524278
vt 0.445592 0.520285
vt 0.442045 0.546212
vt 0.441286 0.554417
vt 0.445224 0.544240
vt 0.445644 0.515398
vt 0.441935 0.562288
vt 0.452810 0.565425
vt 0.447110 0.502429
vt 0.454210 0.585295
vt 0.448638 0.592173
vt 0.441514 0.581990
vt 0.437581 0.586070
vt 0.437816 0.494463
vt 0.436708 0.490430
vt 0.439492 0.606027
vt 0.388205 0.512768
vt 0.383956 0.508935
vt 0.378996 0.516939
vt 0.379834 0.519832
vt 0.381963 0.517408
vt 0.380063 0.517989
vt 0.378579 0.515467
vt 0.379738 0.509836
vt 0.383800 0.513509
vt 0.383773 0.517505
vt 0.392440 0.511005
vt 0.392713 0.509253
vt 0.391978 0.507359
vt 0.396802 0.518145
vt 0.400989 0.520443
vt 0.379236 0.523187
vt 0.380715 0.521804
vt 0.390852 0.518498
vt 0.389673 0.524007
vt 0.390480 0.527042
vt 0.401248 0.512881
vt 0.404609 0.515220
vt 0.409456 0.518239
vt 0.409663 0.521184
vt 0.413445 0.518012
vt 0.417255 0.518124
vt 0.407051 0.522498
vt 0.405730 0.537954
vt 0.405179 0.532045
vt 0.394660 0.536606
vt 0.402502 0.534157
vt 0.395976 0.531913
vt 0.391280 0.529960
vt 0.388313 0.531761
vt 0.409513 0.540777
vt 0.403236 0.542353
vt 0.404352 0.528789
vt 0.429813 0.517489
vt 0.431865 0.516230
vt 0.433970 0.514350
vt 0.410307 0.480668
vt 0.414865 0.485078
vt 0.406001 0.477765
vt 0.335910 0.562618
vt 0.334801 0.570626
vt 0.336360 0.555658
vt 0.353931 0.580685
vt 0.380071 0.505969
vt 0.376424 0.501744
vt 0.375548 0.500406
vt 0.372577 0.507360
vt 0.373766 0.508597
vt 0.370704 0.507672
vt 0.372843 0.512696
vt 0.374480 0.511223
vt 0.367100 0.507403
vt 0.368301 0.508455
vt 0.375701 0.505262
vt 0.375195 0.509827
vt 0.375321 0.467354
vt 0.372752 0.467988
vt 0.369740 0.469009
vt 0.359853 0.462919
vt 0.342165 0.469464
vt 0.354449 0.472316
vt 0.354777 0.476973
vt 0.371604 0.482122
vt 0.369104 0.482840
vt 0.373167 0.482633
vt 0.375067 0.482909
vt 0.377708 0.481677
vt 0.364790 0.479638
vt 0.366289 0.482128
vt 0.363971 0.477068
vt 0.353836 0.491867
vt 0.356232 0.489773
vt 0.350972 0.491315
vt 0.353422 0.487350
vt 0.348337 0.490087
vt 0.348830 0.487051
vt 0.345266 0.491185
vt 0.356134 0.497268
vt 0.349395 0.483642
vt 0.352258 0.482363
vt 0.356214 0.483658
vt 0.354710 0.481067
vt 0.357384 0.486673
vt 0.373782 0.492522
vt 0.373140 0.494206
vt 0.375221 0.491819
vt 0.377088 0.490900
vt 0.375236 0.498889
vt 0.372029 0.495141
vt 0.368760 0.490145
vt 0.363972 0.499582
vt 0.366002 0.499469
vt 0.366733 0.505819
vt 0.363597 0.493433
vt 0.367323 0.498618
vt 0.391024 0.466253
vt 0.314638 0.494489
vt 0.309429 0.502115
vt 0.390197 0.474882
vt 0.388300 0.473699
vt 0.327535 0.507697
vt 0.337369 0.504827
vt 0.338101 0.509259
vt 0.387650 0.479966
vt 0.387354 0.481364
vt 0.388976 0.479539
vt 0.387335 0.482609
vt 0.388570 0.483497
vt 0.386302 0.482902
vt 0.385074 0.483481
vt 0.339462 0.512293
vt 0.337724 0.514349
vt 0.350176 0.512077
vt 0.388299 0.490880
vt 0.387095 0.491375
vt 0.383501 0.489800
vt 0.383598 0.488297
vt 0.383345 0.487078
vt 0.356940 0.516174
vt 0.357494 0.518145
vt 0.356064 0.518426
vt 0.358489 0.516380
vt 0.358714 0.513965
vt 0.356975 0.513931
vt 0.355221 0.515586
vt 0.385844 0.491918
vt 0.361377 0.514141
vt 0.359558 0.514632
vt 0.380222 0.480994
vt 0.376543 0.475771
vt 0.346445 0.501479
vt 0.342727 0.492359
vt 0.380585 0.470861
vt 0.332248 0.492267
vt 0.327538 0.491109
vt 0.384482 0.455695
vt 0.389707 0.454418
vt 0.319912 0.489925
vt 0.307562 0.471756
vt 0.311614 0.465617
vt 0.393212 0.453664
vt 0.401942 0.461002
vt 0.279279 0.500033
vt 0.258562 0.453078
vt 0.267226 0.451309
vt 0.372316 0.451654
vt 0.365066 0.427200
vt 0.368597 0.411722
vt 0.309717 0.457603
vt 0.295970 0.451140
vt 0.327181 0.432887
vt 0.321096 0.417590
vt 0.347531 0.443878
vt 0.395572 0.425725
vt 0.393809 0.427887
vt 0.390912 0.432681
vt 0.393382 0.431400
vt 0.323226 0.389031
vt 0.389228 0.434056
vt 0.380844 0.423817
vt 0.378801 0.416633
vt 0.294041 0.418721
vt 0.285512 0.430472
vt 0.321506 0.406420
vt 0.279167 0.450236
vt 0.283398 0.454648
vt 0.276882 0.444547
vt 0.376806 0.409772
vt 0.374300 0.406815
vt 0.371866 0.403213
vt 0.353408 0.393077
vt 0.400990 0.470545
vt 0.397783 0.474628
vt 0.399718 0.473373
vt 0.401627 0.468364
vt 0.406128 0.467647
vt 0.305584 0.565623
vt 0.302451 0.560217
vt 0.308729 0.549607
vt 0.301271 0.555032
vt 0.284440 0.536984
vt 0.317075 0.542764
vt 0.396186 0.475662
vt 0.395683 0.474192
vt 0.394660 0.473540
vt 0.393146 0.474956
vt 0.319925 0.520799
vt 0.320347 0.524021
vt 0.323483 0.526634
vt 0.393194 0.482555
vt 0.391681 0.483689
vt 0.391090 0.477238
vt 0.390460 0.478908
vt 0.391634 0.475787
vt 0.341056 0.524385
vt 0.340148 0.528796
vt 0.339071 0.533204
vt 0.335413 0.516722
vt 0.388354 0.487289
vt 0.390239 0.484246
vt 0.349890 0.520680
vt 0.351624 0.523997
vt 0.348806 0.522093
vt 0.349244 0.524818
vt 0.351597 0.520718
vt 0.353440 0.522429
vt 0.354686 0.517580
vt 0.395469 0.543785
vt 0.388304 0.539341
vt 0.396347 0.548616
vt 0.405452 0.554685
vt 0.395960 0.552619
vt 0.408028 0.494483
vt 0.405278 0.492125
vt 0.407666 0.495839
vt 0.405938 0.495967
vt 0.407561 0.497615
vt 0.407493 0.499061
vt 0.424478 0.492314
vt 0.389562 0.589621
vt 0.435950 0.497331
vt 0.438468 0.497369
vt 0.433898 0.498766
vt 0.434920 0.501834
vt 0.436229 0.504391
vt 0.428298 0.574970
vt 0.424236 0.579700
vt 0.419825 0.586041
vt 0.423868 0.591059
vt 0.430301 0.592110
vt 0.425961 0.506260
vt 0.412393 0.554889
vt 0.392336 0.497260
vt 0.390658 0.497550
vt 0.388548 0.494287
vt 0.393371 0.497159
vt 0.394572 0.496137
vt 0.367478 0.522053
vt 0.369051 0.519776
vt 0.367240 0.524578
vt 0.363558 0.516462
vt 0.362682 0.518965
vt 0.368731 0.525399
vt 0.367237 0.526168
vt 0.365832 0.528209
vt 0.383422 0.497384
vt 0.370985 0.519171
vt 0.363440 0.514459
vt 0.396736 0.499119
vt 0.397436 0.498277
vt 0.396341 0.501414
vt 0.395843 0.499836
vt 0.373280 0.536884
vt 0.372001 0.538499
vt 0.370245 0.539386
vt 0.366866 0.537713
vt 0.370123 0.525274
vt 0.398272 0.504380
vt 0.396619 0.503550
vt 0.391281 0.501117
vt 0.400313 0.503988
vt 0.377299 0.524317
vt 0.385654 0.534695
vt 0.386457 0.502878
vt 0.394232 0.488715
vt 0.394220 0.488923
vt 0.394325 0.488854
vt 0.394405 0.488994
vt 0.394474 0.489239
vt 0.394446 0.488869
vt 0.394533 0.489392
vt 0.354237 0.528745
vt 0.354154 0.528625
vt 0.394688 0.489693
vt 0.394716 0.489677
vt 0.354852 0.529005
vt 0.354878 0.528986
vt 0.354788 0.528963
vt 0.354710 0.528925
vt 0.394968 0.490051
vt 0.394920 0.489967
vt 0.394834 0.489826
vt 0.394979 0.490113
vt 0.395063 0.490220
vt 0.355190 0.529454
vt 0.355381 0.529610
vt 0.355512 0.529738
vt 0.355698 0.529952
vt 0.355396 0.529678
vt 0.395801 0.490676
vt 0.395730 0.490679
vt 0.396212 0.490926
vt 0.395301 0.490493
vt 0.395604 0.490694
vt 0.355961 0.530225
vt 0.396631 0.491102
vt 0.397093 0.491351
vt 0.396521 0.490948
vt 0.397301 0.491236
vt 0.397568 0.491761
vt 0.397690 0.491993
vt 0.398297 0.492348
vt 0.397544 0.491598
vt 0.397941 0.491619
vt 0.358467 0.534156
vt 0.357938 0.533343
vt 0.357418 0.532503
vt 0.357118 0.532312
vt 0.358953 0.533074
vt 0.358262 0.532216
vt 0.357594 0.531370
vt 0.357470 0.530920
vt 0.396344 0.490788
vt 0.396697 0.490845
vt 0.356941 0.532653
vt 0.356804 0.531993
vt 0.395200 0.490091
vt 0.355036 0.529474
vt 0.355178 0.529544
vt 0.355018 0.529384
vt 0.355079 0.529468
vt 0.355314 0.529645
vt 0.354938 0.529287
vt 0.394752 0.489598
vt 0.394747 0.489636
vt 0.394802 0.489609
vt 0.394832 0.489745
vt 0.394792 0.489714
vt 0.394749 0.489675
vt 0.394742 0.489212
vt 0.394587 0.489046
vt 0.394664 0.489235
vt 0.354286 0.528856
vt 0.394512 0.488810
vt 0.353063 0.528553
vt 0.352390 0.528574
vt 0.404459 0.490204
vt 0.401111 0.491219
vt 0.400774 0.491509
vt 0.356421 0.544997
vt 0.399128 0.492902
vt 0.399377 0.493586
vt 0.398286 0.491548
vt 0.397906 0.491230
vt 0.399619 0.491084
vt 0.400217 0.491452
vt 0.360466 0.538462
vt 0.361922 0.539294
vt 0.359489 0.537909
vt 0.402872 0.486413
vt 0.401686 0.486219
vt 0.394742 0.487022
vt 0.395199 0.486532
vt 0.393826 0.487287
vt 0.393606 0.486757
vt 0.350481 0.528795
vt 0.349360 0.530380
vt 0.349583 0.528809
vt 0.348544 0.529647
vt 0.350905 0.526828
vt 0.350241 0.527064
vt 0.350011 0.526282
vt 0.349268 0.526543
vt 0.397195 0.490747
vt 0.398172 0.490673
vt 0.396931 0.490487
vt 0.397345 0.490599
vt 0.397236 0.490936
vt 0.356538 0.533921
vt 0.356802 0.533616
vt 0.357170 0.533670
vt 0.398879 0.490173
vt 0.398942 0.490513
vt 0.399192 0.489897
vt 0.398954 0.490754
vt 0.397939 0.489119
vt 0.397851 0.489276
vt 0.353988 0.535050
vt 0.353920 0.534491
vt 0.396340 0.486570
vt 0.396960 0.487112
vt 0.397969 0.488941
vt 0.397556 0.488706
vt 0.398392 0.489043
vt 0.350054 0.535021
vt 0.350131 0.532579
vt 0.349559 0.533296
vt 0.348479 0.531976
vt 0.350662 0.530972
vt 0.351176 0.531088
vt 0.351132 0.529549
vt 0.351450 0.528878
vt 0.395798 0.486255
vt 0.347894 0.530823
vt 0.399010 0.489406
vt 0.400097 0.486034
vt 0.353269 0.538384
vt 0.351155 0.537305
vt 0.355001 0.539089
vt 0.396995 0.488539
vt 0.396700 0.488609
vt 0.352452 0.530032
vt 0.351680 0.531099
vt 0.353946 0.534123
vt 0.397305 0.489618
vt 0.355472 0.534254
vt 0.355213 0.534364
vt 0.397428 0.490108
vt 0.355673 0.533968
vt 0.355596 0.534136
vt 0.355547 0.533901
vt 0.355725 0.534193
vt 0.396404 0.490398
vt 0.396807 0.490420
vt 0.355764 0.533703
vt 0.355837 0.533939
vt 0.395100 0.488761
vt 0.395235 0.488810
vt 0.394895 0.488961
vt 0.395480 0.488835
vt 0.395276 0.488895
vt 0.353022 0.529927
vt 0.352934 0.529666
vt 0.353325 0.529285
vt 0.353184 0.530010
vt 0.353062 0.530399
vt 0.394823 0.489179
vt 0.353742 0.529159
vt 0.394843 0.489626
vt 0.354580 0.529212
vt 0.394981 0.489842
vt 0.395068 0.489868
vt 0.354982 0.529474
vt 0.354981 0.529670
vt 0.355030 0.529636
vt 0.355087 0.529686
vt 0.355124 0.529691
vt 0.355189 0.529760
vt 0.395762 0.490235
vt 0.395915 0.490310
vt 0.395783 0.490194
vt 0.395919 0.490253
vt 0.395339 0.490056
vt 0.355670 0.530536
vt 0.355291 0.529859
vt 0.396146 0.490341
vt 0.396147 0.490276
vt 0.354657 0.533057
vt 0.395221 0.489362
vt 0.395342 0.489402
vt 0.354079 0.530823
vt 0.353857 0.530994
vt 0.353673 0.531197
vt 0.353329 0.530914
vt 0.395706 0.488829
vt 0.396035 0.488742
vt 0.352870 0.531473
vt 0.353044 0.530835
vt 0.396477 0.488731
vt 0.352844 0.532340
vt 0.396759 0.489965
vt 0.396472 0.489987
vt 0.355622 0.533656
vt 0.395898 0.489917
vt 0.396047 0.490147
vt 0.396124 0.490024
vt 0.395971 0.490204
vt 0.355574 0.531474
vt 0.355343 0.531625
vt 0.355679 0.531326
vt 0.395757 0.489803
vt 0.354926 0.530202
vt 0.355107 0.530301
vt 0.354747 0.530092
vt 0.354831 0.529894
vt 0.354866 0.529726
vt 0.394984 0.489552
vt 0.395043 0.489478
vt 0.395106 0.489373
vt 0.395636 0.491157
vt 0.357433 0.530649
vt 0.395023 0.490298
vt 0.395026 0.490355
vt 0.395103 0.490345
vt 0.394881 0.490267
vt 0.394990 0.490379
vt 0.394965 0.490737
vt 0.394809 0.490522
vt 0.395151 0.490348
vt 0.356634 0.529438
vt 0.356237 0.529155
vt 0.355977 0.529491
vt 0.355770 0.529289
vt 0.355933 0.529556
vt 0.355915 0.529700
vt 0.355828 0.529551
vt 0.355922 0.529788
vt 0.394762 0.489923
vt 0.394732 0.489904
vt 0.355050 0.529085
vt 0.354982 0.529025
vt 0.394626 0.489787
vt 0.354915 0.528931
vt 0.354936 0.528904
vt 0.354921 0.528973
vt 0.354746 0.528733
vt 0.354704 0.528645
vt 0.394401 0.489436
vt 0.394294 0.489283
vt 0.354594 0.528489
vt 0.354627 0.528385
vt 0.354717 0.528310
vt 0.393061 0.488979
vt 0.394192 0.489066
vt 0.393426 0.489891
vt 0.353516 0.525883
vt 0.353593 0.524254
vt 0.353192 0.526468
vt 0.355134 0.526630
vt 0.355458 0.527205
vt 0.394324 0.491564
vt 0.394710 0.491986
vt 0.393868 0.491323
vt 0.393321 0.491577
vt 0.355992 0.527650
vt 0.394529 0.489874
vt 0.394746 0.490203
vt 0.394725 0.490303
vt 0.394791 0.490171
vt 0.355836 0.529003
vt 0.355651 0.529040
vt 0.355593 0.529125
vt 0.394702 0.489904
vt 0.394698 0.489925
vt 0.394705 0.489884
vt 0.393163 0.486739
vt 0.351055 0.526167
vt 0.350143 0.525427
vt 0.352018 0.526361
vt 0.354328 0.523232
vt 0.355444 0.523245
vt 0.349327 0.525695
vt 0.352946 0.526885
vt 0.392869 0.491873
vt 0.391519 0.490771
vt 0.358629 0.525739
vt 0.356835 0.523380
vt 0.399265 0.494476
vt 0.398365 0.493958
vt 0.395326 0.495102
vt 0.397194 0.493384
vt 0.397529 0.493171
vt 0.396814 0.493388
vt 0.364275 0.529632
vt 0.361611 0.532504
vt 0.364202 0.536600
vt 0.961045 0.206574
vt 0.444926 0.530155
vt 0.445056 0.537389
vt 0.416582 0.343210
vt 0.462774 0.502494
vt 0.482982 0.569189
vt 0.372579 0.497836
vt 0.369909 0.499925
vt 0.892175 0.055794
vt 0.422049 0.360968
s 0
usemtl Material.001
f 663/1/1 1895/2/1 31/3/1
f 1/4/2 2577/5/2 663/1/2
f 32/6/3 2577/5/3 664/7/3
f 424/8/4 2578/9/4 665/10/4
f 1077/11/5 1902/12/5 440/13/5
f 33/14/6 2578/9/6 1077/11/6
f 1897/15/7 1078/16/7 32/6/7
f 34/17/8 2579/18/8 1897/15/8
f 35/19/9 2579/18/9 668/20/9
f 1901/21/10 1079/22/10 1/4/10
f 40/23/11 2580/24/11 1901/21/11
f 1079/22/12 667/25/12 34/17/12
f 37/26/13 2581/27/13 670/28/13
f 1081/29/14 1080/30/14 424/8/14
f 670/28/15 1081/29/15 36/31/15
f 36/31/16 2582/32/16 669/33/16
f 1937/34/17 1082/35/17 33/14/17
f 80/36/18 2582/32/18 1937/34/18
f 1898/37/19 1901/21/19 1/4/19
f 39/38/20 2583/39/20 1898/37/20
f 40/23/21 2583/39/21 673/40/21
f 1900/41/22 1899/42/22 38/43/22
f 48/44/23 2584/45/23 1900/41/23
f 1899/42/24 672/46/24 39/38/24
f 42/47/25 2585/48/25 675/49/25
f 1084/50/26 1083/51/26 423/52/26
f 675/49/27 1084/50/27 41/53/27
f 41/53/28 2586/54/28 674/55/28
f 1080/30/29 1086/56/29 424/8/29
f 37/26/30 2586/54/30 1080/30/30
f 1913/57/31 1903/58/31 425/59/31
f 679/60/32 1913/57/32 51/61/32
f 44/62/33 2587/63/33 679/60/33
f 1904/64/34 1089/65/34 88/66/34
f 44/62/35 2588/67/35 1904/64/35
f 38/43/36 2588/67/36 680/68/36
f 682/69/37 681/70/37 45/71/37
f 1092/72/38 682/69/38 46/73/38
f 426/74/39 2589/75/39 1092/72/39
f 426/74/40 2590/76/40 1087/77/40
f 677/78/41 1905/79/41 43/80/41
f 423/52/42 2590/76/42 677/78/42
f 1906/81/43 1908/82/43 44/62/43
f 47/83/44 2591/84/44 1906/81/44
f 1908/82/45 684/85/45 48/44/45
f 1907/86/46 1906/81/46 44/62/46
f 683/87/47 1907/86/47 54/88/47
f 47/83/48 2592/89/48 683/87/48
f 1909/90/49 686/91/49 50/92/49
f 1093/93/50 1909/90/50 426/74/50
f 49/94/51 2593/95/51 1093/93/51
f 49/94/52 2594/96/52 685/97/52
f 676/98/53 1093/93/53 426/74/53
f 685/97/54 676/98/54 42/47/54
f 1910/99/55 1911/100/55 51/61/55
f 53/101/56 2595/102/56 1910/99/56
f 54/88/57 2595/102/57 690/103/57
f 52/104/58 2596/105/58 1094/106/58
f 53/101/59 2596/105/59 689/107/59
f 1094/106/60 1095/108/60 427/109/60
f 55/110/61 2597/111/61 691/112/61
f 687/113/62 1098/114/62 45/71/62
f 50/92/63 2597/111/63 687/113/63
f 694/115/64 1912/116/64 2/117/64
f 86/118/65 2598/119/65 694/115/65
f 1912/116/66 1100/120/66 427/109/66
f 1912/116/67 1099/121/67 2/117/67
f 427/109/68 2599/122/68 1912/116/68
f 51/61/69 2599/122/69 688/123/69
f 57/124/70 2600/125/70 1101/126/70
f 1102/127/71 695/128/71 58/129/71
f 1101/126/72 1102/127/72 428/130/72
f 428/130/73 2601/131/73 693/132/73
f 1103/133/74 1102/127/74 58/129/74
f 45/71/75 2601/131/75 1103/133/75
f 437/134/76 2602/135/76 696/136/76
f 1915/137/77 1914/138/77 429/139/77
f 696/136/78 1915/137/78 86/118/78
f 1915/137/79 1100/120/79 86/118/79
f 1918/140/80 1915/137/80 429/139/80
f 427/109/81 2603/141/81 1918/140/81
f 436/142/82 2604/143/82 1138/144/82
f 1914/138/83 697/145/83 429/139/83
f 437/134/84 2604/143/84 1914/138/84
f 1105/146/85 1106/147/85 430/148/85
f 438/149/86 2605/150/86 1105/146/86
f 1106/147/87 698/151/87 57/124/87
f 1106/147/88 1110/152/88 430/148/88
f 1101/126/89 1106/147/89 57/124/89
f 428/130/90 2606/153/90 1101/126/90
f 1917/154/91 1918/140/91 429/139/91
f 1094/106/92 1917/154/92 52/104/92
f 427/109/93 2607/155/93 1094/106/93
f 1919/156/94 1109/157/94 59/158/94
f 60/159/95 2608/160/95 1919/156/95
f 1109/157/96 1108/161/96 429/139/96
f 1921/162/97 1920/163/97 430/148/97
f 62/164/98 2609/165/98 1921/162/98
f 1920/163/99 702/166/99 63/167/99
f 1922/168/100 1921/162/100 430/148/100
f 701/169/101 1922/168/101 56/170/101
f 62/164/102 2610/171/102 701/169/102
f 64/172/103 2611/173/103 704/174/103
f 1112/175/104 1924/176/104 65/177/104
f 704/174/105 1112/175/105 59/158/105
f 1926/178/106 1925/179/106 70/180/106
f 67/181/107 2612/182/107 1926/178/107
f 1925/179/108 708/183/108 68/184/108
f 1923/185/109 1926/178/109 70/180/109
f 707/186/110 1923/185/110 63/167/110
f 67/181/111 2613/187/111 707/186/111
f 71/188/112 2614/189/112 710/190/112
f 1928/191/113 1929/192/113 59/158/113
f 436/142/114 2614/189/114 1928/191/114
f 64/172/115 2615/193/115 1113/194/115
f 59/158/116 2615/193/116 704/174/116
f 1113/194/117 1929/192/117 71/188/117
f 1916/195/118 1117/196/118 85/197/118
f 703/198/119 1916/195/119 430/148/119
f 1117/196/120 703/198/120 70/180/120
f 72/199/121 2617/200/121 1130/201/121
f 1113/194/122 1930/202/122 64/172/122
f 71/188/123 2617/200/123 1113/194/123
f 1931/203/124 712/204/124 435/205/124
f 69/206/125 2618/207/125 1931/203/125
f 434/208/126 2618/207/126 711/209/126
f 432/210/127 2619/211/127 1119/212/127
f 1120/213/128 1121/214/128 74/215/128
f 64/172/129 2619/211/129 1120/213/129
f 1932/216/130 1933/217/130 434/208/130
f 716/218/131 1932/216/131 75/219/131
f 76/220/132 2620/221/132 716/218/132
f 1927/222/133 1123/223/133 69/206/133
f 68/184/134 2621/224/134 1927/222/134
f 75/219/135 2621/224/135 715/225/135
f 77/226/136 2622/227/136 717/228/136
f 1124/229/137 1125/230/137 78/231/137
f 717/228/138 1124/229/138 432/210/138
f 32/6/139 2623/232/139 718/233/139
f 1126/234/140 1078/16/140 35/19/140
f 77/226/141 2623/232/141 1126/234/141
f 1935/235/142 1934/236/142 433/237/142
f 79/238/143 2624/239/143 1935/235/143
f 80/36/144 2624/239/144 722/240/144
f 1933/217/145 1936/241/145 434/208/145
f 76/220/146 2625/242/146 1933/217/146
f 1936/241/147 721/243/147 79/238/147
f 81/244/148 2626/245/148 723/246/148
f 1118/247/149 1940/248/149 432/210/149
f 72/199/150 2626/245/150 1118/247/150
f 1128/249/151 1942/250/151 83/251/151
f 433/237/152 2627/252/152 1128/249/152
f 33/14/153 2627/252/153 1938/253/153
f 1941/254/154 1128/249/154 83/251/154
f 434/208/155 2628/255/155 1941/254/155
f 1128/249/156 1127/256/156 433/237/156
f 435/205/157 2629/257/157 1132/258/157
f 735/259/158 1944/260/158 83/251/158
f 93/261/159 2629/257/159 735/259/159
f 1945/262/160 1130/201/160 71/188/160
f 82/263/161 2630/264/161 1945/262/161
f 1130/201/162 724/265/162 72/199/162
f 1947/266/163 710/190/163 436/142/163
f 443/267/164 2631/268/164 1947/266/164
f 710/190/165 1133/269/165 71/188/165
f 431/270/166 2632/271/166 1948/272/166
f 1965/273/167 1946/274/167 93/261/167
f 1948/272/168 1965/273/168 84/275/168
f 442/276/169 2633/277/169 1136/278/169
f 1138/144/170 1137/279/170 436/142/170
f 437/134/171 2633/277/171 1138/144/171
f 1949/280/172 696/136/172 86/118/172
f 442/276/173 2634/281/173 1949/280/173
f 696/136/174 1136/278/174 437/134/174
f 1961/282/175 1137/279/175 442/276/175
f 443/267/176 2635/283/176 1961/282/176
f 436/142/177 2635/283/177 1947/266/177
f 2/117/178 2636/284/178 1141/285/178
f 728/286/179 727/287/179 439/288/179
f 1141/285/180 728/286/180 90/289/180
f 86/118/181 2637/290/181 1949/280/181
f 1962/291/182 1951/292/182 90/289/182
f 1949/280/183 1962/291/183 442/276/183
f 730/293/184 729/294/184 441/295/184
f 58/129/185 2638/296/185 730/293/185
f 729/294/186 1142/297/186 91/298/186
f 1952/299/187 1963/300/187 91/298/187
f 57/124/188 2639/301/188 1952/299/188
f 1963/300/189 726/302/189 87/303/189
f 31/3/190 2640/304/190 731/305/190
f 1147/306/191 1146/307/191 444/308/191
f 731/305/192 1147/306/192 88/66/192
f 732/309/193 1956/310/193 3/311/193
f 439/288/194 2641/312/194 732/309/194
f 1956/310/195 1954/313/195 88/66/195
f 441/295/196 2642/314/196 1144/315/196
f 1959/316/197 1960/317/197 92/318/197
f 1144/315/198 1959/316/198 43/80/198
f 439/288/199 2643/319/199 728/286/199
f 3/311/200 2643/319/200 732/309/200
f 728/286/201 733/320/201 90/289/201
f 442/276/202 2644/321/202 1961/282/202
f 1151/322/203 1149/323/203 3/311/203
f 1961/282/204 1151/322/204 443/267/204
f 91/298/205 2645/324/205 734/325/205
f 1150/326/206 1963/300/206 87/303/206
f 734/325/207 1150/326/207 92/318/207
f 1150/326/208 1964/327/208 92/318/208
f 87/303/209 2646/328/209 1150/326/209
f 1964/327/210 725/329/210 84/275/210
f 83/251/211 2647/330/211 735/259/211
f 1968/331/212 1967/332/212 89/333/212
f 735/259/213 1968/331/213 93/261/213
f 445/334/214 2648/335/214 1155/336/214
f 736/337/215 1156/338/215 146/339/215
f 1155/336/216 736/337/216 94/340/216
f 448/341/217 2649/342/217 1975/343/217
f 1971/344/218 1969/345/218 447/346/218
f 96/347/219 2649/342/219 1971/344/219
f 447/346/220 2650/348/220 1971/344/220
f 740/349/221 1970/350/221 94/340/221
f 96/347/222 2650/348/222 740/349/222
f 1972/351/223 2039/352/223 97/353/223
f 95/354/224 2651/355/224 1972/351/224
f 469/356/225 2651/355/225 1247/357/225
f 1973/358/226 1972/351/226 97/353/226
f 446/359/227 2652/360/227 1973/358/227
f 1972/351/228 1157/361/228 95/354/228
f 1974/362/229 1161/363/229 102/364/229
f 1162/365/230 1974/362/230 147/366/230
f 1161/363/231 1162/365/231 448/341/231
f 2038/367/232 1162/365/232 147/366/232
f 447/346/233 2654/368/233 2038/367/233
f 1162/365/234 1969/345/234 448/341/234
f 746/369/235 1163/370/235 101/371/235
f 1165/372/236 746/369/236 103/373/236
f 1163/370/237 1165/372/237 98/374/237
f 100/375/238 2656/376/238 1160/377/238
f 1161/363/239 747/378/239 102/364/239
f 1160/377/240 1161/363/240 448/341/240
f 748/379/241 1165/372/241 103/373/241
f 104/380/242 2657/381/242 748/379/242
f 1165/372/243 1164/382/243 98/374/243
f 102/364/244 2658/383/244 1166/384/244
f 100/375/245 2658/383/245 747/378/245
f 1166/384/246 749/385/246 105/386/246
f 107/387/247 2659/388/247 1171/389/247
f 751/390/248 1977/391/248 108/392/248
f 451/393/249 2659/388/249 751/390/249
f 1461/394/250 1172/395/250 239/396/250
f 529/397/251 2660/398/251 1461/394/251
f 5/399/252 2660/398/252 811/400/252
f 451/393/253 2661/401/253 1170/402/253
f 1234/403/254 1978/404/254 452/405/254
f 138/406/255 2661/401/255 1234/403/255
f 1980/407/256 2024/408/256 109/409/256
f 5/399/257 2662/410/257 1980/407/257
f 110/411/258 2662/410/258 752/412/258
f 1981/413/259 1174/414/259 517/415/259
f 1175/416/260 1981/413/260 135/417/260
f 6/418/261 2663/419/261 1175/416/261
f 233/420/262 2664/421/262 1178/422/262
f 1229/423/263 1982/424/263 134/425/263
f 1178/422/264 1229/423/264 464/426/264
f 229/427/265 2665/428/265 1408/429/265
f 111/430/266 2665/428/266 1983/431/266
f 1408/429/267 757/432/267 517/415/267
f 1984/433/268 759/434/268 113/435/268
f 111/430/269 2666/436/269 1984/433/269
f 229/427/270 2666/436/270 1983/431/270
f 115/437/271 2667/438/271 1985/439/271
f 761/440/272 1181/441/272 464/426/272
f 1985/439/273 761/440/273 114/442/273
f 1987/443/274 1183/444/274 453/445/274
f 462/446/275 2668/447/275 1987/443/275
f 1183/444/276 1180/448/276 113/435/276
f 762/449/277 1182/450/277 120/451/277
f 8/452/278 2669/453/278 762/449/278
f 462/446/279 2669/453/279 2019/454/279
f 1992/455/280 1186/456/280 454/457/280
f 1987/443/281 1992/455/281 462/446/281
f 453/445/282 2670/458/282 1987/443/282
f 226/459/283 2671/460/283 1198/461/283
f 1188/462/284 1994/463/284 116/464/284
f 118/465/285 2671/460/285 1188/462/285
f 1997/466/286 1191/467/286 456/468/286
f 1187/469/287 1997/466/287 120/451/287
f 454/457/288 2672/470/288 1187/469/288
f 1995/471/289 1391/472/289 119/473/289
f 454/457/290 2673/474/290 1995/471/290
f 1391/472/291 1991/475/291 224/476/291
f 511/477/292 2674/478/292 763/479/292
f 455/480/293 2674/478/293 1996/481/293
f 763/479/294 1192/482/294 119/473/294
f 457/483/295 2675/484/295 1202/485/295
f 1195/486/296 1998/487/296 118/465/296
f 458/488/297 2675/484/297 1195/486/297
f 122/489/298 2676/490/298 1194/491/298
f 1998/487/299 1999/492/299 118/465/299
f 1194/491/300 1998/487/300 457/483/300
f 458/488/301 2677/493/301 2004/494/301
f 121/495/302 2677/493/302 2000/496/302
f 2004/494/303 1211/497/303 467/498/303
f 1197/499/304 2000/496/304 458/488/304
f 765/500/305 1197/499/305 117/501/305
f 121/495/306 2678/502/306 765/500/306
f 2001/503/307 1385/504/307 218/505/307
f 455/480/308 2679/506/308 2001/503/308
f 511/477/309 2679/506/309 1996/481/309
f 2002/507/310 1199/508/310 123/509/310
f 456/468/311 2680/510/311 2002/507/311
f 455/480/312 2680/510/312 1190/511/312
f 123/509/313 2681/512/313 2002/507/313
f 126/513/314 2681/512/314 767/514/314
f 2002/507/315 1201/515/315 456/468/315
f 510/516/316 2682/517/316 2008/518/316
f 1204/519/317 2003/520/317 457/483/317
f 459/521/318 2682/517/318 1204/519/318
f 217/522/319 2683/523/319 2184/524/319
f 123/509/320 2683/523/320 2005/525/320
f 2184/524/321 1200/526/321 218/505/321
f 124/527/322 2684/528/322 1206/529/322
f 125/530/323 2684/528/323 2006/531/323
f 1206/529/324 1207/532/324 123/509/324
f 2007/533/325 768/534/325 217/522/325
f 1209/535/326 2007/533/326 459/521/326
f 768/534/327 1209/535/327 124/527/327
f 459/521/328 2686/536/328 1208/537/328
f 2031/538/329 2009/539/329 467/498/329
f 1208/537/330 2031/538/330 145/540/330
f 461/541/331 2687/542/331 1351/543/331
f 460/544/332 2687/542/332 2013/545/332
f 1351/543/333 1210/546/333 500/547/333
f 128/548/334 2688/549/334 1212/550/334
f 467/498/335 2688/549/335 2012/551/335
f 1212/550/336 1211/497/336 121/495/336
f 120/451/337 2689/552/337 762/449/337
f 460/544/338 2689/552/338 764/553/338
f 762/449/339 1213/554/339 8/452/339
f 2015/555/340 1215/556/340 130/557/340
f 132/558/341 2690/559/341 2015/555/341
f 1215/556/342 1216/560/342 121/495/342
f 771/561/343 1216/560/343 132/558/343
f 127/562/344 2691/563/344 771/561/344
f 121/495/345 2691/563/345 2014/564/345
f 2018/565/346 2016/566/346 463/567/346
f 8/452/347 2692/568/347 2018/565/347
f 2016/566/348 2017/569/348 129/570/348
f 130/557/349 2693/571/349 2015/555/349
f 1217/572/350 1218/573/350 133/574/350
f 2015/555/351 1217/572/351 132/558/351
f 463/567/352 2694/575/352 2018/565/352
f 462/446/353 2694/575/353 1219/576/353
f 2018/565/354 2019/454/354 8/452/354
f 114/442/355 2695/577/355 1986/578/355
f 133/574/356 2695/577/356 773/579/356
f 1986/578/357 1218/573/357 130/557/357
f 111/430/358 2696/580/358 1221/581/358
f 463/567/359 2696/580/359 1224/582/359
f 1221/581/360 1222/583/360 135/417/360
f 111/430/361 2697/584/361 1224/582/361
f 1219/576/362 760/585/362 462/446/362
f 463/567/363 2697/584/363 1219/576/363
f 134/425/364 2698/586/364 1226/587/364
f 136/588/365 2698/586/365 1231/589/365
f 1226/587/366 1227/590/366 133/574/366
f 1228/591/367 1227/590/367 136/588/367
f 498/592/368 2699/593/368 1228/591/368
f 133/574/369 2699/593/369 1230/594/369
f 452/405/370 2700/595/370 1234/403/370
f 135/417/371 2700/595/371 1235/596/371
f 1234/403/372 1232/597/372 138/406/372
f 135/417/373 2701/598/373 1233/599/373
f 7/600/374 2701/598/374 2021/601/374
f 1233/599/375 775/602/375 137/603/375
f 1239/604/376 1236/605/376 110/411/376
f 140/606/377 2702/607/377 1239/604/377
f 1236/605/378 1237/608/378 134/425/378
f 138/406/379 2703/609/379 2025/610/379
f 2026/611/380 2022/612/380 137/603/380
f 465/613/381 2703/609/381 2026/611/381
f 467/498/382 2704/614/382 2031/538/382
f 128/548/383 2704/614/383 2012/551/383
f 2031/538/384 2032/615/384 145/540/384
f 781/616/385 2032/615/385 128/548/385
f 1243/617/386 781/616/386 143/618/386
f 145/540/387 2705/619/387 1243/617/387
f 468/620/388 2706/621/388 737/622/388
f 1246/623/389 1245/624/389 174/625/389
f 737/622/390 1246/623/390 445/334/390
f 1249/626/391 1248/627/391 174/625/391
f 469/356/392 2707/628/392 1249/626/392
f 1248/627/393 1247/357/393 95/354/393
f 148/629/394 2708/630/394 2036/631/394
f 468/620/395 2708/630/395 2037/632/395
f 2036/631/396 1250/633/396 147/366/396
f 469/356/397 2709/634/397 1252/635/397
f 149/636/398 2709/634/398 2040/637/398
f 1252/635/399 1251/638/399 101/371/399
f 1259/639/400 1253/640/400 147/366/400
f 150/641/401 2710/642/401 1259/639/401
f 491/643/402 2710/642/402 785/644/402
f 148/629/403 2711/645/403 2104/646/403
f 1253/640/404 2036/631/404 147/366/404
f 2104/646/405 1253/640/405 491/643/405
f 2042/647/406 1255/648/406 487/649/406
f 491/643/407 2712/650/407 2042/647/407
f 150/641/408 2712/650/408 785/644/408
f 787/651/409 2042/647/409 487/649/409
f 471/652/410 2713/653/410 787/651/410
f 2042/647/411 788/654/411 491/643/411
f 494/655/412 2714/656/412 2046/657/412
f 1256/658/413 2043/659/413 152/660/413
f 151/661/414 2714/656/414 1256/658/414
f 472/662/415 2715/663/415 790/664/415
f 2043/659/416 2044/665/416 152/660/416
f 790/664/417 2043/659/417 494/655/417
f 147/366/418 2716/666/418 1259/639/418
f 102/364/419 2716/666/419 1974/362/419
f 1259/639/420 2045/667/420 150/641/420
f 103/373/421 2717/668/421 1260/669/421
f 101/371/422 2717/668/422 746/369/422
f 1260/669/423 1261/670/423 151/661/423
f 160/671/424 2718/672/424 2071/673/424
f 1262/674/425 2047/675/425 471/652/425
f 2071/673/426 1262/674/426 478/676/426
f 2050/677/427 788/654/427 471/652/427
f 170/678/428 2719/679/428 2050/677/428
f 491/643/429 2719/679/429 1315/680/429
f 1264/681/430 2050/677/430 471/652/430
f 153/682/431 2720/683/431 1264/681/431
f 170/678/432 2720/683/432 2053/684/432
f 472/662/433 2721/685/433 2048/686/433
f 791/687/434 2052/688/434 153/682/434
f 2048/686/435 791/687/435 160/671/435
f 486/689/436 2722/690/436 2054/691/436
f 482/692/437 2722/690/437 2056/693/437
f 2054/691/438 793/694/438 479/695/438
f 163/696/439 2723/697/439 1265/698/439
f 473/699/440 2723/697/440 2057/700/440
f 1265/698/441 2055/701/441 480/702/441
f 154/703/442 2724/704/442 1270/705/442
f 2092/706/443 1266/707/443 486/689/443
f 1270/705/444 2092/706/444 474/708/444
f 156/709/445 2725/710/445 1272/711/445
f 1286/712/446 2058/713/446 474/708/446
f 485/714/447 2725/710/447 1286/712/447
f 1280/715/448 2058/713/448 156/709/448
f 1270/705/449 1280/715/449 154/703/449
f 474/708/450 2726/716/450 1270/705/450
f 2061/717/451 1271/718/451 159/719/451
f 1273/720/452 2061/717/452 485/714/452
f 476/721/453 2727/722/453 1273/720/453
f 157/723/454 2728/724/454 2065/725/454
f 1271/718/455 2062/726/455 159/719/455
f 476/721/456 2728/724/456 1271/718/456
f 2064/727/457 797/728/457 157/723/457
f 485/714/458 2729/729/458 2064/727/458
f 797/728/459 1288/730/459 166/731/459
f 164/732/460 2730/733/460 2077/734/460
f 796/735/461 2066/736/461 475/737/461
f 9/738/462 2730/733/462 796/735/462
f 2067/739/463 1274/740/463 164/732/463
f 157/723/464 2731/741/464 2067/739/464
f 477/742/465 2731/741/465 2068/743/465
f 477/742/466 2732/744/466 1275/745/466
f 157/723/467 2732/744/467 2068/743/467
f 1275/745/468 2069/746/468 475/737/468
f 475/737/469 2733/747/469 1292/748/469
f 797/728/470 2069/746/470 157/723/470
f 1292/748/471 797/728/471 166/731/471
f 2070/749/472 1276/750/472 479/695/472
f 161/751/473 2734/752/473 2070/749/473
f 478/676/474 2734/752/474 1277/753/474
f 161/751/475 2735/754/475 1278/755/475
f 165/756/476 2735/754/476 2084/757/476
f 1278/755/477 799/758/477 160/671/477
f 480/702/478 2736/759/478 1265/698/478
f 801/760/479 2072/761/479 162/762/479
f 1265/698/480 801/760/480 163/696/480
f 470/763/481 2737/764/481 2073/765/481
f 1279/766/482 2049/767/482 160/671/482
f 2073/765/483 1279/766/483 162/762/483
f 2077/734/484 803/768/484 164/732/484
f 9/738/485 2738/769/485 2077/734/485
f 803/768/486 2078/770/486 481/771/486
f 484/772/487 2739/773/487 1281/774/487
f 482/692/488 2739/773/488 2080/775/488
f 1281/774/489 1282/776/489 154/703/489
f 2081/777/490 804/778/490 484/772/490
f 159/719/491 2740/779/491 2081/777/491
f 804/778/492 2063/780/492 158/781/492
f 2083/782/493 805/783/493 165/756/493
f 484/772/494 2741/784/494 2083/782/494
f 158/781/495 2741/784/495 804/778/495
f 165/756/496 2742/785/496 2083/782/496
f 161/751/497 2742/785/497 2084/757/497
f 2083/782/498 800/786/498 484/772/498
f 162/762/499 2743/787/499 1284/788/499
f 165/756/500 2743/787/500 2086/789/500
f 1284/788/501 2087/790/501 483/791/501
f 474/708/502 2744/792/502 1286/712/502
f 2088/793/503 807/794/503 465/613/503
f 1286/712/504 2088/793/504 485/714/504
f 2088/793/505 1287/795/505 485/714/505
f 465/613/506 2745/796/506 2088/793/506
f 1287/795/507 778/797/507 141/798/507
f 2089/799/508 806/800/508 166/731/508
f 141/798/509 2746/801/509 2089/799/509
f 806/800/510 777/802/510 144/803/510
f 2090/804/511 1289/805/511 139/806/511
f 155/807/512 2747/808/512 2090/804/512
f 1289/805/513 2060/809/513 475/737/513
f 139/806/514 2748/810/514 1290/811/514
f 1291/812/515 1289/805/515 475/737/515
f 1290/811/516 1291/812/516 142/813/516
f 142/813/517 2749/814/517 779/815/517
f 806/800/518 2091/816/518 166/731/518
f 779/815/519 806/800/519 144/803/519
f 2100/817/520 1293/818/520 167/819/520
f 1295/820/521 2100/817/521 138/406/521
f 486/689/522 2750/821/522 1295/820/522
f 474/708/523 2751/822/523 807/794/523
f 1294/823/524 2092/706/524 486/689/524
f 807/794/525 1294/823/525 465/613/525
f 2093/824/526 1296/825/526 473/699/526
f 139/806/527 2752/826/527 2093/824/527
f 1296/825/528 753/827/528 110/411/528
f 1269/828/529 2093/824/529 473/699/529
f 155/807/530 2753/829/530 1269/828/530
f 2093/824/531 2090/804/531 139/806/531
f 478/676/532 2754/830/532 792/831/532
f 1297/832/533 2096/833/533 487/649/533
f 792/831/534 1297/832/534 486/689/534
f 2095/834/535 1297/832/535 487/649/535
f 167/819/536 2755/835/536 2095/834/536
f 1297/832/537 1293/818/537 486/689/537
f 787/651/538 1262/674/538 471/652/538
f 487/649/539 2756/836/539 787/651/539
f 478/676/540 2756/836/540 2096/833/540
f 152/660/541 2757/837/541 1257/838/541
f 1304/839/542 2097/840/542 168/841/542
f 1257/838/543 1304/839/543 449/842/543
f 2099/843/544 2098/844/544 169/845/544
f 106/846/545 2758/847/545 2099/843/545
f 105/386/546 2758/847/546 750/848/546
f 169/845/547 2759/849/547 2099/843/547
f 167/819/548 2759/849/548 1306/850/548
f 2099/843/549 1300/851/549 106/846/549
f 489/852/550 2760/853/550 1305/854/550
f 167/819/551 2760/853/551 810/855/551
f 1305/854/552 1306/850/552 169/845/552
f 2100/817/553 1310/856/553 138/406/553
f 810/855/554 2100/817/554 167/819/554
f 1310/856/555 810/855/555 489/852/555
f 808/857/556 1312/858/556 168/841/556
f 1313/859/557 808/857/557 110/411/557
f 1312/858/558 1313/859/558 490/860/558
f 811/400/559 2101/861/559 5/399/559
f 1314/862/560 811/400/560 529/397/560
f 490/860/561 2763/863/561 1314/862/561
f 2103/864/562 2104/646/562 491/643/562
f 10/865/563 2764/866/563 2103/864/563
f 148/629/564 2764/866/564 2105/867/564
f 148/629/565 2765/868/565 1317/869/565
f 10/865/566 2765/868/566 2105/867/566
f 1317/869/567 1326/870/567 493/871/567
f 468/620/568 2766/872/568 1319/873/568
f 1317/869/569 2037/632/569 148/629/569
f 1319/873/570 1317/869/570 493/871/570
f 2040/637/571 1318/874/571 149/636/571
f 469/356/572 2767/875/572 2040/637/572
f 1318/874/573 2107/876/573 173/877/573
f 172/878/574 2768/879/574 813/880/574
f 149/636/575 2768/879/575 2106/881/575
f 813/880/576 1318/874/576 173/877/576
f 492/882/577 2769/883/577 1321/884/577
f 180/885/578 2769/883/578 2108/886/578
f 1321/884/579 814/887/579 174/625/579
f 10/865/580 2770/888/580 1325/889/580
f 181/890/581 2770/888/581 815/891/581
f 1325/889/582 820/892/582 492/882/582
f 176/893/583 2771/894/583 816/895/583
f 172/878/584 2771/894/584 1327/896/584
f 816/895/585 1328/897/585 175/898/585
f 2111/899/586 815/891/586 10/865/586
f 821/900/587 2111/899/587 177/901/587
f 181/890/588 2772/902/588 821/900/588
f 2115/903/589 2125/904/589 179/905/589
f 1327/896/590 2115/903/590 172/878/590
f 176/893/591 2773/906/591 1327/896/591
f 2117/907/592 2053/684/592 153/682/592
f 495/908/593 2774/909/593 2117/907/593
f 170/678/594 2774/909/594 2116/910/594
f 2119/911/595 2118/912/595 178/913/595
f 1329/914/596 2119/911/596 177/901/596
f 495/908/597 2775/915/597 1329/914/597
f 2122/916/598 817/917/598 153/682/598
f 2121/918/599 2122/916/599 11/919/599
f 178/913/600 2776/920/600 2121/918/600
f 2123/921/601 2119/911/601 178/913/601
f 181/890/602 2777/922/602 2123/921/602
f 177/901/603 2777/922/603 821/900/603
f 2108/886/604 2124/923/604 180/885/604
f 492/882/605 2778/924/605 2108/886/605
f 2124/923/606 820/892/606 181/890/606
f 175/898/607 2779/925/607 816/895/607
f 2127/926/608 2126/927/608 180/885/608
f 816/895/609 2127/926/609 176/893/609
f 176/893/610 2780/928/610 2125/904/610
f 2120/929/611 2128/930/611 178/913/611
f 179/905/612 2780/928/612 2120/929/612
f 1332/931/613 1334/932/613 183/933/613
f 2133/934/614 1332/931/614 466/935/614
f 208/936/615 2781/937/615 2133/934/615
f 141/798/616 2782/938/616 2129/939/616
f 1332/931/617 2027/940/617 466/935/617
f 2129/939/618 1332/931/618 183/933/618
f 2130/941/619 2134/942/619 184/943/619
f 1333/944/620 2130/941/620 143/618/620
f 182/945/621 2783/946/621 1333/944/621
f 1240/947/622 2130/941/622 184/943/622
f 142/813/623 2784/948/623 1240/947/623
f 2130/941/624 1244/949/624 143/618/624
f 1333/944/625 822/950/625 182/945/625
f 143/618/626 2785/951/626 1333/944/626
f 496/952/627 2785/951/627 1335/953/627
f 183/933/628 2786/954/628 1336/955/628
f 508/956/629 2786/954/629 2131/957/629
f 1336/955/630 1374/958/630 501/959/630
f 128/548/631 2787/960/631 781/616/631
f 507/961/632 2787/960/632 2132/962/632
f 781/616/633 1337/963/633 143/618/633
f 184/943/634 2788/964/634 825/965/634
f 2174/966/635 2134/942/635 182/945/635
f 825/965/636 2174/966/636 12/967/636
f 466/935/637 2789/968/637 824/969/637
f 1367/970/638 2136/971/638 201/972/638
f 205/973/639 2789/968/639 1367/970/639
f 2137/974/640 826/975/640 185/976/640
f 184/943/641 2790/977/641 2137/974/641
f 12/967/642 2790/977/642 825/965/642
f 137/603/643 2791/978/643 2135/979/643
f 2169/980/644 2138/981/644 199/982/644
f 201/972/645 2791/978/645 2169/980/645
f 2139/983/646 2170/984/646 506/985/646
f 140/606/647 2792/986/647 2139/983/647
f 185/976/648 2792/986/648 1339/987/648
f 7/600/649 2793/988/649 1340/989/649
f 1360/990/650 828/991/650 195/992/650
f 1340/989/651 1360/990/651 199/982/651
f 2141/993/652 1362/994/652 505/995/652
f 136/588/653 2794/996/653 2141/993/653
f 1362/994/654 827/997/654 506/985/654
f 497/998/655 2795/999/655 1341/1000/655
f 829/1001/656 2143/1002/656 503/1003/656
f 1341/1000/657 829/1001/657 195/992/657
f 830/1004/658 2163/1005/658 504/1006/658
f 498/592/659 2796/1007/659 830/1004/659
f 2163/1005/660 1342/1008/660 505/995/660
f 463/567/661 2797/1009/661 2020/1010/661
f 1343/1011/662 2142/1012/662 131/1013/662
f 497/998/663 2797/1009/663 1343/1011/663
f 2157/1014/664 1344/1015/664 187/1016/664
f 503/1003/665 2798/1017/665 2157/1014/665
f 131/1013/666 2798/1017/666 1345/1018/666
f 131/1013/667 2799/1019/667 1343/1011/667
f 503/1003/668 2799/1019/668 1345/1018/668
f 1343/1011/669 2143/1002/669 497/998/669
f 1220/1020/670 1346/1021/670 499/1022/670
f 133/574/671 2800/1023/671 1220/1020/671
f 498/592/672 2800/1023/672 1230/594/672
f 132/558/673 2801/1024/673 1347/1025/673
f 2146/1026/674 2147/1027/674 499/1022/674
f 189/1028/675 2801/1024/675 2146/1026/675
f 129/570/676 2802/1029/676 2145/1030/676
f 2154/1031/677 2148/1032/677 186/1033/677
f 2145/1030/678 2154/1031/678 187/1016/678
f 2150/1034/679 1353/1035/679 17/1036/679
f 132/558/680 2803/1037/680 2150/1034/680
f 1353/1035/681 1347/1025/681 189/1028/681
f 461/541/682 2804/1038/682 770/1039/682
f 2149/1040/683 1351/543/683 500/547/683
f 770/1039/684 2149/1040/684 129/570/684
f 500/547/685 2805/1041/685 1348/1042/685
f 501/959/686 2805/1041/686 2151/1043/686
f 1348/1042/687 2152/1044/687 186/1033/687
f 769/1045/688 1349/1046/688 128/548/688
f 127/562/689 2806/1047/689 769/1045/689
f 1349/1046/690 771/561/690 132/558/690
f 507/961/691 2807/1048/691 1352/1049/691
f 128/548/692 2807/1048/692 2132/962/692
f 1352/1049/693 1350/1050/693 17/1036/693
f 2177/1051/694 2152/1044/694 501/959/694
f 211/1052/695 2808/1053/695 2177/1051/695
f 2152/1044/696 831/1054/696 186/1033/696
f 187/1016/697 2809/1055/697 833/1056/697
f 835/1057/698 2155/1058/698 188/1059/698
f 833/1056/699 835/1057/699 15/1060/699
f 2156/1061/700 836/1062/700 502/1063/700
f 189/1028/701 2810/1064/701 2156/1061/701
f 836/1062/702 2159/1065/702 191/1066/702
f 189/1028/703 2811/1067/703 2159/1065/703
f 2160/1068/704 2158/1069/704 504/1006/704
f 191/1066/705 2811/1067/705 2160/1068/705
f 504/1006/706 2812/1070/706 2160/1068/706
f 194/1071/707 2812/1070/707 2162/1072/707
f 2160/1068/708 839/1073/708 191/1066/708
f 829/1001/709 1358/1074/709 195/992/709
f 1356/1075/710 829/1001/710 503/1003/710
f 14/1076/711 2813/1077/711 1356/1075/711
f 504/1006/712 2814/1078/712 2162/1072/712
f 842/1079/713 1357/1080/713 193/1081/713
f 2162/1072/714 842/1079/714 194/1071/714
f 2163/1005/715 2164/1082/715 504/1006/715
f 1359/1083/716 2163/1005/716 505/995/716
f 197/1084/717 2815/1085/717 1359/1083/717
f 195/992/718 2816/1086/718 2166/1087/718
f 843/1088/719 1358/1074/719 14/1076/719
f 2166/1087/720 843/1088/720 196/1089/720
f 1359/1083/721 844/1090/721 197/1084/721
f 505/995/722 2817/1091/722 1359/1083/722
f 844/1090/723 845/1092/723 198/1093/723
f 199/982/724 2818/1094/724 1361/1095/724
f 846/1096/725 2167/1097/725 196/1089/725
f 200/1098/726 2818/1094/726 846/1096/726
f 2168/1099/727 847/1100/727 198/1093/727
f 506/985/728 2819/1101/728 2168/1099/728
f 204/1102/729 2819/1101/729 2171/1103/729
f 199/982/730 2820/1104/730 2169/980/730
f 1363/1105/731 1361/1095/731 200/1098/731
f 2169/980/732 1363/1105/732 201/972/732
f 849/1106/733 1363/1105/733 200/1098/733
f 202/1107/734 2821/1108/734 849/1106/734
f 1363/1105/735 1364/1109/735 201/972/735
f 185/976/736 2822/1110/736 1366/1111/736
f 851/1112/737 2173/1113/737 207/1114/737
f 1366/1111/738 851/1112/738 203/1115/738
f 201/972/739 2823/1116/739 1367/970/739
f 13/1117/740 2823/1116/740 848/1118/740
f 1367/970/741 2172/1119/741 205/973/741
f 853/1120/742 2172/1119/742 13/1117/742
f 206/1121/743 2824/1122/743 853/1120/743
f 205/973/744 2824/1122/744 1368/1123/744
f 205/973/745 2825/1124/745 1371/1125/745
f 856/1126/746 1368/1123/746 206/1121/746
f 1371/1125/747 856/1126/747 209/1127/747
f 501/959/748 2826/1128/748 2177/1051/748
f 858/1129/749 2176/1130/749 213/1131/749
f 211/1052/750 2826/1128/750 858/1129/750
f 1375/1132/751 859/1133/751 212/1134/751
f 507/961/752 2827/1135/752 1375/1132/752
f 16/1136/753 2827/1135/753 2153/1137/753
f 208/936/754 2828/1138/754 2179/1139/754
f 209/1127/755 2828/1138/755 855/1140/755
f 2179/1139/756 862/1141/756 215/1142/756
f 216/1143/757 2829/1144/757 863/1145/757
f 182/945/758 2829/1144/758 1373/1146/758
f 863/1145/759 1380/1147/759 214/1148/759
f 219/1149/760 2830/1150/760 865/1151/760
f 1382/1152/761 2181/1153/761 574/1154/761
f 865/1151/762 1382/1152/762 218/505/762
f 218/505/763 2831/1155/763 2184/524/763
f 864/1156/764 2183/1157/764 309/1158/764
f 2184/524/765 864/1156/765 217/522/765
f 1383/1159/766 2185/1160/766 510/516/766
f 220/1161/767 2832/1162/767 1383/1159/767
f 2185/1160/768 2366/1163/768 576/1164/768
f 2187/1165/769 1383/1159/769 510/516/769
f 309/1158/770 2833/1166/770 2187/1165/770
f 1383/1159/771 2367/1167/771 220/1161/771
f 2188/1168/772 1385/504/772 511/477/772
f 219/1149/773 2834/1169/773 2188/1168/773
f 218/505/774 2834/1169/774 865/1151/774
f 1579/1170/775 1386/1171/775 221/1172/775
f 311/1173/776 2835/1174/776 1579/1170/776
f 219/1149/777 2835/1174/777 2353/1175/777
f 512/1176/778 2836/1177/778 1387/1178/778
f 1388/1179/779 1389/1180/779 222/1181/779
f 223/1182/780 2836/1177/780 1388/1179/780
f 2190/1183/781 1391/472/781 224/476/781
f 513/1184/782 2837/1185/782 2190/1183/782
f 1391/472/783 1392/1186/783 119/473/783
f 2191/1187/784 1392/1186/784 513/1184/784
f 221/1172/785 2838/1188/785 2191/1187/785
f 119/473/786 2838/1188/786 2189/1189/786
f 2189/1189/787 763/479/787 119/473/787
f 221/1172/788 2839/1190/788 2189/1189/788
f 763/479/789 867/1191/789 511/477/789
f 514/1192/790 2840/1193/790 1398/1194/790
f 2357/1195/791 2192/1196/791 223/1182/791
f 571/1197/792 2840/1193/792 2357/1195/792
f 2195/1198/793 1395/1199/793 227/1200/793
f 513/1184/794 2841/1201/794 2195/1198/794
f 224/476/795 2841/1201/795 2190/1183/795
f 513/1184/796 2842/1202/796 1393/1203/796
f 1581/1204/797 2196/1205/797 18/1206/797
f 225/1207/798 2842/1202/798 1581/1204/798
f 116/464/799 2843/1208/799 873/1209/799
f 1396/1210/800 1994/463/800 226/459/800
f 228/1211/801 2843/1208/801 1396/1210/801
f 1399/1212/802 1582/1213/802 573/1214/802
f 514/1192/803 2844/1215/803 1399/1212/803
f 571/1197/804 2844/1215/804 1398/1194/804
f 2198/1216/805 1401/1217/805 515/1218/805
f 227/1200/806 2845/1219/806 2198/1216/806
f 453/445/807 2845/1219/807 871/1220/807
f 2199/1221/808 2198/1216/808 515/1218/808
f 308/1222/809 2846/1223/809 2199/1221/809
f 2198/1216/810 2341/1224/810 227/1200/810
f 115/437/811 2847/1225/811 1407/1226/811
f 1403/1227/812 1185/1228/812 116/464/812
f 516/1229/813 2847/1225/813 1403/1227/813
f 516/1229/814 2848/1230/814 2202/1231/814
f 2345/1232/815 2200/1233/815 568/1234/815
f 19/1235/816 2848/1230/816 2345/1232/816
f 1404/1236/817 759/434/817 229/427/817
f 1400/1237/818 1404/1236/818 515/1218/818
f 113/435/819 2849/1238/819 1400/1237/819
f 229/427/820 2850/1239/820 1404/1236/820
f 1405/1240/821 2201/1241/821 556/1242/821
f 1404/1236/822 1405/1240/822 515/1218/822
f 877/1243/823 1409/1244/823 230/1245/823
f 556/1242/824 2851/1246/824 877/1243/824
f 1409/1244/825 2201/1241/825 229/427/825
f 233/420/826 2852/1247/826 2205/1248/826
f 231/1249/827 2852/1247/827 2203/1250/827
f 2205/1248/828 878/1251/828 232/1252/828
f 233/420/829 2853/1253/829 2203/1250/829
f 2204/1254/830 2206/1255/830 518/1256/830
f 231/1249/831 2853/1253/831 2204/1254/831
f 2207/1257/832 1412/1258/832 517/415/832
f 234/1259/833 2854/1260/833 2207/1257/833
f 235/1261/834 2854/1260/834 879/1262/834
f 6/418/835 2855/1263/835 1411/1264/835
f 2278/1265/836 2208/1266/836 237/1267/836
f 234/1259/837 2855/1263/837 2278/1265/837
f 2209/1268/838 1487/1269/838 238/1270/838
f 112/1271/839 2856/1272/839 2209/1268/839
f 541/1273/840 2856/1272/840 1413/1274/840
f 541/1273/841 2857/1275/841 880/1276/841
f 2205/1248/842 2210/1277/842 233/420/842
f 232/1252/843 2857/1275/843 2205/1248/843
f 108/392/844 2858/1278/844 1415/1279/844
f 2211/1280/845 881/1281/845 236/1282/845
f 1415/1279/846 2211/1280/846 237/1267/846
f 883/1283/847 882/1284/847 329/1285/847
f 239/396/848 2859/1286/848 883/1283/848
f 882/1284/849 1416/1287/849 238/1270/849
f 2212/1288/850 884/1289/850 241/1290/850
f 519/1291/851 2860/1292/851 2212/1288/851
f 884/1289/852 1419/1293/852 247/1294/852
f 885/1295/853 1418/1296/853 269/1297/853
f 23/1298/854 2861/1299/854 885/1295/854
f 1418/1296/855 886/1300/855 519/1291/855
f 2213/1301/856 2214/1302/856 519/1291/856
f 240/1303/857 2862/1304/857 2213/1301/857
f 2214/1302/858 892/1305/858 521/1306/858
f 246/1307/859 2863/1308/859 888/1309/859
f 1420/1310/860 2215/1311/860 243/1312/860
f 888/1309/861 1420/1310/861 245/1313/861
f 241/1290/862 2864/1314/862 1421/1315/862
f 2215/1311/863 1422/1316/863 243/1312/863
f 1421/1315/864 2215/1311/864 246/1307/864
f 247/1294/865 2865/1317/865 1423/1318/865
f 1424/1319/866 889/1320/866 250/1321/866
f 1423/1318/867 1424/1319/867 243/1312/867
f 2217/1322/868 891/1323/868 247/1294/868
f 521/1306/869 2866/1324/869 2217/1322/869
f 891/1323/870 890/1325/870 249/1326/870
f 2218/1327/871 895/1328/871 249/1326/871
f 1427/1329/872 2218/1327/872 520/1330/872
f 253/1331/873 2867/1332/873 1427/1329/873
f 249/1326/874 2868/1333/874 893/1334/874
f 896/1335/875 1429/1336/875 252/1337/875
f 250/1321/876 2868/1333/876 896/1335/876
f 897/1338/877 1430/1339/877 253/1331/877
f 251/1340/878 2869/1341/878 897/1338/878
f 1430/1339/879 898/1342/879 252/1337/879
f 2219/1343/880 899/1344/880 94/340/880
f 253/1331/881 2870/1345/881 2219/1343/881
f 899/1344/882 894/1346/882 248/1347/882
f 253/1331/883 2871/1348/883 897/1338/883
f 1433/1349/884 2220/1350/884 446/359/884
f 897/1338/885 1433/1349/885 251/1340/885
f 96/347/886 2872/1351/886 903/1352/886
f 1432/1353/887 2222/1354/887 248/1347/887
f 254/1355/888 2872/1351/888 1432/1353/888
f 2224/1356/889 2221/1357/889 251/1340/889
f 99/1358/890 2873/1359/890 2224/1356/890
f 522/1360/891 2873/1359/891 2223/1361/891
f 2225/1362/892 1434/1363/892 448/341/892
f 254/1355/893 2874/1364/893 2225/1362/893
f 1434/1363/894 1435/1365/894 523/1366/894
f 523/1366/895 2875/1367/895 904/1368/895
f 2235/1369/896 2226/1370/896 520/1330/896
f 904/1368/897 2235/1369/897 255/1371/897
f 2227/1372/898 1445/1373/898 252/1337/898
f 524/1374/899 2876/1375/899 2227/1372/899
f 1445/1373/900 906/1376/900 257/1377/900
f 522/1360/901 2877/1378/901 1436/1379/901
f 1437/1380/902 2228/1381/902 98/374/902
f 1436/1379/903 1437/1380/903 524/1374/903
f 100/375/904 2878/1382/904 1440/1383/904
f 523/1366/905 2878/1382/905 905/1384/905
f 1440/1383/906 1439/1385/906 258/1386/906
f 523/1366/907 2879/1387/907 1438/1388/907
f 255/1371/908 2879/1387/908 904/1368/908
f 1438/1388/909 2229/1389/909 528/1390/909
f 2229/1389/910 2238/1391/910 528/1390/910
f 907/1392/911 2229/1389/911 255/1371/911
f 256/1393/912 2880/1394/912 907/1392/912
f 257/1377/913 2881/1395/913 2231/1396/913
f 524/1374/914 2881/1395/914 906/1376/914
f 2231/1396/915 1441/1397/915 260/1398/915
f 524/1374/916 2882/1399/916 1443/1400/916
f 104/380/917 2882/1399/917 2230/1401/917
f 1443/1400/918 1442/1402/918 525/1403/918
f 2231/1396/919 908/1404/919 257/1377/919
f 909/1405/920 2231/1396/920 260/1398/920
f 24/1406/921 2883/1407/921 909/1405/921
f 2232/1408/922 907/1392/922 255/1371/922
f 240/1303/923 2884/1409/923 2232/1408/923
f 907/1392/924 2233/1410/924 256/1393/924
f 242/1411/925 2885/1412/925 1448/1413/925
f 908/1404/926 2234/1414/926 257/1377/926
f 1448/1413/927 908/1404/927 24/1406/927
f 255/1371/928 2886/1415/928 1444/1416/928
f 520/1330/929 2886/1415/929 2235/1369/929
f 1444/1416/930 1428/1417/930 521/1306/930
f 256/1393/931 2887/1418/931 1447/1419/931
f 886/1300/932 2236/1420/932 519/1291/932
f 1447/1419/933 886/1300/933 23/1298/933
f 24/1406/934 2888/1421/934 1448/1413/934
f 243/1312/935 2888/1421/935 2237/1422/935
f 1448/1413/936 887/1423/936 242/1411/936
f 528/1390/937 2889/1424/937 910/1425/937
f 1447/1419/938 2238/1391/938 256/1393/938
f 23/1298/939 2889/1424/939 1447/1419/939
f 909/1405/940 1449/1426/940 24/1406/940
f 260/1398/941 2890/1427/941 909/1405/941
f 244/1428/942 2890/1427/942 1451/1429/942
f 911/1430/943 2242/1431/943 528/1390/943
f 1452/1432/944 911/1430/944 259/1433/944
f 526/1434/945 2891/1435/945 1452/1432/945
f 912/1436/946 2247/1437/946 261/1438/946
f 913/1439/947 912/1436/947 260/1398/947
f 527/1440/948 2892/1441/948 913/1439/948
f 528/1390/949 2893/1442/949 1454/1443/949
f 526/1434/950 2893/1442/950 2242/1431/950
f 1454/1443/951 2241/1444/951 258/1386/951
f 526/1434/952 2894/1445/952 1456/1446/952
f 489/852/953 2894/1445/953 2244/1447/953
f 1456/1446/954 809/1448/954 105/386/954
f 525/1403/955 2895/1449/955 1457/1450/955
f 450/1451/956 2895/1449/956 2240/1452/956
f 1457/1450/957 1458/1453/957 527/1440/957
f 2243/1454/958 1311/1455/958 489/852/958
f 326/1456/959 2896/1457/959 2243/1454/959
f 107/387/960 2896/1457/960 2249/1458/960
f 1452/1432/961 2245/1459/961 526/1434/961
f 981/1460/962 1452/1432/962 259/1433/962
f 326/1456/963 2897/1461/963 981/1460/963
f 2246/1462/964 1453/1463/964 490/860/964
f 2248/1464/965 2246/1462/965 530/1465/965
f 527/1440/966 2898/1466/966 2248/1464/966
f 326/1456/967 2899/1467/967 2249/1458/967
f 1977/391/968 2250/1468/968 108/392/968
f 107/387/969 2899/1467/969 1977/391/969
f 2251/1469/970 2401/1470/970 530/1465/970
f 239/396/971 2900/1471/971 2251/1469/971
f 329/1285/972 2900/1471/972 883/1283/972
f 2418/1472/973 1463/1473/973 334/1474/973
f 535/1475/974 2901/1476/974 2418/1472/974
f 1463/1473/975 1464/1477/975 531/1478/975
f 263/1479/976 2902/1480/976 916/1481/976
f 262/1482/977 2902/1480/977 2254/1483/977
f 916/1481/978 915/1484/978 4/1485/978
f 1463/1473/979 1465/1486/979 334/1474/979
f 531/1478/980 2903/1487/980 1463/1473/980
f 263/1479/981 2903/1487/981 1462/1488/981
f 535/1475/982 2904/1489/982 1464/1477/982
f 1466/1490/983 2260/1491/983 536/1492/983
f 531/1478/984 2904/1489/984 1466/1490/984
f 531/1478/985 2905/1493/985 2253/1494/985
f 914/1495/986 2252/1496/986 264/1497/986
f 2253/1494/987 914/1495/987 262/1482/987
f 2257/1498/988 1468/1499/988 534/1500/988
f 262/1482/989 2906/1501/989 2257/1498/989
f 1468/1499/990 1470/1502/990 533/1503/990
f 2258/1504/991 2259/1505/991 533/1503/991
f 264/1497/992 2907/1506/992 2258/1504/992
f 538/1507/993 2907/1506/993 1474/1508/993
f 591/1509/994 2908/1510/994 1471/1511/994
f 1472/1512/995 920/1513/995 539/1514/995
f 536/1492/996 2908/1510/996 1472/1512/996
f 536/1492/997 2909/1515/997 2263/1516/997
f 918/1517/998 2262/1518/998 265/1519/998
f 264/1497/999 2909/1515/999 918/1517/999
f 537/1520/1000 2910/1521/1000 2265/1522/1000
f 538/1507/1001 2910/1521/1001 2264/1523/1001
f 2265/1522/1002 1473/1524/1002 592/1525/1002
f 2266/1526/1003 1475/1527/1003 538/1507/1003
f 265/1519/1004 2911/1528/1004 2266/1526/1004
f 540/1529/1005 2911/1528/1005 1480/1530/1005
f 2269/1531/1006 923/1532/1006 265/1519/1006
f 267/1533/1007 2912/1534/1007 2269/1531/1007
f 241/1290/1008 2912/1534/1008 1481/1535/1008
f 246/1307/1009 2913/1536/1009 1421/1315/1009
f 923/1532/1010 2271/1537/1010 265/1519/1010
f 241/1290/1011 2913/1536/1011 923/1532/1011
f 245/1313/1012 2914/1538/1012 2275/1539/1012
f 244/1428/1013 2914/1538/1013 2216/1540/1013
f 271/1541/1014 2914/1538/1014 2276/1542/1014
f 1451/1429/1015 2276/1542/1015 244/1428/1015
f 260/1398/1016 2915/1543/1016 1451/1429/1016
f 271/1541/1017 2915/1543/1017 2400/1544/1017
f 366/1545/1018 2916/1546/1018 2277/1547/1018
f 315/1548/1019 2916/1546/1019 2462/1549/1019
f 2277/1547/1020 1482/1550/1020 235/1261/1020
f 2279/1551/1021 1483/1552/1021 234/1259/1021
f 325/1553/1022 2917/1554/1022 2279/1551/1022
f 366/1545/1023 2917/1554/1023 2452/1555/1023
f 586/1556/1024 2918/1557/1024 925/1558/1024
f 1484/1559/1025 2280/1560/1025 541/1273/1025
f 609/1561/1026 2918/1557/1026 1484/1559/1026
f 232/1252/1027 2919/1562/1027 1486/1563/1027
f 314/1564/1028 2919/1562/1028 2372/1565/1028
f 1486/1563/1029 1608/1566/1029 617/1567/1029
f 542/1568/1030 2920/1569/1030 1488/1570/1030
f 543/1571/1031 2920/1569/1031 2281/1572/1031
f 273/1573/1032 2920/1569/1032 1489/1574/1032
f 927/1575/1033 1490/1576/1033 303/1577/1033
f 542/1568/1034 2921/1578/1034 927/1575/1034
f 273/1573/1035 2921/1578/1035 1488/1570/1035
f 989/1579/1036 1650/1580/1036 587/1581/1036
f 2283/1582/1037 989/1579/1037 263/1479/1037
f 542/1568/1038 2922/1583/1038 2283/1582/1038
f 2283/1582/1039 2281/1572/1039 542/1568/1039
f 263/1479/1040 2923/1584/1040 2283/1582/1040
f 543/1571/1041 2923/1584/1041 1491/1585/1041
f 543/1571/1042 2924/1586/1042 1492/1587/1042
f 926/1588/1043 2284/1589/1043 4/1485/1043
f 1492/1587/1044 926/1588/1044 272/1590/1044
f 546/1591/1045 2925/1592/1045 1495/1593/1045
f 272/1590/1046 2925/1592/1046 2285/1594/1046
f 1495/1593/1047 1497/1595/1047 545/1596/1047
f 2286/1597/1048 1498/1598/1048 545/1596/1048
f 4/1485/1049 2926/1599/1049 2286/1597/1049
f 1498/1598/1050 917/1600/1050 534/1500/1050
f 276/1601/1051 2927/1602/1051 1574/1603/1051
f 1499/1604/1052 2288/1605/1052 547/1606/1052
f 1574/1603/1053 1499/1604/1053 569/1607/1053
f 547/1606/1054 2928/1608/1054 2290/1609/1054
f 930/1610/1055 2289/1611/1055 282/1612/1055
f 2290/1609/1056 930/1610/1056 275/1613/1056
f 280/1614/1057 2929/1615/1057 935/1616/1057
f 549/1617/1058 2929/1615/1058 2291/1618/1058
f 935/1616/1059 1502/1619/1059 279/1620/1059
f 2292/1621/1060 1502/1619/1060 549/1617/1060
f 278/1622/1061 2930/1623/1061 2292/1621/1061
f 279/1620/1062 2930/1623/1062 934/1624/1062
f 2293/1625/1063 1504/1626/1063 281/1627/1063
f 275/1613/1064 2931/1628/1064 2293/1625/1064
f 1504/1626/1065 1505/1629/1065 278/1622/1065
f 283/1630/1066 2932/1631/1066 1506/1632/1066
f 1507/1633/1067 2294/1634/1067 550/1635/1067
f 1506/1632/1068 1507/1633/1068 548/1636/1068
f 548/1636/1069 2933/1637/1069 1501/1638/1069
f 550/1635/1070 2933/1637/1070 1507/1633/1070
f 1501/1638/1071 1509/1639/1071 547/1606/1071
f 2296/1640/1072 1510/1641/1072 284/1642/1072
f 285/1643/1073 2934/1644/1073 2296/1640/1073
f 286/1645/1074 2934/1644/1074 938/1646/1074
f 2297/1647/1075 936/1648/1075 282/1612/1075
f 286/1645/1076 2935/1649/1076 2297/1647/1076
f 292/1650/1077 2935/1649/1077 939/1651/1077
f 290/1652/1078 2936/1653/1078 942/1654/1078
f 1515/1655/1079 2300/1656/1079 287/1657/1079
f 289/1658/1080 2936/1653/1080 1515/1655/1080
f 287/1657/1081 2937/1659/1081 940/1660/1081
f 936/1648/1082 2302/1661/1082 282/1612/1082
f 292/1650/1083 2937/1659/1083 936/1648/1083
f 286/1645/1084 2938/1662/1084 1517/1663/1084
f 285/1643/1085 2938/1662/1085 938/1646/1085
f 1517/1663/1086 1518/1664/1086 552/1665/1086
f 1490/1576/1087 1522/1666/1087 303/1577/1087
f 273/1573/1088 2939/1667/1088 1490/1576/1088
f 553/1668/1089 2939/1667/1089 1523/1669/1089
f 2304/1670/1090 943/1671/1090 291/1672/1090
f 2303/1673/1091 2304/1670/1091 553/1668/1091
f 943/1671/1092 2303/1673/1092 272/1590/1092
f 2305/1674/1093 944/1675/1093 292/1650/1093
f 552/1665/1094 2941/1676/1094 2305/1674/1094
f 291/1672/1095 2941/1676/1095 1524/1677/1095
f 288/1678/1096 2942/1679/1096 1525/1680/1096
f 2329/1681/1097 2306/1682/1097 554/1683/1097
f 1525/1680/1098 2329/1681/1098 562/1684/1098
f 288/1678/1099 2943/1685/1099 1526/1686/1099
f 287/1657/1100 2943/1685/1100 941/1687/1100
f 1526/1686/1101 1527/1688/1101 555/1689/1101
f 555/1689/1102 2944/1690/1102 1529/1691/1102
f 944/1675/1103 2308/1692/1103 292/1650/1103
f 291/1672/1104 2944/1690/1104 944/1675/1104
f 2309/1693/1105 2310/1694/1105 554/1683/1105
f 943/1671/1106 2309/1693/1106 291/1672/1106
f 2310/1694/1107 943/1671/1107 272/1590/1107
f 2310/1694/1108 2311/1695/1108 554/1683/1108
f 2285/1594/1109 2310/1694/1109 272/1590/1109
f 546/1591/1110 2946/1696/1110 2285/1594/1110
f 293/1697/1111 2947/1698/1111 945/1699/1111
f 313/1700/1112 2947/1698/1112 1596/1701/1112
f 945/1699/1113 1533/1702/1113 567/1703/1113
f 294/1704/1114 2948/1705/1114 2313/1706/1114
f 295/1707/1115 2948/1705/1115 1531/1708/1115
f 2313/1706/1116 946/1709/1116 307/1710/1116
f 2378/1711/1117 1532/1712/1117 313/1700/1117
f 296/1713/1118 2949/1714/1118 2378/1711/1118
f 1532/1712/1119 947/1715/1119 564/1716/1119
f 297/1717/1120 2950/1718/1120 2314/1719/1120
f 1535/1720/1121 1534/1721/1121 294/1704/1121
f 2314/1719/1122 1535/1720/1122 565/1722/1122
f 557/1723/1123 2951/1724/1123 1539/1725/1123
f 298/1726/1124 2951/1724/1124 1537/1727/1124
f 1539/1725/1125 948/1728/1125 563/1729/1125
f 564/1716/1126 2952/1730/1126 2335/1731/1126
f 1539/1725/1127 1540/1732/1127 557/1723/1127
f 563/1729/1128 2952/1730/1128 1539/1725/1128
f 1562/1733/1129 2317/1734/1129 299/1735/1129
f 565/1722/1130 2953/1736/1130 1562/1733/1130
f 566/1737/1131 2953/1736/1131 1565/1738/1131
f 583/1739/1132 2954/1740/1132 2319/1741/1132
f 300/1742/1133 2954/1740/1133 2320/1743/1133
f 2319/1741/1134 950/1744/1134 304/1745/1134
f 319/1746/1135 2955/1747/1135 1617/1748/1135
f 1542/1749/1136 2321/1750/1136 558/1751/1136
f 584/1752/1137 2955/1747/1137 1542/1749/1137
f 558/1751/1138 2956/1753/1138 1542/1749/1138
f 1543/1754/1139 2322/1755/1139 25/1756/1139
f 1542/1749/1140 1543/1754/1140 584/1752/1140
f 657/1757/1141 2957/1758/1141 2568/1759/1141
f 1544/1760/1142 952/1761/1142 302/1762/1142
f 322/1763/1143 2957/1758/1143 1544/1760/1143
f 2324/1764/1144 1547/1765/1144 303/1577/1144
f 300/1742/1145 2958/1766/1145 2324/1764/1145
f 559/1767/1146 2958/1766/1146 1546/1768/1146
f 2325/1769/1147 955/1770/1147 562/1684/1147
f 951/1771/1148 2325/1769/1148 301/1772/1148
f 25/1756/1149 2959/1773/1149 951/1771/1149
f 2326/1774/1150 1554/1775/1150 21/1776/1150
f 2325/1769/1151 2326/1774/1151 301/1772/1151
f 562/1684/1152 2960/1777/1152 2325/1769/1152
f 1648/1778/1153 1550/1779/1153 305/1780/1153
f 659/1781/1154 2961/1782/1154 1648/1778/1154
f 20/1783/1155 2961/1782/1155 2572/1784/1155
f 1552/1785/1156 1522/1666/1156 553/1668/1156
f 561/1786/1157 2962/1787/1157 1552/1785/1157
f 303/1577/1158 2962/1787/1158 953/1788/1158
f 2327/1789/1159 1521/1790/1159 285/1643/1159
f 954/1791/1160 2327/1789/1160 304/1745/1160
f 561/1786/1161 2963/1792/1161 954/1791/1161
f 2296/1640/1162 2327/1789/1162 285/1643/1162
f 284/1642/1163 2964/1793/1163 2296/1640/1163
f 2327/1789/1164 1556/1794/1164 304/1745/1164
f 2328/1795/1165 955/1770/1165 25/1756/1165
f 1525/1680/1166 2328/1795/1166 288/1678/1166
f 562/1684/1167 2965/1796/1167 1525/1680/1167
f 562/1684/1168 2966/1797/1168 1554/1775/1168
f 1528/1798/1169 2329/1681/1169 554/1683/1169
f 21/1776/1170 2966/1797/1170 1528/1798/1170
f 289/1658/1171 2967/1799/1171 1555/1800/1171
f 2328/1795/1172 2299/1801/1172 288/1678/1172
f 1555/1800/1173 2328/1795/1173 25/1756/1173
f 2331/1802/1174 1557/1803/1174 283/1630/1174
f 563/1729/1175 2968/1804/1175 2331/1802/1175
f 1557/1803/1176 948/1728/1176 298/1726/1176
f 2332/1805/1177 1556/1794/1177 284/1642/1177
f 949/1806/1178 2332/1805/1178 298/1726/1178
f 304/1745/1179 2969/1807/1179 949/1806/1179
f 566/1737/1180 2970/1808/1180 1566/1809/1180
f 1558/1810/1181 2333/1811/1181 290/1652/1181
f 1566/1809/1182 1558/1810/1182 558/1751/1182
f 2334/1812/1183 2322/1755/1183 558/1751/1183
f 1555/1800/1184 2334/1812/1184 289/1658/1184
f 25/1756/1185 2971/1813/1185 1555/1800/1185
f 548/1636/1186 2972/1814/1186 1561/1815/1186
f 1559/1816/1187 932/1817/1187 277/1818/1187
f 1561/1815/1188 1559/1816/1188 563/1729/1188
f 935/1616/1189 1564/1819/1189 280/1614/1189
f 279/1620/1190 2973/1820/1190 935/1616/1190
f 1564/1819/1191 2336/1821/1191 566/1737/1191
f 2338/1822/1192 2337/1823/1192 567/1703/1192
f 564/1716/1193 2974/1824/1193 2338/1822/1193
f 277/1818/1194 2974/1824/1194 1560/1825/1194
f 276/1601/1195 2975/1826/1195 931/1827/1195
f 2337/1823/1196 2339/1828/1196 567/1703/1196
f 277/1818/1197 2975/1826/1197 2337/1823/1197
f 2340/1829/1198 1567/1830/1198 307/1710/1198
f 549/1617/1199 2976/1831/1199 2340/1829/1199
f 280/1614/1200 2976/1831/1200 2291/1618/1200
f 227/1200/1201 2977/1832/1201 874/1833/1201
f 960/1834/1202 2341/1224/1202 308/1222/1202
f 874/1833/1203 960/1834/1203 18/1206/1203
f 945/1699/1204 1571/1835/1204 293/1697/1204
f 567/1703/1205 2978/1836/1205 945/1699/1205
f 308/1222/1206 2978/1836/1206 1570/1837/1206
f 568/1234/1207 2979/1838/1207 2343/1839/1207
f 1568/1840/1208 2344/1841/1208 570/1842/1208
f 307/1710/1209 2979/1838/1209 1568/1840/1209
f 19/1235/1210 2980/1843/1210 2312/1844/1210
f 1572/1845/1211 2345/1232/1211 568/1234/1211
f 295/1707/1212 2980/1843/1212 1572/1845/1212
f 306/1846/1213 2981/1847/1213 1585/1848/1213
f 1573/1849/1214 2347/1850/1214 276/1601/1214
f 575/1851/1215 2981/1847/1215 1573/1849/1215
f 575/1851/1216 2982/1852/1216 2359/1853/1216
f 1575/1854/1217 2349/1855/1217 569/1607/1217
f 2359/1853/1218 1575/1854/1218 577/1856/1218
f 569/1607/1219 2983/1857/1219 2351/1858/1219
f 961/1859/1220 2350/1860/1220 275/1613/1220
f 2351/1858/1221 961/1859/1221 309/1158/1221
f 2352/1861/1222 1576/1862/1222 310/1863/1222
f 281/1627/1223 2984/1864/1223 2352/1861/1223
f 549/1617/1224 2984/1864/1224 1503/1865/1224
f 312/1866/1225 2985/1867/1225 1577/1868/1225
f 309/1158/1226 2985/1867/1226 2365/1869/1226
f 1577/1868/1227 1578/1870/1227 281/1627/1227
f 219/1149/1228 2986/1871/1228 2181/1153/1228
f 1586/1872/1229 2353/1175/1229 311/1173/1229
f 574/1154/1230 2986/1871/1230 1586/1872/1230
f 223/1182/1231 2987/1873/1231 2357/1195/1231
f 2354/1874/1232 2355/1875/1232 572/1876/1232
f 571/1197/1233 2987/1873/1233 2354/1874/1233
f 2356/1877/1234 2354/1874/1234 572/1876/1234
f 1582/1213/1235 2356/1877/1235 573/1214/1235
f 571/1197/1236 2988/1878/1236 1582/1213/1236
f 311/1173/1237 2989/1879/1237 1586/1872/1237
f 1584/1880/1238 2358/1881/1238 575/1851/1238
f 1586/1872/1239 1584/1880/1239 574/1154/1239
f 1587/1882/1240 960/1834/1240 308/1222/1240
f 1583/1883/1241 1587/1882/1241 575/1851/1241
f 18/1206/1242 2990/1884/1242 1583/1883/1242
f 1569/1885/1243 1587/1882/1243 308/1222/1243
f 306/1846/1244 2991/1886/1244 1569/1885/1244
f 1587/1882/1245 1585/1848/1245 575/1851/1245
f 2360/1887/1246 2361/1888/1246 310/1863/1246
f 572/1876/1247 2992/1889/1247 2360/1887/1247
f 2361/1888/1248 2364/1890/1248 576/1164/1248
f 576/1164/1249 2993/1891/1249 964/1892/1249
f 1592/1893/1250 2366/1163/1250 220/1161/1250
f 312/1866/1251 2993/1891/1251 1592/1893/1251
f 235/1261/1252 2994/1894/1252 876/1895/1252
f 2368/1896/1253 2369/1897/1253 578/1898/1253
f 876/1895/1254 2368/1896/1254 230/1245/1254
f 2370/1899/1255 2368/1896/1255 578/1898/1255
f 579/1900/1256 2995/1901/1256 2370/1899/1256
f 2368/1896/1257 1593/1902/1257 230/1245/1257
f 578/1898/1258 2996/1903/1258 2370/1899/1258
f 1595/1904/1259 1602/1905/1259 316/1906/1259
f 579/1900/1260 2996/1903/1260 1595/1904/1260
f 2371/1907/1261 1597/1908/1261 579/1900/1261
f 293/1697/1262 2997/1909/1262 2371/1907/1262
f 556/1242/1263 2997/1909/1263 1530/1910/1263
f 231/1249/1264 2998/1911/1264 1600/1912/1264
f 1601/1913/1265 2373/1914/1265 19/1235/1265
f 1600/1912/1266 1601/1913/1266 580/1915/1266
f 580/1915/1267 2999/1916/1267 2375/1917/1267
f 1531/1708/1268 2374/1918/1268 295/1707/1268
f 2375/1917/1269 1531/1708/1269 294/1704/1269
f 2375/1917/1270 2376/1919/1270 580/1915/1270
f 294/1704/1271 3000/1920/1271 2375/1917/1271
f 2376/1919/1272 2380/1921/1272 582/1922/1272
f 315/1548/1273 3001/1923/1273 1605/1924/1273
f 316/1906/1274 3001/1923/1274 2377/1925/1274
f 1605/1924/1275 1602/1905/1275 578/1898/1275
f 582/1922/1276 3002/1926/1276 1607/1927/1276
f 617/1567/1277 3002/1926/1277 967/1928/1277
f 1607/1927/1278 1608/1566/1278 314/1564/1278
f 316/1906/1279 3003/1929/1279 966/1930/1279
f 1609/1931/1280 2381/1932/1280 318/1933/1280
f 581/1934/1281 3003/1929/1281 1609/1931/1281
f 2382/1935/1282 968/1936/1282 610/1937/1282
f 316/1906/1283 3004/1938/1283 2382/1935/1283
f 315/1548/1284 3004/1938/1284 2377/1925/1284
f 2383/1939/1285 1612/1940/1285 319/1746/1285
f 582/1922/1286 3005/1941/1286 2383/1939/1286
f 317/1942/1287 3005/1941/1287 2379/1943/1287
f 317/1942/1288 3006/1944/1288 2385/1945/1288
f 297/1717/1289 3006/1944/1289 1613/1946/1289
f 2385/1945/1290 2316/1947/1290 299/1735/1290
f 2386/1948/1291 1615/1949/1291 583/1739/1291
f 321/1950/1292 3007/1951/1292 2386/1948/1292
f 322/1763/1293 3007/1951/1293 973/1952/1293
f 2387/1953/1294 2386/1948/1294 583/1739/1294
f 972/1954/1295 2387/1953/1295 610/1937/1295
f 321/1950/1296 3008/1955/1296 972/1954/1296
f 2389/1956/1297 1546/1768/1297 300/1742/1297
f 322/1763/1298 3009/1957/1298 2389/1956/1298
f 559/1767/1299 3009/1957/1299 2388/1958/1299
f 584/1752/1300 3010/1959/1300 1617/1748/1300
f 2384/1960/1301 2390/1961/1301 320/1962/1301
f 319/1746/1302 3010/1959/1302 2384/1960/1302
f 301/1772/1303 3011/1963/1303 2323/1964/1303
f 1619/1965/1304 1620/1966/1304 20/1783/1304
f 584/1752/1305 3011/1963/1305 1619/1965/1305
f 266/1967/1306 3012/1968/1306 924/1969/1306
f 1622/1970/1307 1623/1971/1307 323/1972/1307
f 924/1969/1308 1622/1970/1308 269/1297/1308
f 1625/1973/1309 1622/1970/1309 323/1972/1309
f 585/1974/1310 3013/1975/1310 1625/1973/1310
f 1622/1970/1311 1624/1976/1311 269/1297/1311
f 586/1556/1312 3014/1977/1312 2394/1978/1312
f 1633/1979/1313 979/1980/1313 607/1981/1313
f 2394/1978/1314 1633/1979/1314 26/1982/1314
f 1634/1983/1315 1627/1984/1315 26/1982/1315
f 978/1985/1316 1634/1983/1316 608/1986/1316
f 324/1987/1317 3015/1988/1317 978/1985/1317
f 607/1981/1318 3016/1989/1318 1633/1979/1318
f 608/1986/1319 3016/1989/1319 1724/1990/1319
f 1633/1979/1320 1634/1983/1320 26/1982/1320
f 2392/1991/1321 1635/1992/1321 237/1267/1321
f 585/1974/1322 3017/1993/1322 2392/1991/1322
f 325/1553/1323 3017/1993/1323 1630/1994/1323
f 26/1982/1324 3018/1995/1324 2394/1978/1324
f 1636/1996/1325 2393/1997/1325 238/1270/1325
f 586/1556/1326 3018/1995/1326 1636/1996/1326
f 2396/1998/1327 1638/1999/1327 236/1282/1327
f 327/2000/1328 3019/2001/1328 2396/1998/1328
f 1638/1999/1329 2398/2002/1329 585/1974/1329
f 328/2003/1330 3020/2004/1330 983/2005/1330
f 980/2006/1331 1641/2007/1331 329/1285/1331
f 983/2005/1332 980/2006/1332 26/1982/1332
f 270/2008/1333 3021/2009/1333 1455/2010/1333
f 982/2011/1334 2397/2012/1334 327/2000/1334
f 1455/2010/1335 982/2011/1335 528/1390/1335
f 269/1297/1336 3022/2013/1336 2274/2014/1336
f 1642/2015/1337 1624/1976/1337 585/1974/1337
f 270/2008/1338 3022/2013/1338 1642/2015/1338
f 2399/2016/1339 1643/2017/1339 271/1541/1339
f 328/2003/1340 3023/2018/1340 2399/2016/1340
f 1643/2017/1341 983/2005/1341 26/1982/1341
f 2399/2016/1342 984/2019/1342 328/2003/1342
f 271/1541/1343 3024/2020/1343 2399/2016/1343
f 984/2019/1344 2400/1544/1344 260/1398/1344
f 657/1757/1345 3025/2021/1345 1646/2022/1345
f 421/2023/1346 3025/2021/1346 1879/2024/1346
f 1646/2022/1347 1644/2025/1347 587/1581/1347
f 422/2026/1348 3026/2027/1348 1647/2028/1348
f 659/1781/1349 3026/2027/1349 1883/2029/1349
f 1647/2028/1350 2403/2030/1350 274/2031/1350
f 2402/2032/1351 1553/2033/1351 302/1762/1351
f 1649/2034/1352 2402/2032/1352 587/1581/1352
f 303/1577/1353 3027/2035/1353 1649/2034/1353
f 1665/2036/1354 987/2037/1354 330/2038/1354
f 1651/2039/1355 1665/2036/1355 334/1474/1355
f 587/1581/1356 3028/2040/1356 1651/2039/1356
f 2405/2041/1357 1653/2042/1357 21/1776/1357
f 1496/2043/1358 2405/2041/1358 544/2044/1358
f 274/2031/1359 3029/2045/1359 1496/2043/1359
f 2409/2046/1360 977/2047/1360 323/1972/1360
f 2408/2048/1361 2409/2046/1361 331/2049/1361
f 367/2050/1362 3030/2051/1362 2408/2048/1362
f 588/2052/1363 3031/2053/1363 974/2054/1363
f 2409/2046/1364 2406/2055/1364 331/2049/1364
f 974/2054/1365 2409/2046/1365 323/1972/1365
f 332/2056/1366 3032/2057/1366 2407/2058/1366
f 330/2038/1367 3032/2057/1367 2410/2059/1367
f 2407/2058/1368 986/2060/1368 22/2061/1368
f 2412/2062/1369 993/2063/1369 333/2064/1369
f 590/2065/1370 3033/2066/1370 2412/2062/1370
f 589/2067/1371 3033/2066/1371 2411/2068/1371
f 1656/2069/1372 2412/2062/1372 333/2064/1372
f 661/2070/1373 3034/2071/1373 1656/2069/1373
f 2412/2062/1374 1657/2072/1374 590/2065/1374
f 334/1474/1375 3035/2073/1375 919/2074/1375
f 332/2056/1376 3035/2073/1376 2413/2075/1376
f 919/2074/1377 1661/2076/1377 591/1509/1377
f 2414/2077/1378 1662/2078/1378 591/1509/1378
f 323/1972/1379 3036/2079/1379 2414/2077/1379
f 1662/2078/1380 1623/1971/1380 266/1967/1380
f 2415/2080/1381 1663/2081/1381 592/1525/1381
f 333/2064/1382 3037/2082/1382 2415/2080/1382
f 1663/2081/1383 993/2063/1383 589/2067/1383
f 532/2083/1384 3038/2084/1384 1666/2085/1384
f 589/2067/1385 3038/2084/1385 2416/2086/1385
f 593/2087/1386 3038/2084/1386 992/2088/1386
f 2417/2089/1387 2415/2080/1387 592/1525/1387
f 324/1987/1388 3039/2090/1388 2417/2089/1388
f 333/2064/1389 3039/2090/1389 975/2091/1389
f 1469/2092/1390 928/2093/1390 534/1500/1390
f 532/2083/1391 3040/2094/1391 1469/2092/1391
f 928/2093/1392 990/2095/1392 274/2031/1392
f 338/2096/1393 3041/2097/1393 996/2098/1393
f 1668/2099/1394 1670/2100/1394 27/2101/1394
f 337/2102/1395 3041/2097/1395 1668/2099/1395
f 27/2101/1396 3042/2103/1396 1668/2099/1396
f 340/2104/1397 3042/2103/1397 1673/2105/1397
f 1668/2099/1398 1669/2106/1398 337/2102/1398
f 1671/2107/1399 2550/2108/1399 335/2109/1399
f 2545/2110/1400 1671/2107/1400 647/2111/1400
f 650/2112/1401 3043/2113/1401 2545/2110/1401
f 2421/2114/1402 1671/2107/1402 335/2109/1402
f 28/2115/1403 3044/2116/1403 2421/2114/1403
f 1671/2107/1404 997/2117/1404 647/2111/1404
f 343/2118/1405 3045/2119/1405 998/2120/1405
f 2423/2121/1406 2422/2122/1406 27/2101/1406
f 998/2120/1407 2423/2121/1407 339/2123/1407
f 2423/2121/1408 2424/2124/1408 339/2123/1408
f 1848/2125/1409 2423/2121/1409 27/2101/1409
f 652/2126/1410 3046/2127/1410 1848/2125/1410
f 341/2128/1411 3047/2129/1411 2426/2130/1411
f 1675/2131/1412 1674/2132/1412 595/2133/1412
f 2426/2130/1413 1675/2131/1413 647/2111/1413
f 345/2134/1414 3048/2135/1414 1677/2136/1414
f 1678/2137/1415 1679/2138/1415 348/2139/1415
f 1677/2136/1416 1678/2137/1416 595/2133/1416
f 596/2140/1417 3049/2141/1417 2429/2142/1417
f 348/2139/1418 3049/2141/1418 1685/2143/1418
f 2429/2142/1419 1679/2138/1419 345/2134/1419
f 1838/2144/1420 1681/2145/1420 344/2146/1420
f 646/2147/1421 3050/2148/1421 1838/2144/1421
f 1681/2145/1422 1682/2149/1422 352/2150/1422
f 342/2151/1423 3051/2152/1423 1683/2153/1423
f 344/2146/1424 3051/2152/1424 999/2154/1424
f 1683/2153/1425 1680/2155/1425 346/2156/1425
f 1002/2157/1426 1682/2149/1426 646/2147/1426
f 347/2158/1427 3052/2159/1427 1002/2157/1427
f 352/2150/1428 3052/2159/1428 1008/2160/1428
f 596/2140/1429 3053/2161/1429 1685/2143/1429
f 1686/2162/1430 1004/2163/1430 350/2164/1430
f 348/2139/1431 3053/2161/1431 1686/2162/1431
f 353/2165/1432 3054/2166/1432 1007/2167/1432
f 1006/2168/1433 2432/2169/1433 352/2150/1433
f 1007/2167/1434 1006/2168/1434 597/2170/1434
f 1691/2171/1435 1006/2168/1435 352/2150/1435
f 641/2172/1436 3055/2173/1436 1691/2171/1436
f 1006/2168/1437 1005/2174/1437 597/2170/1437
f 351/2175/1438 3056/2176/1438 2437/2177/1438
f 1888/2178/1439 2434/2179/1439 368/2180/1439
f 402/2181/1440 3056/2176/1440 1888/2178/1440
f 351/2175/1441 3057/2182/1441 2436/2183/1441
f 402/2181/1442 3057/2182/1442 2437/2177/1442
f 2436/2183/1443 1814/2184/1443 401/2185/1443
f 2438/2186/1444 1694/2187/1444 597/2170/1444
f 357/2188/1445 3058/2189/1445 2438/2186/1445
f 606/2190/1446 3058/2189/1446 2458/2191/1446
f 600/2192/1447 3059/2193/1447 1699/2194/1447
f 1700/2195/1448 2440/2196/1448 598/2197/1448
f 596/2140/1449 3059/2193/1449 1700/2195/1449
f 1700/2195/1450 1004/2163/1450 596/2140/1450
f 598/2197/1451 3060/2198/1451 1700/2195/1451
f 350/2164/1452 3060/2198/1452 1696/2199/1452
f 359/2200/1453 3061/2201/1453 1698/2202/1453
f 1690/2203/1454 2441/2204/1454 354/2205/1454
f 353/2165/1455 3061/2201/1455 1690/2203/1455
f 1014/2206/1456 2441/2204/1456 359/2200/1456
f 360/2207/1457 3062/2208/1457 1014/2206/1457
f 354/2205/1458 3062/2208/1458 1702/2209/1458
f 1705/2210/1459 1015/2211/1459 29/2212/1459
f 354/2205/1460 3063/2213/1460 1705/2210/1460
f 360/2207/1461 3063/2213/1461 1702/2209/1461
f 2443/2214/1462 1703/2215/1462 601/2216/1462
f 345/2134/1463 3064/2217/1463 2443/2214/1463
f 1703/2215/1464 2442/2218/1464 603/2219/1464
f 601/2216/1465 3065/2220/1465 2443/2214/1465
f 2429/2142/1466 2444/2221/1466 596/2140/1466
f 345/2134/1467 3065/2220/1467 2429/2142/1467
f 603/2219/1468 3066/2222/1468 2445/2223/1468
f 1001/2224/1469 2442/2218/1469 345/2134/1469
f 2445/2223/1470 1001/2224/1470 341/2128/1470
f 363/2225/1471 3067/2226/1471 1019/2227/1471
f 343/2118/1472 3067/2226/1472 2447/2228/1472
f 1019/2227/1473 1710/2229/1473 362/2230/1473
f 362/2230/1474 3068/2231/1474 1018/2232/1474
f 342/2151/1475 3068/2231/1475 1711/2233/1475
f 1018/2232/1476 1017/2234/1476 361/2235/1476
f 1000/2236/1477 1710/2229/1477 343/2118/1477
f 342/2151/1478 3069/2237/1478 1000/2236/1478
f 362/2230/1479 3069/2237/1479 1711/2233/1479
f 604/2238/1480 3070/2239/1480 1712/2240/1480
f 28/2115/1481 3070/2239/1481 2449/2241/1481
f 1712/2240/1482 1713/2242/1482 336/2243/1482
f 1021/2244/1483 1020/2245/1483 364/2246/1483
f 340/2104/1484 3071/2247/1484 1021/2244/1484
f 1020/2245/1485 1714/2248/1485 363/2225/1485
f 2451/2249/1486 1717/2250/1486 605/2251/1486
f 615/2252/1487 3072/2253/1487 2451/2249/1487
f 1717/2250/1488 1024/2254/1488 366/1545/1488
f 607/1981/1489 3073/2255/1489 1725/2256/1489
f 1754/2257/1490 2453/2258/1490 616/2259/1490
f 1725/2256/1491 1754/2257/1491 379/2260/1491
f 925/1558/1492 979/1980/1492 586/1556/1492
f 1719/2261/1493 925/1558/1493 609/1561/1493
f 607/1981/1494 3074/2262/1494 1719/2261/1494
f 2454/2263/1495 1720/2264/1495 355/2265/1495
f 605/2251/1496 3075/2266/1496 2454/2263/1496
f 367/2050/1497 3075/2266/1497 2450/2267/1497
f 355/2265/1498 3076/2268/1498 2454/2263/1498
f 612/2269/1499 3076/2268/1499 2456/2270/1499
f 2454/2263/1500 1721/2271/1500 605/2251/1500
f 357/2188/1501 3077/2272/1501 2458/2191/1501
f 1722/2273/1502 2457/2274/1502 608/1986/1502
f 606/2190/1503 3077/2272/1503 1722/2273/1503
f 1725/2256/1504 2459/2275/1504 607/1981/1504
f 379/2260/1505 3078/2276/1505 1725/2256/1505
f 2459/2275/1506 1023/2277/1506 613/2278/1506
f 606/2190/1507 3079/2279/1507 2461/2280/1507
f 613/2278/1508 3079/2279/1508 2460/2281/1508
f 2461/2280/1509 2470/2282/1509 358/2283/1509
f 609/1561/1510 3080/2284/1510 1726/2285/1510
f 1753/2286/1511 2463/2287/1511 617/1567/1511
f 1726/2285/1512 1753/2286/1512 616/2259/1512
f 2464/2288/1513 1730/2289/1513 610/1937/1513
f 611/2290/1514 3081/2291/1514 2464/2288/1514
f 594/2292/1515 3081/2291/1515 995/2293/1515
f 337/2102/1516 3082/2294/1516 996/2098/1516
f 1731/2295/1517 2466/2296/1517 320/1962/1517
f 338/2096/1518 3082/2294/1518 1731/2295/1518
f 374/2297/1519 3083/2298/1519 2483/2299/1519
f 1737/2300/1520 2473/2301/1520 375/2302/1520
f 2483/2299/1521 1737/2300/1521 379/2260/1521
f 1737/2300/1522 1023/2277/1522 379/2260/1522
f 1735/2303/1523 1737/2300/1523 375/2302/1523
f 613/2278/1524 3084/2304/1524 1735/2303/1524
f 372/2305/1525 3085/2306/1525 1738/2307/1525
f 622/2308/1526 3085/2306/1526 2471/2309/1526
f 1738/2307/1527 1029/2310/1527 620/2311/1527
f 375/2302/1528 3086/2312/1528 2486/2313/1528
f 374/2297/1529 3086/2312/1529 2473/2301/1529
f 2486/2313/1530 1739/2314/1530 621/2315/1530
f 377/2316/1531 3087/2317/1531 1031/2318/1531
f 1740/2319/1532 1742/2320/1532 380/2321/1532
f 1031/2318/1533 1740/2319/1533 374/2297/1533
f 370/2322/1534 3088/2323/1534 2477/2324/1534
f 2478/2325/1535 2475/2326/1535 376/2327/1535
f 2477/2324/1536 2478/2325/1536 365/2328/1536
f 2477/2324/1537 1729/2329/1537 370/2322/1537
f 365/2328/1538 3089/2330/1538 2477/2324/1538
f 611/2290/1539 3089/2330/1539 1022/2331/1539
f 2479/2332/1540 968/1936/1540 315/1548/1540
f 614/2333/1541 3090/2334/1541 2479/2332/1541
f 968/1936/1542 1744/2335/1542 610/1937/1542
f 30/2336/1543 3091/2337/1543 1745/2338/1543
f 971/2339/1544 2482/2340/1544 617/1567/1544
f 1745/2338/1545 971/2339/1545 320/1962/1545
f 1748/2341/1546 1750/2342/1546 615/2252/1546
f 376/2327/1547 3092/2343/1547 1748/2341/1547
f 1750/2342/1548 1747/2344/1548 614/2333/1548
f 373/2345/1549 3093/2346/1549 1749/2347/1549
f 1748/2341/1550 2480/2348/1550 376/2327/1550
f 615/2252/1551 3093/2346/1551 1748/2341/1551
f 2481/2349/1552 2483/2299/1552 379/2260/1552
f 1031/2318/1553 2481/2349/1553 377/2316/1553
f 374/2297/1554 3094/2350/1554 1031/2318/1554
f 617/1567/1555 3095/2351/1555 1753/2286/1555
f 30/2336/1556 3095/2351/1556 2482/2340/1556
f 1753/2286/1557 1752/2352/1557 616/2259/1557
f 1756/2353/1558 2478/2325/1558 376/2327/1558
f 636/2354/1559 3096/2355/1559 1756/2353/1559
f 2478/2325/1560 1755/2356/1560 365/2328/1560
f 377/2316/1561 3097/2357/1561 1742/2320/1561
f 1757/2358/1562 2485/2359/1562 618/2360/1562
f 380/2321/1563 3097/2357/1563 1757/2358/1563
f 1037/2361/1564 1759/2362/1564 620/2311/1564
f 393/2363/1565 3098/2364/1565 1037/2361/1565
f 619/2365/1566 3098/2364/1566 2522/2366/1566
f 1763/2367/1567 1029/2310/1567 622/2308/1567
f 1760/2368/1568 1763/2367/1568 382/2369/1568
f 620/2311/1569 3099/2370/1569 1760/2368/1569
f 621/2315/1570 3100/2371/1570 1761/2372/1570
f 1039/2373/1571 1762/2374/1571 381/2375/1571
f 631/2376/1572 3100/2371/1572 1039/2373/1572
f 1769/2377/1573 1767/2378/1573 398/2379/1573
f 623/2380/1574 3101/2381/1574 1769/2377/1574
f 622/2308/1575 3101/2381/1575 1768/2382/1575
f 1027/2383/1576 2512/2384/1576 359/2200/1576
f 1770/2385/1577 1027/2383/1577 375/2302/1577
f 384/2386/1578 3102/2387/1578 1770/2385/1578
f 385/2388/1579 3103/2389/1579 1041/2390/1579
f 1051/2391/1580 2491/2392/1580 634/2393/1580
f 1041/2390/1581 1051/2391/1581 386/2394/1581
f 1772/2395/1582 2518/2396/1582 635/2397/1582
f 387/2398/1583 3104/2399/1583 1772/2395/1583
f 2518/2396/1584 1775/2400/1584 624/2401/1584
f 604/2238/1585 3105/2402/1585 1042/2403/1585
f 2532/2404/1586 1774/2405/1586 386/2394/1586
f 1042/2403/1587 2532/2404/1587 388/2406/1587
f 604/2238/1588 3106/2407/1588 1774/2405/1588
f 1041/2390/1589 2492/2408/1589 385/2388/1589
f 386/2394/1590 3106/2407/1590 1041/2390/1590
f 2493/2409/1591 1775/2400/1591 387/2398/1591
f 363/2225/1592 3107/2410/1592 2493/2409/1592
f 624/2401/1593 3107/2410/1593 2494/2411/1593
f 2494/2411/1594 1776/2412/1594 624/2401/1594
f 363/2225/1595 3108/2413/1595 2494/2411/1595
f 1776/2412/1596 1780/2414/1596 389/2415/1596
f 603/2219/1597 3109/2416/1597 1777/2417/1597
f 1778/2418/1598 1709/2419/1598 602/2420/1598
f 1777/2417/1599 1778/2418/1599 625/2421/1599
f 602/2420/1600 3110/2422/1600 1778/2418/1600
f 388/2406/1601 3110/2422/1601 2496/2423/1601
f 1778/2418/1602 2530/2424/1602 625/2421/1602
f 389/2415/1603 3111/2425/1603 1043/2426/1603
f 362/2230/1604 3111/2425/1604 2497/2427/1604
f 1043/2426/1605 1779/2428/1605 399/2429/1605
f 1018/2232/1606 1779/2428/1606 362/2230/1606
f 361/2235/1607 3112/2430/1607 1018/2232/1607
f 1779/2428/1608 2498/2431/1608 399/2429/1608
f 2499/2432/1609 1781/2433/1609 601/2216/1609
f 1782/2434/1610 2499/2432/1610 625/2421/1610
f 626/2435/1611 3113/2436/1611 1782/2434/1611
f 2500/2437/1612 1781/2433/1612 626/2435/1612
f 390/2438/1613 3114/2439/1613 2500/2437/1613
f 601/2216/1614 3114/2439/1614 2508/2440/1614
f 2501/2441/1615 2503/2442/1615 399/2429/1615
f 2502/2443/1616 2501/2441/1616 29/2212/1616
f 627/2444/1617 3115/2445/1617 2502/2443/1617
f 2506/2446/1618 2440/2196/1618 600/2192/1618
f 391/2447/1619 3116/2448/1619 2506/2446/1619
f 2440/2196/1620 2505/2449/1620 598/2197/1620
f 2508/2440/1621 1701/2450/1621 601/2216/1621
f 390/2438/1622 3117/2451/1622 2508/2440/1622
f 1701/2450/1623 2507/2452/1623 600/2192/1623
f 360/2207/1624 3118/2453/1624 1784/2454/1624
f 2509/2455/1625 1785/2456/1625 629/2457/1625
f 1784/2454/1626 2509/2455/1626 628/2458/1626
f 359/2200/1627 3119/2459/1627 1787/2460/1627
f 392/2461/1628 3119/2459/1628 1789/2462/1628
f 1787/2460/1629 1786/2463/1629 629/2457/1629
f 359/2200/1630 3120/2464/1630 1789/2462/1630
f 1788/2465/1631 2512/2384/1631 384/2386/1631
f 1789/2462/1632 1788/2465/1632 392/2461/1632
f 382/2369/1633 3121/2466/1633 2513/2467/1633
f 1048/2468/1634 1805/2469/1634 638/2470/1634
f 393/2363/1635 3121/2466/1635 1048/2468/1635
f 633/2471/1636 3122/2472/1636 1793/2473/1636
f 2519/2474/1637 2514/2475/1637 634/2393/1637
f 1793/2473/1638 2519/2474/1638 638/2470/1638
f 2516/2476/1639 1794/2477/1639 394/2478/1639
f 635/2397/1640 3123/2479/1640 2516/2476/1640
f 1794/2477/1641 1795/2480/1641 396/2481/1641
f 2519/2474/1642 1797/2482/1642 638/2470/1642
f 1796/2483/1643 2519/2474/1643 634/2393/1643
f 397/2484/1644 3124/2485/1644 1796/2483/1644
f 393/2363/1645 3125/2486/1645 2522/2366/1645
f 1801/2487/1646 2523/2488/1646 397/2484/1646
f 619/2365/1647 3125/2486/1647 1801/2487/1647
f 638/2470/1648 3126/2489/1648 1048/2468/1648
f 397/2484/1649 3126/2489/1649 1797/2482/1649
f 1048/2468/1650 2523/2488/1650 393/2363/1650
f 1803/2490/1651 1802/2491/1651 637/2492/1651
f 381/2375/1652 3127/2493/1652 1803/2490/1652
f 380/2321/1653 3127/2493/1653 1038/2494/1653
f 637/2492/1654 3128/2495/1654 1803/2490/1654
f 632/2496/1655 3128/2495/1655 2520/2497/1655
f 1803/2490/1656 1792/2498/1656 381/2375/1656
f 1804/2499/1657 1769/2377/1657 398/2379/1657
f 382/2369/1658 3129/2500/1658 1804/2499/1658
f 1769/2377/1659 2487/2501/1659 623/2380/1659
f 384/2386/1660 3130/2502/1660 1810/2503/1660
f 1791/2504/1661 1806/2505/1661 631/2376/1661
f 1810/2503/1662 1791/2504/1662 632/2496/1662
f 1811/2506/1663 2526/2507/1663 633/2471/1663
f 391/2447/1664 3131/2508/1664 1811/2506/1664
f 2526/2507/1665 1046/2509/1665 390/2438/1665
f 394/2478/1666 3132/2510/1666 2515/2511/1666
f 629/2457/1667 3132/2510/1667 2527/2512/1667
f 2515/2511/1668 2525/2513/1668 632/2496/1668
f 2529/2514/1669 1813/2515/1669 395/2516/1669
f 390/2438/1670 3133/2517/1670 2529/2514/1670
f 625/2421/1671 3133/2517/1671 1044/2518/1671
f 395/2516/1672 3134/2519/1672 2529/2514/1672
f 633/2471/1673 3134/2519/1673 2517/2520/1673
f 2529/2514/1674 2526/2507/1674 390/2438/1674
f 388/2406/1675 3135/2521/1675 2530/2424/1675
f 1813/2515/1676 1053/2522/1676 395/2516/1676
f 625/2421/1677 3135/2521/1677 1813/2515/1677
f 2534/2523/1678 1052/2524/1678 396/2481/1678
f 389/2415/1679 3136/2525/1679 2534/2523/1679
f 399/2429/1680 3136/2525/1680 1043/2426/1680
f 396/2481/1681 3137/2526/1681 2534/2523/1681
f 624/2401/1682 3137/2526/1682 2533/2527/1682
f 2534/2523/1683 1776/2412/1683 389/2415/1683
f 396/2481/1684 3138/2528/1684 2533/2527/1684
f 2518/2396/1685 1795/2480/1685 635/2397/1685
f 624/2401/1686 3138/2528/1686 2518/2396/1686
f 402/2181/1687 3139/2529/1687 1815/2530/1687
f 660/2531/1688 3139/2529/1688 1889/2532/1688
f 1815/2530/1689 1816/2533/1689 400/2534/1689
f 400/2534/1690 3140/2535/1690 1054/2536/1690
f 1858/2537/1691 1816/2533/1691 660/2531/1691
f 1054/2536/1692 1858/2537/1692 655/2538/1692
f 654/2539/1693 3141/2540/1693 1818/2541/1693
f 356/2542/1694 3141/2540/1694 1056/2543/1694
f 1818/2541/1695 1817/2544/1695 639/2545/1695
f 1818/2541/1696 1860/2546/1696 654/2539/1696
f 639/2545/1697 3142/2547/1697 1818/2541/1697
f 1860/2546/1698 1057/2548/1698 416/2549/1698
f 401/2185/1699 3143/2550/1699 1821/2551/1699
f 1822/2552/1700 1055/2553/1700 400/2534/1700
f 1821/2551/1701 1822/2552/1701 403/2554/1701
f 1826/2555/1702 1823/2556/1702 639/2545/1702
f 641/2172/1703 3144/2557/1703 1826/2555/1703
f 1823/2556/1704 1824/2558/1704 640/2559/1704
f 643/2560/1705 3145/2561/1705 1830/2562/1705
f 1829/2563/1706 1828/2564/1706 349/2565/1706
f 644/2566/1707 3145/2561/1707 1829/2563/1707
f 643/2560/1708 3146/2567/1708 1831/2568/1708
f 1832/2569/1709 1830/2562/1709 644/2566/1709
f 405/2570/1710 3146/2567/1710 1832/2569/1710
f 349/2565/1711 3147/2571/1711 1829/2563/1711
f 404/2572/1712 3147/2571/1712 1819/2573/1712
f 1829/2563/1713 2538/2574/1713 644/2566/1713
f 644/2566/1714 3148/2575/1714 1832/2569/1714
f 1059/2576/1715 2538/2574/1715 404/2572/1715
f 1832/2569/1716 1059/2576/1716 405/2570/1716
f 2539/2577/1717 1833/2578/1717 643/2560/1717
f 648/2579/1718 3149/2580/1718 2539/2577/1718
f 595/2133/1719 3149/2580/1719 1840/2581/1719
f 1002/2157/1720 1834/2582/1720 347/2158/1720
f 646/2147/1721 3150/2583/1721 1002/2157/1721
f 645/2584/1722 3150/2583/1722 2540/2585/1722
f 2540/2585/1723 1835/2586/1723 645/2584/1723
f 646/2147/1724 3151/2587/1724 2540/2585/1724
f 656/2588/1725 3151/2587/1725 1836/2589/1725
f 642/2590/1726 3152/2591/1726 1837/2592/1726
f 347/2158/1727 3152/2591/1727 1058/2593/1727
f 1837/2592/1728 1834/2582/1728 645/2584/1728
f 2541/2594/1729 1836/2589/1729 646/2147/1729
f 1871/2595/1730 2541/2594/1730 407/2596/1730
f 656/2588/1731 3153/2597/1731 1871/2595/1731
f 1837/2592/1732 1870/2598/1732 642/2590/1732
f 645/2584/1733 3154/2599/1733 1837/2592/1733
f 1870/2598/1734 1835/2586/1734 656/2588/1734
f 2542/2600/1735 1839/2601/1735 648/2579/1735
f 649/2602/1736 3155/2603/1736 2542/2600/1736
f 1839/2601/1737 1841/2604/1737 647/2111/1737
f 1840/2581/1738 1675/2131/1738 595/2133/1738
f 648/2579/1739 3156/2605/1739 1840/2581/1739
f 1675/2131/1740 1839/2601/1740 647/2111/1740
f 647/2111/1741 3157/2606/1741 2545/2110/1741
f 651/2607/1742 3157/2606/1742 2544/2608/1742
f 2545/2110/1743 2548/2609/1743 650/2112/1743
f 339/2123/1744 3158/2610/1744 1844/2611/1744
f 409/2612/1745 3158/2610/1745 2546/2613/1745
f 1844/2611/1746 1061/2614/1746 406/2615/1746
f 650/2112/1747 3159/2616/1747 2547/2617/1747
f 2549/2618/1748 2548/2609/1748 651/2607/1748
f 2547/2617/1749 2549/2618/1749 653/2619/1749
f 1063/2620/1750 2549/2618/1750 651/2607/1750
f 408/2621/1751 3160/2622/1751 1063/2620/1751
f 2549/2618/1752 2551/2623/1752 653/2619/1752
f 27/2101/1753 3161/2624/1753 1848/2125/1753
f 410/2625/1754 3161/2624/1754 2553/2626/1754
f 1848/2125/1755 1846/2627/1755 652/2126/1755
f 653/2619/1756 3162/2628/1756 1850/2629/1756
f 408/2621/1757 3162/2628/1757 2551/2623/1757
f 1850/2629/1758 1851/2630/1758 419/2631/1758
f 411/2632/1759 3163/2633/1759 1854/2634/1759
f 410/2625/1760 3163/2633/1760 1065/2635/1760
f 1854/2634/1761 1855/2636/1761 413/2637/1761
f 27/2101/1762 3164/2638/1762 2553/2626/1762
f 1853/2639/1763 1670/2100/1763 338/2096/1763
f 410/2625/1764 3164/2638/1764 1853/2639/1764
f 2554/2640/1765 1861/2641/1765 655/2538/1765
f 415/2642/1766 3165/2643/1766 2554/2640/1766
f 408/2621/1767 3165/2643/1767 1857/2644/1767
f 2556/2645/1768 1860/2546/1768 416/2549/1768
f 658/2646/1769 3166/2647/1769 2556/2645/1769
f 1860/2546/1770 2558/2648/1770 654/2539/1770
f 416/2549/1771 3167/2649/1771 2556/2645/1771
f 420/2650/1772 3167/2649/1772 2557/2651/1772
f 658/2646/1773 3167/2649/1773 1069/2652/1773
f 408/2621/1774 3168/2653/1774 1861/2641/1774
f 417/2654/1775 3168/2653/1775 2559/2655/1775
f 1861/2641/1776 1862/2656/1776 655/2538/1776
f 409/2612/1777 3169/2657/1777 1074/2658/1777
f 2562/2659/1778 1064/2660/1778 411/2632/1778
f 1074/2658/1779 2562/2659/1779 418/2661/1779
f 418/2661/1780 3170/2662/1780 1865/2663/1780
f 411/2632/1781 3170/2662/1781 2562/2659/1781
f 1865/2663/1782 1070/2664/1782 416/2549/1782
f 417/2654/1783 3171/2665/1783 1072/2666/1783
f 405/2570/1784 3171/2665/1784 2563/2667/1784
f 1072/2666/1785 1059/2576/1785 404/2572/1785
f 649/2602/1786 3172/2668/1786 2543/2669/1786
f 1071/2670/1787 1866/2671/1787 417/2654/1787
f 2543/2669/1788 1071/2670/1788 651/2607/1788
f 656/2588/1789 3173/2672/1789 1870/2598/1789
f 418/2661/1790 3173/2672/1790 2564/2673/1790
f 1870/2598/1791 1073/2674/1791 642/2590/1791
f 1869/2675/1792 1868/2676/1792 406/2615/1792
f 418/2661/1793 3174/2677/1793 1869/2675/1793
f 656/2588/1794 3174/2677/1794 2564/2673/1794
f 407/2596/1795 3175/2678/1795 1871/2595/1795
f 406/2615/1796 3175/2678/1796 1062/2679/1796
f 1871/2595/1797 1868/2676/1797 656/2588/1797
f 1869/2675/1798 1074/2658/1798 418/2661/1798
f 406/2615/1799 3176/2680/1799 1869/2675/1799
f 1074/2658/1800 1061/2614/1800 409/2612/1800
f 2565/2681/1801 973/1952/1801 321/1950/1801
f 419/2631/1802 3177/2682/1802 2565/2681/1802
f 322/1763/1803 3177/2682/1803 1075/2683/1803
f 369/2684/1804 3178/2685/1804 2566/2686/1804
f 1872/2687/1805 2465/2688/1805 594/2292/1805
f 321/1950/1806 3178/2685/1806 1872/2687/1806
f 594/2292/1807 3179/2689/1807 1872/2687/1807
f 1849/2690/1808 1852/2691/1808 653/2619/1808
f 1872/2687/1809 1849/2690/1809 321/1950/1809
f 2567/2692/1810 1879/2024/1810 657/1757/1810
f 414/2693/1811 3180/2694/1811 2567/2692/1811
f 1879/2024/1812 1881/2695/1812 421/2023/1812
f 419/2631/1813 3181/2696/1813 1880/2697/1813
f 415/2642/1814 3181/2696/1814 2569/2698/1814
f 1880/2697/1815 1878/2699/1815 657/1757/1815
f 2555/2700/1816 1881/2695/1816 414/2693/1816
f 660/2531/1817 3182/2701/1817 2555/2700/1817
f 1881/2695/1818 2574/2702/1818 421/2023/1818
f 658/2646/1819 3183/2703/1819 2573/2704/1819
f 1883/2029/1820 2570/2705/1820 659/1781/1820
f 2573/2704/1821 1883/2029/1821 422/2026/1821
f 420/2650/1822 3184/2706/1822 1882/2707/1822
f 413/2637/1823 3184/2706/1823 1877/2708/1823
f 1882/2707/1824 2571/2709/1824 659/1781/1824
f 654/2539/1825 3185/2710/1825 1894/2711/1825
f 2573/2704/1826 2558/2648/1826 658/2646/1826
f 1894/2711/1827 2573/2704/1827 422/2026/1827
f 331/2049/1828 3186/2712/1828 1884/2713/1828
f 22/2061/1829 3186/2712/1829 991/2714/1829
f 1884/2713/1830 1885/2715/1830 660/2531/1830
f 590/2065/1831 3187/2716/1831 1890/2717/1831
f 661/2070/1832 3187/2716/1832 1657/2072/1832
f 1890/2717/1833 1891/2718/1833 654/2539/1833
f 1892/2719/1834 2575/2720/1834 661/2070/1834
f 357/2188/1835 3188/2721/1835 1892/2719/1835
f 2575/2720/1836 1012/2722/1836 356/2542/1836
f 1896/2723/1837 662/2724/1837 81/244/1837
f 31/3/1838 3189/2725/1838 1896/2723/1838
f 662/2724/1839 1895/2/1839 32/6/1839
f 1077/11/1840 1942/250/1840 33/14/1840
f 440/13/1841 3190/2726/1841 1077/11/1841
f 1942/250/1842 666/2727/1842 83/251/1842
f 32/6/1843 3191/2728/1843 1897/15/1843
f 1079/22/1844 664/7/1844 1/4/1844
f 1897/15/1845 1079/22/1845 34/17/1845
f 1081/29/1846 1082/35/1846 36/31/1846
f 665/10/1847 1081/29/1847 424/8/1847
f 33/14/1848 3192/2729/1848 665/10/1848
f 1/4/1849 3193/2730/1849 1898/37/1849
f 38/43/1850 3193/2730/1850 671/2731/1850
f 1898/37/1851 1899/42/1851 39/38/1851
f 38/43/1852 3194/2732/1852 1900/41/1852
f 1908/82/1853 680/68/1853 44/62/1853
f 1900/41/1854 1908/82/1854 48/44/1854
f 1084/50/1855 1086/56/1855 41/53/1855
f 423/52/1856 3195/2733/1856 1084/50/1856
f 424/8/1857 3195/2733/1857 1085/2734/1857
f 676/98/1858 1083/51/1858 42/47/1858
f 1087/77/1859 676/98/1859 426/74/1859
f 423/52/1860 3196/2735/1860 1087/77/1860
f 31/3/1861 3197/2736/1861 663/1/1861
f 88/66/1862 3197/2736/1862 731/305/1862
f 663/1/1863 1088/2737/1863 1/4/1863
f 1/4/1864 3198/2738/1864 671/2731/1864
f 1089/65/1865 1088/2737/1865 88/66/1865
f 38/43/1866 3198/2738/1866 1089/65/1866
f 423/52/1867 3199/2739/1867 1085/2734/1867
f 1090/2740/1868 677/78/1868 43/80/1868
f 424/8/1869 3199/2739/1869 1090/2740/1869
f 1090/2740/1870 1902/12/1870 424/8/1870
f 43/80/1871 3200/2741/1871 1090/2740/1871
f 440/13/1872 3200/2741/1872 1955/2742/1872
f 1091/2743/1873 1904/64/1873 88/66/1873
f 425/59/1874 3201/2744/1874 1091/2743/1874
f 1904/64/1875 1903/58/1875 44/62/1875
f 1092/72/1876 1905/79/1876 426/74/1876
f 46/73/1877 3202/2745/1877 1092/72/1877
f 1905/79/1878 1145/2746/1878 43/80/1878
f 679/60/1879 1907/86/1879 44/62/1879
f 51/61/1880 3203/2747/1880 679/60/1880
f 1907/86/1881 1911/100/1881 54/88/1881
f 687/113/1882 1909/90/1882 50/92/1882
f 45/71/1883 3204/2748/1883 687/113/1883
f 1909/90/1884 681/70/1884 426/74/1884
f 51/61/1885 3205/2749/1885 1910/99/1885
f 427/109/1886 3205/2749/1886 688/123/1886
f 1910/99/1887 1095/108/1887 53/101/1887
f 1097/2750/1888 1098/114/1888 55/110/1888
f 428/130/1889 3206/2751/1889 1097/2750/1889
f 45/71/1890 3206/2751/1890 693/132/1890
f 56/170/1891 3207/2752/1891 692/2753/1891
f 1097/2750/1892 1096/2754/1892 428/130/1892
f 55/110/1893 3207/2752/1893 1097/2750/1893
f 425/59/1894 3208/2755/1894 1913/57/1894
f 2/117/1895 3208/2755/1895 678/2756/1895
f 1913/57/1896 1099/121/1896 51/61/1896
f 1103/133/1897 682/69/1897 45/71/1897
f 58/129/1898 3209/2757/1898 1103/133/1898
f 46/73/1899 3209/2757/1899 1104/2758/1899
f 85/197/1900 3210/2759/1900 1916/195/1900
f 438/149/1901 3210/2759/1901 1950/2760/1901
f 1916/195/1902 1105/146/1902 430/148/1902
f 1107/2761/1903 1917/154/1903 429/139/1903
f 61/2762/1904 3211/2763/1904 1107/2761/1904
f 1917/154/1905 700/2764/1905 52/104/1905
f 1108/161/1906 1107/2761/1906 429/139/1906
f 699/2765/1907 1108/161/1907 60/159/1907
f 61/2762/1908 3212/2766/1908 699/2765/1908
f 1110/152/1909 1922/168/1909 430/148/1909
f 428/130/1910 3213/2767/1910 1110/152/1910
f 1922/168/1911 1096/2754/1911 56/170/1911
f 703/198/1912 1923/185/1912 70/180/1912
f 1920/163/1913 703/198/1913 430/148/1913
f 63/167/1914 3214/2768/1914 1920/163/1914
f 1111/2769/1915 1919/156/1915 59/158/1915
f 66/2770/1916 3215/2771/1916 1111/2769/1916
f 1919/156/1917 706/2772/1917 60/159/1917
f 1112/175/1918 1111/2769/1918 59/158/1918
f 705/2773/1919 1112/175/1919 65/177/1919
f 66/2770/1920 3216/2774/1920 705/2773/1920
f 69/206/1921 3217/2775/1921 1927/222/1921
f 1925/179/1922 709/2776/1922 70/180/1922
f 1927/222/1923 1925/179/1923 68/184/1923
f 1928/191/1924 697/145/1924 436/142/1924
f 1109/157/1925 1928/191/1925 59/158/1925
f 697/145/1926 1109/157/1926 429/139/1926
f 69/206/1927 3219/2777/1927 709/2776/1927
f 1115/2778/1928 1114/2779/1928 431/270/1928
f 70/180/1929 3219/2777/1929 1115/2778/1929
f 431/270/1930 3220/2780/1930 1115/2778/1930
f 85/197/1931 3220/2780/1931 1116/2781/1931
f 1115/2778/1932 1117/196/1932 70/180/1932
f 1118/247/1933 1930/202/1933 72/199/1933
f 432/210/1934 3221/2782/1934 1118/247/1934
f 64/172/1935 3221/2782/1935 1119/212/1935
f 435/205/1936 3222/2783/1936 1931/203/1936
f 431/270/1937 3222/2783/1937 1131/2784/1937
f 1931/203/1938 1114/2779/1938 69/206/1938
f 1120/213/1939 1924/176/1939 64/172/1939
f 74/215/1940 3223/2785/1940 1120/213/1940
f 65/177/1941 3223/2785/1941 714/2786/1941
f 1122/2787/1942 1121/214/1942 432/210/1942
f 73/2788/1943 3224/2789/1943 1122/2787/1943
f 1121/214/1944 713/2790/1944 74/215/1944
f 434/208/1945 3225/2791/1945 1932/216/1945
f 69/206/1946 3225/2791/1946 711/209/1946
f 1932/216/1947 1123/223/1947 75/219/1947
f 1124/229/1948 1122/2787/1948 432/210/1948
f 720/2792/1949 1124/229/1949 78/231/1949
f 73/2788/1950 3226/2793/1950 720/2792/1950
f 1126/234/1951 1125/230/1951 77/226/1951
f 35/19/1952 3227/2794/1952 1126/234/1952
f 78/231/1953 3227/2794/1953 719/2795/1953
f 433/237/1954 3228/2796/1954 1935/235/1954
f 1936/241/1955 1127/256/1955 434/208/1955
f 1935/235/1956 1936/241/1956 79/238/1956
f 33/14/1957 3229/2797/1957 1937/34/1957
f 433/237/1958 3229/2797/1958 1938/253/1958
f 1937/34/1959 1934/236/1959 80/36/1959
f 1939/2798/1960 1940/248/1960 81/244/1960
f 717/228/1961 1939/2798/1961 77/226/1961
f 432/210/1962 3230/2799/1962 717/228/1962
f 662/2724/1963 1939/2798/1963 81/244/1963
f 32/6/1964 3231/2800/1964 662/2724/1964
f 77/226/1965 3231/2800/1965 718/233/1965
f 83/251/1966 3232/2801/1966 1941/254/1966
f 435/205/1967 3232/2801/1967 1944/260/1967
f 1941/254/1968 712/204/1968 434/208/1968
f 72/199/1969 3233/2802/1969 723/246/1969
f 82/263/1970 3233/2802/1970 724/265/1970
f 723/246/1971 1943/2803/1971 81/244/1971
f 1131/2784/1972 1946/274/1972 431/270/1972
f 1132/258/1973 1131/2784/1973 435/205/1973
f 93/261/1974 3234/2804/1974 1132/258/1974
f 71/188/1975 3235/2805/1975 1945/262/1975
f 1134/2806/1976 1133/269/1976 443/267/1976
f 1945/262/1977 1134/2806/1977 82/263/1977
f 1116/2781/1978 1135/2807/1978 85/197/1978
f 1948/272/1979 1116/2781/1979 431/270/1979
f 84/275/1980 3236/2808/1980 1948/272/1980
f 698/151/1981 726/302/1981 57/124/1981
f 1139/2809/1982 698/151/1982 438/149/1982
f 87/303/1983 3237/2810/1983 1139/2809/1983
f 87/303/1984 3238/2811/1984 1140/2812/1984
f 438/149/1985 3238/2811/1985 1139/2809/1985
f 1140/2812/1986 1950/2760/1986 85/197/1986
f 1140/2812/1987 725/329/1987 87/303/1987
f 85/197/1988 3239/2813/1988 1140/2812/1988
f 84/275/1989 3239/2813/1989 1135/2807/1989
f 694/115/1990 1951/292/1990 86/118/1990
f 1141/285/1991 694/115/1991 2/117/1991
f 90/289/1992 3240/2814/1992 1141/285/1992
f 91/298/1993 3241/2815/1993 1952/299/1993
f 695/128/1994 1142/297/1994 58/129/1994
f 1952/299/1995 695/128/1995 57/124/1995
f 678/2756/1996 727/287/1996 2/117/1996
f 425/59/1997 3242/2816/1997 678/2756/1997
f 439/288/1998 3242/2816/1998 1143/2817/1998
f 441/295/1999 3243/2818/1999 730/293/1999
f 46/73/2000 3243/2818/2000 1953/2819/2000
f 730/293/2001 1104/2758/2001 58/129/2001
f 1091/2743/2002 1143/2817/2002 425/59/2002
f 1954/313/2003 1091/2743/2003 88/66/2003
f 439/288/2004 3244/2820/2004 1954/313/2004
f 441/295/2005 3245/2821/2005 1953/2819/2005
f 1145/2746/2006 1144/315/2006 43/80/2006
f 1953/2819/2007 1145/2746/2007 46/73/2007
f 1896/2723/2008 1146/307/2008 31/3/2008
f 1129/2822/2009 1896/2723/2009 81/244/2009
f 444/308/2010 3246/2823/2010 1129/2822/2010
f 89/333/2011 3247/2824/2011 1957/2825/2011
f 666/2727/2012 1967/332/2012 83/251/2012
f 1957/2825/2013 666/2727/2013 440/13/2013
f 1147/306/2014 1956/310/2014 88/66/2014
f 444/308/2015 3248/2826/2015 1147/306/2015
f 1956/310/2016 1153/2827/2016 3/311/2016
f 440/13/2017 3249/2828/2017 1957/2825/2017
f 1148/2829/2018 1955/2742/2018 43/80/2018
f 1957/2825/2019 1148/2829/2019 89/333/2019
f 1958/2830/2020 1959/316/2020 92/318/2020
f 89/333/2021 3250/2831/2021 1958/2830/2021
f 1959/316/2022 1148/2829/2022 43/80/2022
f 441/295/2023 3251/2832/2023 1960/317/2023
f 734/325/2024 729/294/2024 91/298/2024
f 92/318/2025 3251/2832/2025 734/325/2025
f 90/289/2026 3252/2833/2026 1962/291/2026
f 1149/323/2027 733/320/2027 3/311/2027
f 1962/291/2028 1149/323/2028 442/276/2028
f 82/263/2029 3253/2834/2029 1152/2835/2029
f 443/267/2030 3253/2834/2030 1134/2806/2030
f 1152/2835/2031 1151/322/2031 3/311/2031
f 1964/327/2032 1966/2836/2032 92/318/2032
f 84/275/2033 3254/2837/2033 1964/327/2033
f 93/261/2034 3254/2837/2034 1965/273/2034
f 81/244/2035 3255/2838/2035 1129/2822/2035
f 1154/2839/2036 1943/2803/2036 82/263/2036
f 1129/2822/2037 1154/2839/2037 444/308/2037
f 1153/2827/2038 1152/2835/2038 3/311/2038
f 444/308/2039 3256/2840/2039 1153/2827/2039
f 1152/2835/2040 1154/2839/2040 82/263/2040
f 1968/331/2041 1966/2836/2041 93/261/2041
f 89/333/2042 3257/2841/2042 1968/331/2042
f 1966/2836/2043 1958/2830/2043 92/318/2043
f 95/354/2044 3258/2842/2044 738/2843/2044
f 739/2844/2045 1157/361/2045 446/359/2045
f 738/2843/2046 739/2844/2046 146/339/2046
f 741/2845/2047 1158/2846/2047 447/346/2047
f 468/620/2048 3259/2847/2048 741/2845/2048
f 445/334/2049 3259/2847/2049 737/622/2049
f 1158/2846/2050 1970/350/2050 447/346/2050
f 1155/336/2051 1158/2846/2051 445/334/2051
f 94/340/2052 3260/2848/2052 1155/336/2052
f 98/374/2053 3261/2849/2053 743/2850/2053
f 99/1358/2054 3261/2849/2054 744/2851/2054
f 743/2850/2055 1159/2852/2055 97/353/2055
f 97/353/2056 3262/2853/2056 1973/358/2056
f 99/1358/2057 3262/2853/2057 1159/2852/2057
f 1973/358/2058 745/2854/2058 446/359/2058
f 1163/370/2059 742/2855/2059 101/371/2059
f 743/2850/2060 1163/370/2060 98/374/2060
f 97/353/2061 3263/2856/2061 743/2850/2061
f 105/386/2062 3264/2857/2062 1166/384/2062
f 106/846/2063 3264/2857/2063 750/848/2063
f 1166/384/2064 1258/2858/2064 102/364/2064
f 1167/2859/2065 1169/2860/2065 103/373/2065
f 449/842/2066 3265/2861/2066 1167/2859/2066
f 450/1451/2067 3265/2861/2067 1168/2862/2067
f 103/373/2068 3266/2863/2068 748/379/2068
f 1976/2864/2069 1169/2860/2069 450/1451/2069
f 104/380/2070 3266/2863/2070 1976/2864/2070
f 754/2865/2071 1173/2866/2071 108/392/2071
f 755/2867/2072 754/2865/2072 6/418/2072
f 452/405/2073 3267/2868/2073 755/2867/2073
f 751/390/2074 1978/404/2074 451/393/2074
f 108/392/2075 3268/2869/2075 751/390/2075
f 452/405/2076 3268/2869/2076 1173/2866/2076
f 109/409/2077 3269/2870/2077 1979/2871/2077
f 1414/2872/2078 756/2873/2078 112/1271/2078
f 1979/2871/2079 1414/2872/2079 239/396/2079
f 109/409/2080 3270/2874/2080 1980/407/2080
f 239/396/2081 3270/2874/2081 1979/2871/2081
f 1980/407/2082 1172/395/2082 5/399/2082
f 755/2867/2083 1235/596/2083 452/405/2083
f 6/418/2084 3271/2875/2084 755/2867/2084
f 135/417/2085 3271/2875/2085 1175/416/2085
f 517/415/2086 3272/2876/2086 1981/413/2086
f 1221/581/2087 757/432/2087 111/430/2087
f 1981/413/2088 1221/581/2088 135/417/2088
f 134/425/2089 3273/2877/2089 2023/2878/2089
f 112/1271/2090 3273/2877/2090 1176/2879/2090
f 2023/2878/2091 756/2873/2091 109/409/2091
f 758/2880/2092 1982/424/2092 233/420/2092
f 112/1271/2093 3274/2881/2093 758/2880/2093
f 1982/424/2094 1176/2879/2094 134/425/2094
f 518/1256/2095 3275/2882/2095 1177/2883/2095
f 1178/422/2096 2206/1255/2096 233/420/2096
f 464/426/2097 3275/2882/2097 1178/422/2097
f 1179/2884/2098 1181/441/2098 115/437/2098
f 518/1256/2099 3276/2885/2099 1179/2884/2099
f 464/426/2100 3276/2885/2100 1177/2883/2100
f 113/435/2101 3277/2886/2101 1984/433/2101
f 760/585/2102 1180/448/2102 462/446/2102
f 1984/433/2103 760/585/2103 111/430/2103
f 1185/1228/2104 1988/2887/2104 116/464/2104
f 1985/439/2105 1185/1228/2105 115/437/2105
f 114/442/2106 3278/2888/2106 1985/439/2106
f 1184/2889/2107 1989/2890/2107 117/501/2107
f 114/442/2108 3279/2891/2108 1184/2889/2108
f 130/557/2109 3279/2891/2109 1986/578/2109
f 224/476/2110 3280/2892/2110 1990/2893/2110
f 454/457/2111 3280/2892/2111 1991/475/2111
f 1990/2893/2112 1186/456/2112 453/445/2112
f 1992/455/2113 1182/450/2113 462/446/2113
f 454/457/2114 3281/2894/2114 1992/455/2114
f 120/451/2115 3281/2894/2115 1187/469/2115
f 117/501/2116 3282/2895/2116 1184/2889/2116
f 118/465/2117 3282/2895/2117 1196/2896/2117
f 1184/2889/2118 1993/2897/2118 114/442/2118
f 1188/462/2119 1993/2897/2119 118/465/2119
f 116/464/2120 3283/2898/2120 1188/462/2120
f 1993/2897/2121 1988/2887/2121 114/442/2121
f 119/473/2122 3284/2899/2122 1995/471/2122
f 1189/2900/2123 1192/482/2123 455/480/2123
f 1995/471/2124 1189/2900/2124 454/457/2124
f 455/480/2125 3285/2901/2125 1189/2900/2125
f 456/468/2126 3285/2901/2126 1190/511/2126
f 1189/2900/2127 1191/467/2127 454/457/2127
f 456/468/2128 3286/2902/2128 1193/2903/2128
f 2011/2904/2129 1201/515/2129 126/513/2129
f 460/544/2130 3286/2902/2130 2011/2904/2130
f 1193/2903/2131 1997/466/2131 456/468/2131
f 460/544/2132 3287/2905/2132 1193/2903/2132
f 1997/466/2133 764/553/2133 120/451/2133
f 1195/486/2134 1197/499/2134 458/488/2134
f 118/465/2135 3288/2906/2135 1195/486/2135
f 1197/499/2136 1196/2896/2136 117/501/2136
f 512/1176/2137 3289/2907/2137 1205/2908/2137
f 1194/491/2138 2194/2909/2138 122/489/2138
f 457/483/2139 3289/2907/2139 1194/491/2139
f 766/2910/2140 1999/492/2140 122/489/2140
f 1198/461/2141 766/2910/2141 226/459/2141
f 118/465/2142 3290/2911/2142 1198/461/2142
f 218/505/2143 3291/2912/2143 2001/503/2143
f 123/509/2144 3291/2912/2144 1200/526/2144
f 2001/503/2145 1199/508/2145 455/480/2145
f 459/521/2146 3292/2913/2146 2009/539/2146
f 2004/494/2147 1203/2914/2147 458/488/2147
f 467/498/2148 3292/2913/2148 2004/494/2148
f 1204/519/2149 1203/2914/2149 459/521/2149
f 457/483/2150 3293/2915/2150 1204/519/2150
f 458/488/2151 3293/2915/2151 1202/485/2151
f 1390/2916/2152 2003/520/2152 510/516/2152
f 512/1176/2153 3294/2917/2153 1390/2916/2153
f 457/483/2154 3294/2917/2154 1205/2908/2154
f 768/534/2155 2005/525/2155 217/522/2155
f 1206/529/2156 768/534/2156 124/527/2156
f 2005/525/2157 1206/529/2157 123/509/2157
f 123/509/2158 3296/2918/2158 767/514/2158
f 2029/2919/2159 1207/532/2159 125/530/2159
f 767/514/2160 2029/2919/2160 126/513/2160
f 124/527/2161 3297/2920/2161 780/2921/2161
f 1208/537/2162 1209/535/2162 459/521/2162
f 145/540/2163 3297/2920/2163 1208/537/2163
f 217/522/2164 3298/2922/2164 2007/533/2164
f 2008/518/2165 2186/2923/2165 510/516/2165
f 459/521/2166 3298/2922/2166 2008/518/2166
f 500/547/2167 3299/2924/2167 2010/2925/2167
f 2011/2904/2168 1210/546/2168 460/544/2168
f 126/513/2169 3299/2924/2169 2011/2904/2169
f 127/562/2170 3300/2926/2170 2014/564/2170
f 1212/550/2171 769/1045/2171 128/548/2171
f 121/495/2172 3300/2926/2172 1212/550/2172
f 1213/554/2173 2017/569/2173 8/452/2173
f 1214/2927/2174 1213/554/2174 460/544/2174
f 129/570/2175 3301/2928/2175 1214/2927/2175
f 1214/2927/2176 770/1039/2176 129/570/2176
f 460/544/2177 3302/2929/2177 1214/2927/2177
f 461/541/2178 3302/2929/2178 2013/545/2178
f 117/501/2179 3303/2930/2179 765/500/2179
f 1215/556/2180 1989/2890/2180 130/557/2180
f 121/495/2181 3303/2930/2181 1215/556/2181
f 131/1013/2182 3304/2931/2182 772/2932/2182
f 2016/566/2183 2142/1012/2183 463/567/2183
f 772/2932/2184 2016/566/2184 129/570/2184
f 1217/572/2185 2147/1027/2185 132/558/2185
f 1220/1020/2186 1217/572/2186 133/574/2186
f 499/1022/2187 3305/2933/2187 1220/1020/2187
f 135/417/2188 3306/2934/2188 2021/601/2188
f 1223/2935/2189 1222/583/2189 463/567/2189
f 7/600/2190 3306/2934/2190 1223/2935/2190
f 1223/2935/2191 774/2936/2191 7/600/2191
f 463/567/2192 3307/2937/2192 1223/2935/2192
f 497/998/2193 3307/2937/2193 2020/1010/2193
f 464/426/2194 3308/2938/2194 1225/2939/2194
f 1226/587/2195 1229/423/2195 134/425/2195
f 133/574/2196 3308/2938/2196 1226/587/2196
f 464/426/2197 3309/2940/2197 761/440/2197
f 133/574/2198 3309/2940/2198 1225/2939/2198
f 761/440/2199 773/579/2199 114/442/2199
f 1232/597/2200 2022/612/2200 138/406/2200
f 1233/599/2201 1232/597/2201 135/417/2201
f 137/603/2202 3310/2941/2202 1233/599/2202
f 109/409/2203 3311/2942/2203 2023/2878/2203
f 1236/605/2204 2024/408/2204 110/411/2204
f 134/425/2205 3311/2942/2205 1236/605/2205
f 134/425/2206 3312/2943/2206 1231/589/2206
f 2140/2944/2207 1237/608/2207 140/606/2207
f 136/588/2208 3312/2943/2208 2140/2944/2208
f 466/935/2209 3313/2945/2209 776/2946/2209
f 2026/611/2210 2028/2947/2210 465/613/2210
f 776/2946/2211 2026/611/2211 137/603/2211
f 110/411/2212 3314/2948/2212 1239/604/2212
f 139/806/2213 3314/2948/2213 753/827/2213
f 1239/604/2214 1238/2949/2214 140/606/2214
f 1238/2949/2215 1338/2950/2215 140/606/2215
f 1241/2951/2216 1238/2949/2216 139/806/2216
f 184/943/2217 3315/2952/2217 1241/2951/2217
f 2028/2947/2218 778/797/2218 465/613/2218
f 466/935/2219 3316/2953/2219 2028/2947/2219
f 141/798/2220 3316/2953/2220 2027/940/2220
f 142/813/2221 3317/2954/2221 1290/811/2221
f 184/943/2222 3317/2954/2222 1240/947/2222
f 1290/811/2223 1241/2951/2223 139/806/2223
f 126/513/2224 3318/2955/2224 2010/2925/2224
f 1242/2956/2225 2029/2919/2225 125/530/2225
f 500/547/2226 3318/2955/2226 1242/2956/2226
f 1242/2956/2227 823/2957/2227 500/547/2227
f 125/530/2228 3319/2958/2228 1242/2956/2228
f 823/2957/2229 2030/2959/2229 183/933/2229
f 125/530/2230 3320/2960/2230 2033/2961/2230
f 124/527/2231 3320/2960/2231 2006/531/2231
f 2033/2961/2232 782/2962/2232 144/803/2232
f 183/933/2233 3321/2963/2233 2129/939/2233
f 2034/2964/2234 2030/2959/2234 125/530/2234
f 2129/939/2235 2034/2964/2235 141/798/2235
f 782/2962/2236 783/2965/2236 144/803/2236
f 124/527/2237 3322/2966/2237 782/2962/2237
f 145/540/2238 3322/2966/2238 780/2921/2238
f 2035/2967/2239 1244/949/2239 142/813/2239
f 1243/617/2240 2035/2967/2240 145/540/2240
f 143/618/2241 3323/2968/2241 1243/617/2241
f 144/803/2242 3324/2969/2242 2033/2961/2242
f 141/798/2243 3324/2969/2243 777/802/2243
f 2033/2961/2244 2034/2964/2244 125/530/2244
f 2035/2967/2245 783/2965/2245 145/540/2245
f 142/813/2246 3325/2970/2246 2035/2967/2246
f 144/803/2247 3325/2970/2247 779/815/2247
f 445/334/2248 3326/2971/2248 1156/338/2248
f 784/2972/2249 1246/623/2249 174/625/2249
f 146/339/2250 3326/2971/2250 784/2972/2250
f 146/339/2251 3327/2973/2251 738/2843/2251
f 1248/627/2252 784/2972/2252 174/625/2252
f 95/354/2253 3327/2973/2253 1248/627/2253
f 147/366/2254 3328/2974/2254 2038/367/2254
f 741/2845/2255 1250/633/2255 468/620/2255
f 447/346/2256 3328/2974/2256 741/2845/2256
f 97/353/2257 3329/2975/2257 742/2855/2257
f 1252/635/2258 2039/352/2258 469/356/2258
f 101/371/2259 3329/2975/2259 1252/635/2259
f 1254/2976/2260 1261/670/2260 101/371/2260
f 494/655/2261 3330/2977/2261 1254/2976/2261
f 151/661/2262 3330/2977/2262 2046/657/2262
f 149/636/2263 3331/2978/2263 1251/638/2263
f 1254/2976/2264 1316/2979/2264 494/655/2264
f 1251/638/2265 1254/2976/2265 101/371/2265
f 106/846/2266 3332/2980/2266 2041/2981/2266
f 1255/648/2267 786/2982/2267 487/649/2267
f 2041/2981/2268 1255/648/2268 150/641/2268
f 1256/658/2269 789/2983/2269 151/661/2269
f 1257/838/2270 1256/658/2270 152/660/2270
f 449/842/2271 3333/2984/2271 1257/838/2271
f 150/641/2272 3334/2985/2272 2041/2981/2272
f 102/364/2273 3334/2985/2273 2045/667/2273
f 2041/2981/2274 1258/2858/2274 106/846/2274
f 1167/2859/2275 789/2983/2275 449/842/2275
f 103/373/2276 3335/2986/2276 1167/2859/2276
f 151/661/2277 3335/2986/2277 1260/669/2277
f 160/671/2278 3336/2987/2278 2048/686/2278
f 1263/2988/2279 2049/767/2279 470/763/2279
f 2048/686/2280 1263/2988/2280 472/662/2280
f 471/652/2281 3337/2989/2281 1264/681/2281
f 791/687/2282 2047/675/2282 160/671/2282
f 1264/681/2283 791/687/2283 153/682/2283
f 790/664/2284 2051/2990/2284 472/662/2284
f 494/655/2285 3338/2991/2285 790/664/2285
f 171/2992/2286 3338/2991/2286 812/2993/2286
f 2051/2990/2287 2052/688/2287 472/662/2287
f 171/2992/2288 3339/2994/2288 2051/2990/2288
f 153/682/2289 3339/2994/2289 2102/2995/2289
f 2054/691/2290 792/831/2290 486/689/2290
f 479/695/2291 3340/2996/2291 2054/691/2291
f 792/831/2292 1276/750/2292 478/676/2292
f 794/2997/2293 795/2998/2293 470/763/2293
f 480/702/2294 3341/2999/2294 794/2997/2294
f 795/2998/2295 2055/701/2295 473/699/2295
f 486/689/2296 3342/3000/2296 2056/693/2296
f 1282/776/2297 1266/707/2297 154/703/2297
f 2056/693/2298 1282/776/2298 482/692/2298
f 2079/3001/2299 2057/700/2299 163/696/2299
f 1267/3002/2300 2079/3001/2300 481/771/2300
f 473/699/2301 3343/3003/2301 1267/3002/2301
f 481/771/2302 3344/3004/2302 1267/3002/2302
f 1269/828/2303 1268/3005/2303 155/807/2303
f 1267/3002/2304 1269/828/2304 473/699/2304
f 2059/3006/2305 2078/770/2305 9/738/2305
f 155/807/2306 3345/3007/2306 2059/3006/2306
f 2078/770/2307 1268/3005/2307 481/771/2307
f 9/738/2308 3346/3008/2308 2059/3006/2308
f 475/737/2309 3346/3008/2309 796/735/2309
f 2059/3006/2310 2060/809/2310 155/807/2310
f 159/719/2311 3347/3009/2311 2061/717/2311
f 156/709/2312 3347/3009/2312 2075/3010/2312
f 2061/717/2313 1272/711/2313 485/714/2313
f 798/3011/2314 2062/726/2314 157/723/2314
f 158/781/2315 3348/3012/2315 798/3011/2315
f 159/719/2316 3348/3012/2316 2063/780/2316
f 476/721/2317 3349/3013/2317 2065/725/2317
f 2064/727/2318 1273/720/2318 485/714/2318
f 157/723/2319 3349/3013/2319 2064/727/2319
f 1274/740/2320 2066/736/2320 164/732/2320
f 477/742/2321 3350/3014/2321 1274/740/2321
f 2066/736/2322 1275/745/2322 475/737/2322
f 164/732/2323 3351/3015/2323 2067/739/2323
f 158/781/2324 3351/3015/2324 2076/3016/2324
f 2067/739/2325 798/3011/2325 157/723/2325
f 479/695/2326 3352/3017/2326 2070/749/2326
f 2074/3018/2327 793/694/2327 482/692/2327
f 2070/749/2328 2074/3018/2328 161/751/2328
f 478/676/2329 3353/3019/2329 2071/673/2329
f 1278/755/2330 1277/753/2330 161/751/2330
f 2071/673/2331 1278/755/2331 160/671/2331
f 794/2997/2332 2072/761/2332 480/702/2332
f 470/763/2333 3354/3020/2333 794/2997/2333
f 162/762/2334 3354/3020/2334 2073/765/2334
f 162/762/2335 3355/3021/2335 2086/789/2335
f 799/758/2336 1279/766/2336 160/671/2336
f 165/756/2337 3355/3021/2337 799/758/2337
f 802/3022/2338 2075/3010/2338 159/719/2338
f 1280/715/2339 802/3022/2339 154/703/2339
f 156/709/2340 3356/3023/2340 1280/715/2340
f 483/791/2341 3357/3024/2341 2085/3025/2341
f 2079/3001/2342 1283/3026/2342 481/771/2342
f 163/696/2343 3357/3024/2343 2079/3001/2343
f 2081/777/2344 802/3022/2344 159/719/2344
f 484/772/2345 3358/3027/2345 2081/777/2345
f 154/703/2346 3358/3027/2346 1281/774/2346
f 481/771/2347 3359/3028/2347 803/768/2347
f 483/791/2348 3359/3028/2348 1283/3026/2348
f 803/768/2349 2082/3029/2349 164/732/2349
f 1285/3030/2350 2082/3029/2350 483/791/2350
f 2076/3016/2351 1285/3030/2351 158/781/2351
f 164/732/2352 3360/3031/2352 2076/3016/2352
f 484/772/2353 3361/3032/2353 2080/775/2353
f 2074/3018/2354 800/786/2354 161/751/2354
f 482/692/2355 3361/3032/2355 2074/3018/2355
f 163/696/2356 3362/3033/2356 2085/3025/2356
f 1284/788/2357 801/760/2357 162/762/2357
f 483/791/2358 3362/3033/2358 1284/788/2358
f 805/783/2359 2087/790/2359 165/756/2359
f 158/781/2360 3363/3034/2360 805/783/2360
f 483/791/2361 3363/3034/2361 1285/3030/2361
f 166/731/2362 3364/3035/2362 2089/799/2362
f 485/714/2363 3364/3035/2363 1288/730/2363
f 2089/799/2364 1287/795/2364 141/798/2364
f 1291/812/2365 2091/816/2365 142/813/2365
f 475/737/2366 3365/3036/2366 1291/812/2366
f 166/731/2367 3365/3036/2367 1292/748/2367
f 1295/820/2368 1294/823/2368 486/689/2368
f 2025/610/2369 1295/820/2369 138/406/2369
f 465/613/2370 3366/3037/2370 2025/610/2370
f 2094/3038/2371 808/857/2371 168/841/2371
f 473/699/2372 3367/3039/2372 2094/3038/2372
f 808/857/2373 1296/825/2373 110/411/2373
f 470/763/2374 3368/3040/2374 1299/3041/2374
f 1298/3042/2375 795/2998/2375 473/699/2375
f 1299/3041/2376 1298/3042/2376 152/660/2376
f 1298/3042/2377 2097/840/2377 152/660/2377
f 2094/3038/2378 1298/3042/2378 473/699/2378
f 168/841/2379 3369/3043/2379 2094/3038/2379
f 487/649/2380 3370/3044/2380 2095/834/2380
f 1300/851/2381 786/2982/2381 106/846/2381
f 2095/834/2382 1300/851/2382 167/819/2382
f 1263/2988/2383 2044/665/2383 472/662/2383
f 470/763/2384 3371/3045/2384 1263/2988/2384
f 152/660/2385 3371/3045/2385 1299/3041/2385
f 809/1448/2386 2098/844/2386 105/386/2386
f 1305/854/2387 809/1448/2387 489/852/2387
f 169/845/2388 3372/3046/2388 1305/854/2388
f 488/3047/2389 3373/3048/2389 1302/3049/2389
f 1301/3050/2390 1307/3051/2390 490/860/2390
f 1302/3049/2391 1301/3050/2391 450/1451/2391
f 1302/3049/2392 1303/3052/2392 488/3047/2392
f 450/1451/2393 3374/3053/2393 1302/3049/2393
f 449/842/2394 3374/3053/2394 1168/2862/2394
f 488/3047/2395 3375/3054/2395 1308/3055/2395
f 1304/839/2396 1303/3052/2396 449/842/2396
f 168/841/2397 3375/3054/2397 1304/839/2397
f 490/860/2398 3376/3056/2398 1312/858/2398
f 1308/3055/2399 1307/3051/2399 488/3047/2399
f 168/841/2400 3376/3056/2400 1308/3055/2400
f 1170/402/2401 1309/3057/2401 451/393/2401
f 138/406/2402 3377/3058/2402 1170/402/2402
f 1309/3057/2403 1310/856/2403 489/852/2403
f 1309/3057/2404 1171/389/2404 451/393/2404
f 489/852/2405 3378/3059/2405 1309/3057/2405
f 1171/389/2406 1311/1455/2406 107/387/2406
f 1313/859/2407 2101/861/2407 490/860/2407
f 110/411/2408 3379/3060/2408 1313/859/2408
f 2101/861/2409 752/412/2409 5/399/2409
f 1316/2979/2410 2114/3061/2410 494/655/2410
f 149/636/2411 3380/3062/2411 1316/2979/2411
f 172/878/2412 3380/3062/2412 2106/881/2412
f 1245/624/2413 1322/3063/2413 174/625/2413
f 1319/873/2414 1245/624/2414 468/620/2414
f 493/871/2415 3381/3064/2415 1319/873/2415
f 173/877/2416 3382/3065/2416 1323/3066/2416
f 1249/626/2417 2107/876/2417 469/356/2417
f 1323/3066/2418 1249/626/2418 174/625/2418
f 174/625/2419 3383/3067/2419 1321/884/2419
f 1320/3068/2420 1322/3063/2420 493/871/2420
f 1321/884/2421 1320/3068/2421 492/882/2421
f 2109/3069/2422 1324/3070/2422 175/898/2422
f 1323/3066/2423 2109/3069/2423 173/877/2423
f 174/625/2424 3384/3071/2424 1323/3066/2424
f 175/898/2425 3385/3072/2425 2126/927/2425
f 814/887/2426 1324/3070/2426 174/625/2426
f 180/885/2427 3385/3072/2427 814/887/2427
f 493/871/2428 3386/3073/2428 1320/3068/2428
f 1325/889/2429 1326/870/2429 10/865/2429
f 492/882/2430 3386/3073/2430 1325/889/2430
f 175/898/2431 3387/3074/2431 2109/3069/2431
f 813/880/2432 1328/897/2432 172/878/2432
f 173/877/2433 3387/3074/2433 813/880/2433
f 491/643/2434 3388/3075/2434 2110/3076/2434
f 170/678/2435 3388/3075/2435 1315/680/2435
f 2110/3076/2436 1330/3077/2436 177/901/2436
f 2103/864/2437 2111/899/2437 10/865/2437
f 2110/3076/2438 2103/864/2438 491/643/2438
f 177/901/2439 3389/3078/2439 2110/3076/2439
f 2112/3079/2440 2113/3080/2440 179/905/2440
f 171/2992/2441 3390/3081/2441 2112/3079/2441
f 494/655/2442 3390/3081/2442 812/2993/2442
f 179/905/2443 3391/3082/2443 2115/903/2443
f 2114/3061/2444 2113/3080/2444 494/655/2444
f 2115/903/2445 2114/3061/2445 172/878/2445
f 817/917/2446 2117/907/2446 153/682/2446
f 178/913/2447 3392/3083/2447 817/917/2447
f 2117/907/2448 2118/912/2448 495/908/2448
f 177/901/2449 3393/3084/2449 1329/914/2449
f 2116/910/2450 1330/3077/2450 170/678/2450
f 495/908/2451 3393/3084/2451 2116/910/2451
f 2121/918/2452 2120/929/2452 178/913/2452
f 11/919/2453 3394/3085/2453 2121/918/2453
f 2120/929/2454 818/3086/2454 179/905/2454
f 2102/2995/2455 2122/916/2455 153/682/2455
f 171/2992/2456 3395/3087/2456 2102/2995/2456
f 11/919/2457 3395/3087/2457 1331/3088/2457
f 11/919/2458 3396/3089/2458 818/3086/2458
f 2112/3079/2459 1331/3088/2459 171/2992/2459
f 179/905/2460 3396/3089/2460 2112/3079/2460
f 178/913/2461 3397/3090/2461 2123/921/2461
f 180/885/2462 3397/3090/2462 819/3091/2462
f 2123/921/2463 2124/923/2463 181/890/2463
f 2127/926/2464 2128/930/2464 176/893/2464
f 180/885/2465 3398/3092/2465 2127/926/2465
f 178/913/2466 3398/3092/2466 819/3091/2466
f 1379/3093/2467 1334/932/2467 208/936/2467
f 508/956/2468 3399/3094/2468 1379/3093/2468
f 183/933/2469 3399/3094/2469 2131/957/2469
f 500/547/2470 3400/3095/2470 2151/1043/2470
f 1336/955/2471 823/2957/2471 183/933/2471
f 501/959/2472 3400/3095/2472 1336/955/2472
f 143/618/2473 3401/3096/2473 1335/953/2473
f 2178/3097/2474 1337/963/2474 507/961/2474
f 496/952/2475 3401/3096/2475 2178/3097/2475
f 466/935/2476 3402/3098/2476 2133/934/2476
f 1370/3099/2477 824/969/2477 205/973/2477
f 2133/934/2478 1370/3099/2478 208/936/2478
f 776/2946/2479 2136/971/2479 466/935/2479
f 137/603/2480 3403/3100/2480 776/2946/2480
f 201/972/2481 3403/3100/2481 2135/979/2481
f 185/976/2482 3404/3101/2482 2137/974/2482
f 140/606/2483 3404/3101/2483 1339/987/2483
f 2137/974/2484 1338/2950/2484 184/943/2484
f 775/602/2485 2138/981/2485 137/603/2485
f 1340/989/2486 775/602/2486 7/600/2486
f 199/982/2487 3405/3102/2487 1340/989/2487
f 506/985/2488 3406/3103/2488 2139/983/2488
f 2140/2944/2489 827/997/2489 136/588/2489
f 2139/983/2490 2140/2944/2490 140/606/2490
f 7/600/2491 3407/3104/2491 828/991/2491
f 1341/1000/2492 774/2936/2492 497/998/2492
f 195/992/2493 3407/3104/2493 1341/1000/2493
f 505/995/2494 3408/3105/2494 2141/993/2494
f 1228/591/2495 1342/1008/2495 498/592/2495
f 136/588/2496 3408/3105/2496 1228/591/2496
f 2146/1026/2497 2158/1069/2497 189/1028/2497
f 499/1022/2498 3409/3106/2498 2146/1026/2498
f 504/1006/2499 3409/3106/2499 2144/3107/2499
f 499/1022/2500 3410/3108/2500 2144/3107/2500
f 830/1004/2501 1346/1021/2501 498/592/2501
f 504/1006/2502 3410/3108/2502 830/1004/2502
f 129/570/2503 3411/3109/2503 772/2932/2503
f 187/1016/2504 3411/3109/2504 2145/1030/2504
f 772/2932/2505 1344/1015/2505 131/1013/2505
f 2149/1040/2506 2148/1032/2506 129/570/2506
f 1348/1042/2507 2149/1040/2507 500/547/2507
f 186/1033/2508 3412/3110/2508 1348/1042/2508
f 17/1036/2509 3413/3111/2509 2150/1034/2509
f 1349/1046/2510 1350/1050/2510 128/548/2510
f 2150/1034/2511 1349/1046/2511 132/558/2511
f 1352/1049/2512 2153/1137/2512 507/961/2512
f 832/3112/2513 1352/1049/2513 17/1036/2513
f 16/1136/2514 3414/3113/2514 832/3112/2514
f 2154/1031/2515 2155/1058/2515 187/1016/2515
f 834/3114/2516 2154/1031/2516 186/1033/2516
f 188/1059/2517 3415/3115/2517 834/3114/2517
f 502/1063/2518 3416/3116/2518 2156/1061/2518
f 1353/1035/2519 837/3117/2519 17/1036/2519
f 2156/1061/2520 1353/1035/2520 189/1028/2520
f 187/1016/2521 3417/3118/2521 2157/1014/2521
f 15/1060/2522 3417/3118/2522 833/1056/2522
f 2157/1014/2523 1354/3119/2523 503/1003/2523
f 503/1003/2524 3418/3120/2524 1355/3121/2524
f 838/3122/2525 1354/3119/2525 15/1060/2525
f 190/3123/2526 3418/3120/2526 838/3122/2526
f 503/1003/2527 3419/3124/2527 2161/3125/2527
f 840/3126/2528 1355/3121/2528 190/3123/2528
f 2161/3125/2529 840/3126/2529 192/3127/2529
f 1356/1075/2530 841/3128/2530 14/1076/2530
f 2161/3125/2531 1356/1075/2531 503/1003/2531
f 192/3127/2532 3420/3129/2532 2161/3125/2532
f 193/1081/2533 3421/3130/2533 2165/3131/2533
f 2164/1082/2534 1357/1080/2534 504/1006/2534
f 2165/3131/2535 2164/1082/2535 197/1084/2535
f 1360/990/2536 2167/1097/2536 199/982/2536
f 2166/1087/2537 1360/990/2537 195/992/2537
f 196/1089/2538 3422/3132/2538 2166/1087/2538
f 198/1093/2539 3423/3133/2539 2168/1099/2539
f 1362/994/2540 845/1092/2540 505/995/2540
f 2168/1099/2541 1362/994/2541 506/985/2541
f 201/972/2542 3424/3134/2542 848/1118/2542
f 850/3135/2543 1364/1109/2543 202/1107/2543
f 848/1118/2544 850/3135/2544 13/1117/2544
f 506/985/2545 3425/3136/2545 2171/1103/2545
f 1365/3137/2546 2170/984/2546 185/976/2546
f 2171/1103/2547 1365/3137/2547 204/1102/2547
f 1365/3137/2548 852/3138/2548 204/1102/2548
f 1366/1111/2549 1365/3137/2549 185/976/2549
f 203/1115/2550 3426/3139/2550 1366/1111/2550
f 185/976/2551 3427/3140/2551 2173/1113/2551
f 1369/3141/2552 826/975/2552 12/967/2552
f 207/1114/2553 3427/3140/2553 1369/3141/2553
f 1369/3141/2554 854/3142/2554 207/1114/2554
f 12/967/2555 3428/3143/2555 1369/3141/2555
f 210/3144/2556 3428/3143/2556 2175/3145/2556
f 209/1127/2557 3429/3146/2557 1371/1125/2557
f 1370/3099/2558 855/1140/2558 208/936/2558
f 1371/1125/2559 1370/3099/2559 205/973/2559
f 2174/966/2560 1372/3147/2560 12/967/2560
f 1373/1146/2561 2174/966/2561 182/945/2561
f 216/1143/2562 3430/3148/2562 1373/1146/2562
f 12/967/2563 3431/3149/2563 2175/3145/2563
f 857/3150/2564 1372/3147/2564 216/1143/2564
f 2175/3145/2565 857/3150/2565 210/3144/2565
f 1376/3151/2566 860/3152/2566 213/1131/2566
f 508/956/2567 3432/3153/2567 1376/3151/2567
f 215/1142/2568 3432/3153/2568 2180/3154/2568
f 1374/958/2569 2176/1130/2569 501/959/2569
f 1376/3151/2570 1374/958/2570 508/956/2570
f 213/1131/2571 3433/3155/2571 1376/3151/2571
f 214/1148/2572 3434/3156/2572 861/3157/2572
f 496/952/2573 3434/3156/2573 1377/3158/2573
f 861/3157/2574 1378/3159/2574 212/1134/2574
f 212/1134/2575 3435/3160/2575 1375/1132/2575
f 2178/3097/2576 1378/3159/2576 496/952/2576
f 1375/1132/2577 2178/3097/2577 507/961/2577
f 1379/3093/2578 2180/3154/2578 508/956/2578
f 2179/1139/2579 1379/3093/2579 208/936/2579
f 215/1142/2580 3436/3161/2580 2179/1139/2580
f 214/1148/2581 3437/3162/2581 1377/3158/2581
f 822/950/2582 1380/1147/2582 182/945/2582
f 1377/3158/2583 822/950/2583 496/952/2583
f 1382/1152/2584 1381/3163/2584 218/505/2584
f 866/3164/2585 1382/1152/2585 574/1154/2585
f 509/3165/2586 3438/3166/2586 866/3164/2586
f 1381/3163/2587 2183/1157/2587 218/505/2587
f 2182/3167/2588 1381/3163/2588 509/3165/2588
f 309/1158/2589 3439/3168/2589 2182/3167/2589
f 222/1181/2590 3440/3169/2590 868/3170/2590
f 2185/1160/2591 1384/3171/2591 510/516/2591
f 868/3170/2592 2185/1160/2592 576/1164/2592
f 510/516/2593 3441/3172/2593 2187/1165/2593
f 864/1156/2594 2186/2923/2594 217/522/2594
f 2187/1165/2595 864/1156/2595 309/1158/2595
f 511/477/2596 3442/3173/2596 2188/1168/2596
f 221/1172/2597 3442/3173/2597 867/1191/2597
f 2188/1168/2598 1386/1171/2598 219/1149/2598
f 1390/2916/2599 1389/1180/2599 512/1176/2599
f 510/516/2600 3443/3174/2600 1390/2916/2600
f 222/1181/2601 3443/3174/2601 1384/3171/2601
f 1388/1179/2602 2355/1875/2602 223/1182/2602
f 222/1181/2603 3444/3175/2603 1388/1179/2603
f 572/1876/2604 3444/3175/2604 869/3176/2604
f 513/1184/2605 3445/3177/2605 2191/1187/2605
f 225/1207/2606 3445/3177/2606 1393/1203/2606
f 2191/1187/2607 870/3178/2607 221/1172/2607
f 766/2910/2608 2197/3179/2608 226/459/2608
f 2193/3180/2609 766/2910/2609 122/489/2609
f 514/1192/2610 3446/3181/2610 2193/3180/2610
f 2193/3180/2611 2192/1196/2611 514/1192/2611
f 122/489/2612 3447/3182/2612 2193/3180/2612
f 223/1182/2613 3447/3182/2613 1394/3183/2613
f 2194/2909/2614 1394/3183/2614 122/489/2614
f 1387/1178/2615 2194/2909/2615 512/1176/2615
f 223/1182/2616 3448/3184/2616 1387/1178/2616
f 453/445/2617 3449/3185/2617 1990/2893/2617
f 227/1200/2618 3449/3185/2618 871/1220/2618
f 1990/2893/2619 1395/1199/2619 224/476/2619
f 2195/1198/2620 2196/1205/2620 513/1184/2620
f 227/1200/2621 3450/3186/2621 2195/1198/2621
f 18/1206/2622 3450/3186/2622 874/1833/2622
f 1396/1210/2623 1397/3187/2623 228/1211/2623
f 226/459/2624 3451/3188/2624 1396/1210/2624
f 514/1192/2625 3451/3188/2625 2197/3179/2625
f 573/1214/2626 3452/3189/2626 1399/1212/2626
f 228/1211/2627 3452/3189/2627 872/3190/2627
f 1399/1212/2628 1397/3187/2628 514/1192/2628
f 113/435/2629 3453/3191/2629 1183/444/2629
f 515/1218/2630 3453/3191/2630 1400/1237/2630
f 1183/444/2631 1401/1217/2631 453/445/2631
f 515/1218/2632 3454/3192/2632 2199/1221/2632
f 556/1242/2633 3454/3192/2633 1405/1240/2633
f 2199/1221/2634 2342/3193/2634 308/1222/2634
f 1402/3194/2635 2200/1233/2635 516/1229/2635
f 2346/3195/2636 1402/3194/2636 228/1211/2636
f 568/1234/2637 3455/3196/2637 2346/3195/2637
f 1403/1227/2638 1402/3194/2638 516/1229/2638
f 116/464/2639 3456/3197/2639 1403/1227/2639
f 228/1211/2640 3456/3197/2640 873/1209/2640
f 1179/2884/2641 1406/3198/2641 518/1256/2641
f 115/437/2642 3457/3199/2642 1179/2884/2642
f 1406/3198/2643 1407/1226/2643 516/1229/2643
f 518/1256/2644 3458/3200/2644 875/3201/2644
f 2202/1231/2645 1406/3198/2645 516/1229/2645
f 875/3201/2646 2202/1231/2646 19/1235/2646
f 517/415/2647 3459/3202/2647 1408/429/2647
f 230/1245/2648 3459/3202/2648 1410/3203/2648
f 1408/429/2649 1409/1244/2649 229/427/2649
f 517/415/2650 3460/3204/2650 1410/3203/2650
f 876/1895/2651 1412/1258/2651 235/1261/2651
f 230/1245/2652 3460/3204/2652 876/1895/2652
f 2204/1254/2653 2373/1914/2653 231/1249/2653
f 875/3201/2654 2204/1254/2654 518/1256/2654
f 19/1235/2655 3461/3205/2655 875/3201/2655
f 1174/414/2656 2207/1257/2656 517/415/2656
f 6/418/2657 3462/3206/2657 1174/414/2657
f 2207/1257/2658 1411/1264/2658 234/1259/2658
f 754/2865/2659 2208/1266/2659 6/418/2659
f 1415/1279/2660 754/2865/2660 108/392/2660
f 237/1267/2661 3463/3207/2661 1415/1279/2661
f 1413/1274/2662 2210/1277/2662 541/1273/2662
f 112/1271/2663 3464/3208/2663 1413/1274/2663
f 2210/1277/2664 758/2880/2664 233/420/2664
f 238/1270/2665 3465/3209/2665 2209/1268/2665
f 1414/2872/2666 1416/1287/2666 239/396/2666
f 2209/1268/2667 1414/2872/2667 112/1271/2667
f 267/1533/2668 3466/3210/2668 1417/3211/2668
f 1418/1296/2669 2272/3212/2669 269/1297/2669
f 1417/3211/2670 1418/1296/2670 519/1291/2670
f 247/1294/2671 3467/3213/2671 2217/1322/2671
f 2214/1302/2672 1419/1293/2672 519/1291/2672
f 2217/1322/2673 2214/1302/2673 521/1306/2673
f 241/1290/2674 3468/3214/2674 2212/1288/2674
f 1417/3211/2675 1481/1535/2675 267/1533/2675
f 2212/1288/2676 1417/3211/2676 519/1291/2676
f 884/1289/2677 1422/1316/2677 241/1290/2677
f 1423/1318/2678 884/1289/2678 247/1294/2678
f 243/1312/2679 3469/3215/2679 1423/1318/2679
f 1424/1319/2680 887/1423/2680 243/1312/2680
f 1426/3216/2681 1424/1319/2681 250/1321/2681
f 242/1411/2682 3470/3217/2682 1426/3216/2682
f 1420/1310/2683 2216/1540/2683 245/1313/2683
f 1425/3218/2684 1420/1310/2684 243/1312/2684
f 244/1428/2685 3471/3219/2685 1425/3218/2685
f 891/1323/2686 889/1320/2686 247/1294/2686
f 893/1334/2687 891/1323/2687 249/1326/2687
f 250/1321/2688 3472/3220/2688 893/1334/2688
f 1427/1329/2689 894/1346/2689 253/1331/2689
f 1431/3221/2690 1427/1329/2690 520/1330/2690
f 248/1347/2691 3473/3222/2691 1431/3221/2691
f 249/1326/2692 3474/3223/2692 2218/1327/2692
f 521/1306/2693 3474/3223/2693 890/1325/2693
f 2218/1327/2694 1428/1417/2694 520/1330/2694
f 895/1328/2695 1429/1336/2695 249/1326/2695
f 253/1331/2696 3475/3224/2696 895/1328/2696
f 1429/1336/2697 1430/1339/2697 252/1337/2697
f 736/337/2698 2219/1343/2698 94/340/2698
f 146/339/2699 3476/3225/2699 736/337/2699
f 2219/1343/2700 900/3226/2700 253/1331/2700
f 254/1355/2701 3477/3227/2701 902/3228/2701
f 1431/3221/2702 1432/1353/2702 248/1347/2702
f 520/1330/2703 3477/3227/2703 1431/3221/2703
f 900/3226/2704 2220/1350/2704 253/1331/2704
f 146/339/2705 3478/3229/2705 900/3226/2705
f 2220/1350/2706 739/2844/2706 446/359/2706
f 252/1337/2707 3479/3230/2707 901/3231/2707
f 2221/1357/2708 898/1342/2708 251/1340/2708
f 522/1360/2709 3479/3230/2709 2221/1357/2709
f 740/349/2710 2222/1354/2710 96/347/2710
f 94/340/2711 3480/3232/2711 740/349/2711
f 248/1347/2712 3480/3232/2712 899/1344/2712
f 251/1340/2713 3481/3233/2713 2224/1356/2713
f 446/359/2714 3481/3233/2714 1433/1349/2714
f 2224/1356/2715 745/2854/2715 99/1358/2715
f 1160/377/2716 905/1384/2716 100/375/2716
f 1434/1363/2717 1160/377/2717 448/341/2717
f 523/1366/2718 3482/3234/2718 1434/1363/2718
f 1435/1365/2719 2226/1370/2719 523/1366/2719
f 254/1355/2720 3483/3235/2720 1435/1365/2720
f 2226/1370/2721 902/3228/2721 520/1330/2721
f 1975/343/2722 2225/1362/2722 448/341/2722
f 903/1352/2723 1975/343/2723 96/347/2723
f 254/1355/2724 3484/3236/2724 903/1352/2724
f 901/3231/2725 2227/1372/2725 252/1337/2725
f 522/1360/2726 3485/3237/2726 901/3231/2726
f 2227/1372/2727 1436/1379/2727 524/1374/2727
f 524/1374/2728 3486/3238/2728 2230/1401/2728
f 1164/382/2729 1437/1380/2729 98/374/2729
f 2230/1401/2730 1164/382/2730 104/380/2730
f 522/1360/2731 3487/3239/2731 2228/1381/2731
f 744/2851/2732 2223/1361/2732 99/1358/2732
f 2228/1381/2733 744/2851/2733 98/374/2733
f 1444/1416/2734 2232/1408/2734 255/1371/2734
f 521/1306/2735 3488/3240/2735 1444/1416/2735
f 240/1303/2736 3488/3240/2736 892/1305/2736
f 242/1411/2737 3489/3241/2737 2234/1414/2737
f 250/1321/2738 3489/3241/2738 1426/3216/2738
f 2234/1414/2739 1446/3242/2739 257/1377/2739
f 257/1377/2740 3490/3243/2740 1445/1373/2740
f 896/1335/2741 1446/3242/2741 250/1321/2741
f 252/1337/2742 3490/3243/2742 896/1335/2742
f 256/1393/2743 3491/3244/2743 2236/1420/2743
f 2213/1301/2744 2233/1410/2744 240/1303/2744
f 519/1291/2745 3491/3244/2745 2213/1301/2745
f 24/1406/2746 3492/3245/2746 2237/1422/2746
f 1425/3218/2747 1449/1426/2747 244/1428/2747
f 2237/1422/2748 1425/3218/2748 243/1312/2748
f 258/1386/2749 3493/3246/2749 1454/1443/2749
f 1438/1388/2750 1439/1385/2750 523/1366/2750
f 528/1390/2751 3493/3246/2751 1438/1388/2751
f 105/386/2752 3494/3247/2752 1450/3248/2752
f 1440/1383/2753 749/385/2753 100/375/2753
f 258/1386/2754 3494/3247/2754 1440/1383/2754
f 260/1398/2755 3495/3249/2755 2239/3250/2755
f 1443/1400/2756 1441/1397/2756 524/1374/2756
f 525/1403/2757 3495/3249/2757 1443/1400/2757
f 525/1403/2758 3496/3251/2758 2240/1452/2758
f 1976/2864/2759 1442/1402/2759 104/380/2759
f 450/1451/2760 3496/3251/2760 1976/2864/2760
f 258/1386/2761 3497/3252/2761 1450/3248/2761
f 1456/1446/2762 2241/1444/2762 526/1434/2762
f 105/386/2763 3497/3252/2763 1456/1446/2763
f 260/1398/2764 3498/3253/2764 913/1439/2764
f 1457/1450/2765 2239/3250/2765 525/1403/2765
f 527/1440/2766 3498/3253/2766 1457/1450/2766
f 527/1440/2767 3499/3254/2767 1453/1463/2767
f 1301/3050/2768 1458/1453/2768 450/1451/2768
f 490/860/2769 3499/3254/2769 1301/3050/2769
f 2244/1447/2770 2243/1454/2770 489/852/2770
f 526/1434/2771 3500/3255/2771 2244/1447/2771
f 2243/1454/2772 2245/1459/2772 326/1456/2772
f 1314/862/2773 2246/1462/2773 490/860/2773
f 529/397/2774 3501/3256/2774 1314/862/2774
f 530/1465/2775 3501/3256/2775 1460/3257/2775
f 2248/1464/2776 2247/1437/2776 527/1440/2776
f 530/1465/2777 3502/3258/2777 2248/1464/2777
f 2247/1437/2778 985/3259/2778 261/1438/2778
f 1459/3260/2779 2250/1468/2779 326/1456/2779
f 236/1282/2780 3503/3261/2780 1459/3260/2780
f 108/392/2781 3503/3261/2781 881/1281/2781
f 530/1465/2782 3504/3262/2782 2251/1469/2782
f 529/397/2783 3504/3262/2783 1460/3257/2783
f 2251/1469/2784 1461/394/2784 239/396/2784
f 1466/1490/2785 2252/1496/2785 531/1478/2785
f 536/1492/2786 3505/3263/2786 1466/1490/2786
f 264/1497/2787 3505/3263/2787 2263/1516/2787
f 1462/1488/2788 2254/1483/2788 263/1479/2788
f 2253/1494/2789 1462/1488/2789 531/1478/2789
f 262/1482/2790 3506/3264/2790 2253/1494/2790
f 1467/3265/2791 2255/3266/2791 532/2083/2791
f 2256/3267/2792 1467/3265/2792 533/1503/2792
f 537/1520/2793 3507/3268/2793 2256/3267/2793
f 1469/2092/2794 1467/3265/2794 532/2083/2794
f 534/1500/2795 3508/3269/2795 1469/2092/2795
f 533/1503/2796 3508/3269/2796 1468/1499/2796
f 534/1500/2797 3509/3270/2797 2257/1498/2797
f 915/1484/2798 917/1600/2798 4/1485/2798
f 262/1482/2799 3509/3270/2799 915/1484/2799
f 533/1503/2800 3510/3271/2800 2258/1504/2800
f 914/1495/2801 1470/1502/2801 262/1482/2801
f 2258/1504/2802 914/1495/2802 264/1497/2802
f 537/1520/2803 3511/3272/2803 2264/1523/2803
f 533/1503/2804 3511/3272/2804 2256/3267/2804
f 2264/1523/2805 2259/1505/2805 538/1507/2805
f 535/1475/2806 3512/3273/2806 2260/1491/2806
f 1471/1511/2807 2261/3274/2807 591/1509/2807
f 536/1492/2808 3512/3273/2808 1471/1511/2808
f 535/1475/2809 3513/3275/2809 2261/3274/2809
f 919/2074/2810 2418/1472/2810 334/1474/2810
f 2261/3274/2811 919/2074/2811 591/1509/2811
f 1472/1512/2812 2262/1518/2812 536/1492/2812
f 539/1514/2813 3514/3276/2813 1472/1512/2813
f 265/1519/2814 3514/3276/2814 2270/3277/2814
f 922/3278/2815 2265/1522/2815 592/1525/2815
f 2255/3266/2816 922/3278/2816 532/2083/2816
f 537/1520/2817 3515/3279/2817 2255/3266/2817
f 538/1507/2818 3516/3280/2818 2266/1526/2818
f 264/1497/2819 3516/3280/2819 1474/1508/2819
f 2266/1526/2820 918/1517/2820 265/1519/2820
f 592/1525/2821 3517/3281/2821 921/3282/2821
f 538/1507/2822 3517/3281/2822 1473/1524/2822
f 921/3282/2823 1475/1527/2823 540/1529/2823
f 539/1514/2824 3518/3283/2824 2267/3284/2824
f 1662/2078/2825 920/1513/2825 591/1509/2825
f 266/1967/2826 3518/3283/2826 1662/2078/2826
f 539/1514/2827 3519/3285/2827 2268/3286/2827
f 266/1967/2828 3519/3285/2828 2267/3284/2828
f 2268/3286/2829 1476/3287/2829 267/1533/2829
f 267/1533/2830 3520/3288/2830 2272/3212/2830
f 924/1969/2831 1476/3287/2831 266/1967/2831
f 269/1297/2832 3520/3288/2832 924/1969/2832
f 265/1519/2833 3521/3289/2833 2269/1531/2833
f 539/1514/2834 3521/3289/2834 2270/3277/2834
f 2269/1531/2835 2268/3286/2835 267/1533/2835
f 1477/3290/2836 1479/3291/2836 246/1307/2836
f 268/3292/2837 3522/3293/2837 1477/3290/2837
f 540/1529/2838 3522/3293/2838 1478/3294/2838
f 268/3292/2839 3523/3295/2839 1478/3294/2839
f 921/3282/2840 1664/3296/2840 592/1525/2840
f 540/1529/2841 3523/3295/2841 921/3282/2841
f 245/1313/2842 3524/3297/2842 888/1309/2842
f 1477/3290/2843 1626/3298/2843 268/3292/2843
f 246/1307/2844 3524/3297/2844 1477/3290/2844
f 1479/3291/2845 2271/1537/2845 246/1307/2845
f 540/1529/2846 3525/3299/2846 1479/3291/2846
f 265/1519/2847 3525/3299/2847 1480/1530/2847
f 269/1297/2848 3526/3300/2848 885/1295/2848
f 270/2008/2849 3526/3300/2849 2274/2014/2849
f 23/1298/2850 3526/3300/2850 2273/3301/2850
f 2273/3301/2851 910/1425/2851 23/1298/2851
f 270/2008/2852 3527/3302/2852 2273/3301/2852
f 528/1390/2853 3527/3302/2853 1455/2010/2853
f 235/1261/2854 3528/3303/2854 2277/1547/2854
f 234/1259/2855 3528/3303/2855 879/1262/2855
f 2277/1547/2856 1483/1552/2856 366/1545/2856
f 234/1259/2857 3529/3304/2857 2279/1551/2857
f 237/1267/2858 3529/3304/2858 2278/1265/2858
f 2279/1551/2859 1635/1992/2859 325/1553/2859
f 235/1261/2860 3530/3305/2860 2369/1897/2860
f 1605/1924/2861 1482/1550/2861 315/1548/2861
f 578/1898/2862 3530/3305/2862 1605/1924/2862
f 1484/1559/2863 1485/3306/2863 609/1561/2863
f 541/1273/2864 3531/3307/2864 1484/1559/2864
f 232/1252/2865 3531/3307/2865 880/1276/2865
f 609/1561/2866 3532/3308/2866 2463/2287/2866
f 1486/1563/2867 1485/3306/2867 232/1252/2867
f 617/1567/2868 3532/3308/2868 1486/1563/2868
f 1636/1996/2869 2280/1560/2869 586/1556/2869
f 238/1270/2870 3533/3309/2870 1636/1996/2870
f 541/1273/2871 3533/3309/2871 1487/1269/2871
f 1491/1585/2872 2284/1589/2872 543/1571/2872
f 916/1481/2873 1491/1585/2873 263/1479/2873
f 4/1485/2874 3534/3310/2874 916/1481/2874
f 273/1573/2875 3535/3311/2875 2282/3312/2875
f 1492/1587/2876 1489/1574/2876 543/1571/2876
f 272/1590/2877 3535/3311/2877 1492/1587/2877
f 544/2044/2878 3536/3313/2878 1493/3314/2878
f 546/1591/2879 3536/3313/2879 1494/3315/2879
f 545/1596/2880 3536/3313/2880 1495/1593/2880
f 1496/2043/2881 928/2093/2881 274/2031/2881
f 544/2044/2882 3537/3316/2882 1496/2043/2882
f 928/2093/2883 2287/3317/2883 534/1500/2883
f 929/3318/2884 2405/2041/2884 21/1776/2884
f 546/1591/2885 3538/3319/2885 929/3318/2885
f 544/2044/2886 3538/3319/2886 1494/3315/2886
f 545/1596/2887 3539/3320/2887 2286/1597/2887
f 926/1588/2888 1497/1595/2888 272/1590/2888
f 2286/1597/2889 926/1588/2889 4/1485/2889
f 1493/3314/2890 2287/3317/2890 544/2044/2890
f 545/1596/2891 3540/3321/2891 1493/3314/2891
f 534/1500/2892 3540/3321/2892 1498/1598/2892
f 277/1818/2893 3541/3322/2893 931/1827/2893
f 1500/3323/2894 932/1817/2894 548/1636/2894
f 276/1601/2895 3541/3322/2895 1500/3323/2895
f 1500/3323/2896 2288/1605/2896 276/1601/2896
f 548/1636/2897 3542/3324/2897 1500/3323/2897
f 547/1606/2898 3542/3324/2898 1501/1638/2898
f 1499/1604/2899 2350/1860/2899 569/1607/2899
f 2290/1609/2900 1499/1604/2900 547/1606/2900
f 275/1613/2901 3543/3325/2901 2290/1609/2901
f 549/1617/2902 3544/3326/2902 2292/1621/2902
f 1504/1626/2903 1503/1865/2903 281/1627/2903
f 2292/1621/2904 1504/1626/2904 278/1622/2904
f 278/1622/2905 3545/3327/2905 933/3328/2905
f 930/1610/2906 1505/1629/2906 275/1613/2906
f 933/3328/2907 930/1610/2907 282/1612/2907
f 550/1635/2908 3546/3329/2908 1508/3330/2908
f 2295/3331/2909 2294/1634/2909 283/1630/2909
f 286/1645/2910 3546/3329/2910 2295/3331/2910
f 283/1630/2911 3547/3332/2911 2295/3331/2911
f 284/1642/2912 3547/3332/2912 937/3333/2912
f 2295/3331/2913 1510/1641/2913 286/1645/2913
f 1511/3334/2914 2297/1647/2914 282/1612/2914
f 550/1635/2915 3548/3335/2915 1511/3334/2915
f 2297/1647/2916 1508/3330/2916 286/1645/2916
f 282/1612/2917 3549/3336/2917 1511/3334/2917
f 1509/1639/2918 2289/1611/2918 547/1606/2918
f 1511/3334/2919 1509/1639/2919 550/1635/2919
f 287/1657/2920 3550/3337/2920 1514/3338/2920
f 1512/3339/2921 2300/1656/2921 290/1652/2921
f 551/3340/2922 3550/3337/2922 1512/3339/2922
f 290/1652/2923 3551/3341/2923 1512/3339/2923
f 2301/3342/2924 1513/3343/2924 279/1620/2924
f 1512/3339/2925 2301/3342/2925 551/3340/2925
f 1515/1655/2926 2299/1801/2926 289/1658/2926
f 287/1657/2927 3552/3344/2927 1515/1655/2927
f 288/1678/2928 3552/3344/2928 941/1687/2928
f 279/1620/2929 3553/3345/2929 2301/3342/2929
f 2298/3346/2930 934/1624/2930 278/1622/2930
f 551/3340/2931 3553/3345/2931 2298/3346/2931
f 2298/3346/2932 1516/3347/2932 551/3340/2932
f 933/3328/2933 2298/3346/2933 278/1622/2933
f 282/1612/2934 3554/3348/2934 933/3328/2934
f 1514/3338/2935 2302/1661/2935 287/1657/2935
f 551/3340/2936 3555/3349/2936 1514/3338/2936
f 2302/1661/2937 1516/3347/2937 282/1612/2937
f 552/1665/2938 3556/3350/2938 1520/3351/2938
f 1519/3352/2939 1518/1664/2939 285/1643/2939
f 553/1668/2940 3556/3350/2940 1519/3352/2940
f 285/1643/2941 3557/3353/2941 1519/3352/2941
f 1552/1785/2942 1521/1790/2942 561/1786/2942
f 1519/3352/2943 1552/1785/2943 553/1668/2943
f 1523/1669/2944 2303/1673/2944 553/1668/2944
f 273/1573/2945 3558/3354/2945 1523/1669/2945
f 2303/1673/2946 2282/3312/2946 272/1590/2946
f 291/1672/2947 3559/3355/2947 2304/1670/2947
f 552/1665/2948 3559/3355/2948 1524/1677/2948
f 2304/1670/2949 1520/3351/2949 553/1668/2949
f 292/1650/2950 3560/3356/2950 2305/1674/2950
f 286/1645/2951 3560/3356/2951 939/1651/2951
f 2305/1674/2952 1517/1663/2952 552/1665/2952
f 554/1683/2953 3561/3357/2953 2307/3358/2953
f 1526/1686/2954 2306/1682/2954 288/1678/2954
f 555/1689/2955 3561/3357/2955 1526/1686/2955
f 1528/1798/2956 929/3318/2956 21/1776/2956
f 554/1683/2957 3562/3359/2957 1528/1798/2957
f 546/1591/2958 3562/3359/2958 2311/1695/2958
f 1527/1688/2959 2308/1692/2959 555/1689/2959
f 287/1657/2960 3563/3360/2960 1527/1688/2960
f 292/1650/2961 3563/3360/2961 940/1660/2961
f 2307/3358/2962 2309/1693/2962 554/1683/2962
f 555/1689/2963 3564/3361/2963 2307/3358/2963
f 291/1672/2964 3564/3361/2964 1529/1691/2964
f 567/1703/2965 3565/3362/2965 2338/1822/2965
f 1532/1712/2966 1533/1702/2966 313/1700/2966
f 2338/1822/2967 1532/1712/2967 564/1716/2967
f 1535/1720/2968 1536/3363/2968 565/1722/2968
f 2313/1706/2969 1535/1720/2969 294/1704/2969
f 307/1710/2970 3566/3364/2970 2313/1706/2970
f 947/1715/2971 1540/1732/2971 564/1716/2971
f 1538/3365/2972 947/1715/2972 296/1713/2972
f 557/1723/2973 3567/3366/2973 1538/3365/2973
f 299/1735/2974 3568/3367/2974 1562/1733/2974
f 2314/1719/2975 2316/1947/2975 297/1717/2975
f 1562/1733/2976 2314/1719/2976 565/1722/2976
f 299/1735/2977 3569/3368/2977 2315/3369/2977
f 1566/1809/2978 2317/1734/2978 566/1737/2978
f 558/1751/2979 3569/3368/2979 1566/1809/2979
f 298/1726/2980 3570/3370/2980 2318/3371/2980
f 1610/3372/2981 1537/1727/2981 557/1723/2981
f 318/1933/2982 3570/3370/2982 1610/3372/2982
f 318/1933/2983 3571/3373/2983 2318/3371/2983
f 583/1739/2984 3571/3373/2984 1616/3374/2984
f 2318/3371/2985 1541/3375/2985 298/1726/2985
f 298/1726/2986 3572/3376/2986 949/1806/2986
f 2319/1741/2987 1541/3375/2987 583/1739/2987
f 949/1806/2988 2319/1741/2988 304/1745/2988
f 319/1746/2989 3573/3377/2989 2321/1750/2989
f 2315/3369/2990 1614/3378/2990 299/1735/2990
f 558/1751/2991 3573/3377/2991 2315/3369/2991
f 584/1752/2992 3574/3379/2992 2323/1964/2992
f 951/1771/2993 1543/1754/2993 25/1756/2993
f 301/1772/2994 3574/3379/2994 951/1771/2994
f 1544/1760/2995 2388/1958/2995 322/1763/2995
f 302/1762/2996 3575/3380/2996 1544/1760/2996
f 559/1767/2997 3575/3380/2997 1545/3381/2997
f 953/1788/2998 2324/1764/2998 303/1577/2998
f 561/1786/2999 3576/3382/2999 953/1788/2999
f 2324/1764/3000 1548/3383/3000 300/1742/3000
f 954/1791/3001 1548/3383/3001 561/1786/3001
f 304/1745/3002 3577/3384/3002 954/1791/3002
f 1548/3383/3003 950/1744/3003 300/1742/3003
f 560/3385/3004 3578/3386/3004 956/3387/3004
f 305/1780/3005 3578/3386/3005 2330/3388/3005
f 956/3387/3006 1550/1779/3006 20/1783/3006
f 1551/3389/3007 2326/1774/3007 21/1776/3007
f 560/3385/3008 3579/3390/3008 1551/3389/3008
f 301/1772/3009 3579/3390/3009 1549/3391/3009
f 302/1762/3010 3580/3392/3010 1545/3381/3010
f 1547/1765/3011 1553/2033/3011 303/1577/3011
f 1545/3381/3012 1547/1765/3012 559/1767/3012
f 1551/3389/3013 2330/3388/3013 560/3385/3013
f 957/3393/3014 1551/3389/3014 21/1776/3014
f 305/1780/3015 3581/3394/3015 957/3393/3015
f 284/1642/3016 3582/3395/3016 2332/1805/3016
f 283/1630/3017 3582/3395/3017 937/3333/3017
f 2332/1805/3018 1557/1803/3018 298/1726/3018
f 283/1630/3019 3583/3396/3019 2331/1802/3019
f 1561/1815/3020 1506/1632/3020 548/1636/3020
f 563/1729/3021 3583/3396/3021 1561/1815/3021
f 1558/1810/3022 2334/1812/3022 558/1751/3022
f 290/1652/3023 3584/3397/3023 1558/1810/3023
f 289/1658/3024 3584/3397/3024 942/1654/3024
f 566/1737/3025 3585/3398/3025 2333/1811/3025
f 1513/3343/3026 2336/1821/3026 279/1620/3026
f 290/1652/3027 3585/3398/3027 1513/3343/3027
f 1559/1816/3028 2335/1731/3028 563/1729/3028
f 277/1818/3029 3586/3399/3029 1559/1816/3029
f 564/1716/3030 3586/3399/3030 1560/1825/3030
f 565/1722/3031 3587/3400/3031 1565/1738/3031
f 280/1614/3032 3587/3400/3032 1563/3401/3032
f 1565/1738/3033 1564/1819/3033 566/1737/3033
f 2347/1850/3034 2339/1828/3034 276/1601/3034
f 306/1846/3035 3588/3402/3035 2347/1850/3035
f 567/1703/3036 3588/3402/3036 958/3403/3036
f 1567/1830/3037 1536/3363/3037 307/1710/3037
f 280/1614/3038 3589/3404/3038 1567/1830/3038
f 565/1722/3039 3589/3404/3039 1563/3401/3039
f 307/1710/3040 3590/3405/3040 2340/1829/3040
f 570/1842/3041 3590/3405/3041 1568/1840/3041
f 2340/1829/3042 959/3406/3042 549/1617/3042
f 308/1222/3043 3591/3407/3043 1569/1885/3043
f 567/1703/3044 3591/3407/3044 1570/1837/3044
f 1569/1885/3045 958/3403/3045 306/1846/3045
f 556/1242/3046 3592/3408/3046 2342/3193/3046
f 293/1697/3047 3592/3408/3047 1530/1910/3047
f 2342/3193/3048 1571/1835/3048 308/1222/3048
f 1572/1845/3049 946/1709/3049 295/1707/3049
f 568/1234/3050 3593/3409/3050 1572/1845/3050
f 307/1710/3051 3593/3409/3051 2343/1839/3051
f 228/1211/3052 3594/3410/3052 2346/3195/3052
f 2363/3411/3053 872/3190/3053 573/1214/3053
f 2346/3195/3054 2363/3411/3054 568/1234/3054
f 1573/1849/3055 2349/1855/3055 575/1851/3055
f 276/1601/3056 3595/3412/3056 1573/1849/3056
f 569/1607/3057 3595/3412/3057 1574/1603/3057
f 577/1856/3058 3596/3413/3058 2348/3414/3058
f 2351/1858/3059 1575/1854/3059 569/1607/3059
f 309/1158/3060 3596/3413/3060 2351/1858/3060
f 570/1842/3061 3597/3415/3061 959/3406/3061
f 310/1863/3062 3597/3415/3062 962/3416/3062
f 959/3406/3063 1576/1862/3063 549/1617/3063
f 310/1863/3064 3598/3417/3064 2352/1861/3064
f 1577/1868/3065 1589/3418/3065 312/1866/3065
f 2352/1861/3066 1577/1868/3066 281/1627/3066
f 281/1627/3067 3599/3419/3067 2293/1625/3067
f 961/1859/3068 1578/1870/3068 309/1158/3068
f 2293/1625/3069 961/1859/3069 275/1613/3069
f 221/1172/3070 3600/3420/3070 1579/1170/3070
f 225/1207/3071 3600/3420/3071 870/3178/3071
f 1579/1170/3072 1580/3421/3072 311/1173/3072
f 1580/3421/3073 963/3422/3073 311/1173/3073
f 225/1207/3074 3601/3423/3074 1580/3421/3074
f 963/3422/3075 1581/1204/3075 18/1206/3075
f 222/1181/3076 3602/3424/3076 869/3176/3076
f 576/1164/3077 3602/3424/3077 868/3170/3077
f 869/3176/3078 2364/1890/3078 572/1876/3078
f 963/3422/3079 2358/1881/3079 311/1173/3079
f 1583/1883/3080 963/3422/3080 18/1206/3080
f 575/1851/3081 3603/3425/3081 1583/1883/3081
f 577/1856/3082 3604/3426/3082 2359/1853/3082
f 574/1154/3083 3604/3426/3083 1591/3427/3083
f 2359/1853/3084 1584/1880/3084 575/1851/3084
f 310/1863/3085 3605/3428/3085 2360/1887/3085
f 2356/1877/3086 1588/3429/3086 573/1214/3086
f 2360/1887/3087 2356/1877/3087 572/1876/3087
f 2361/1888/3088 1589/3418/3088 310/1863/3088
f 576/1164/3089 3606/3430/3089 2361/1888/3089
f 312/1866/3090 3606/3430/3090 964/1892/3090
f 2362/3431/3091 2344/1841/3091 568/1234/3091
f 962/3416/3092 2362/3431/3092 310/1863/3092
f 570/1842/3093 3607/3432/3093 962/3416/3093
f 2363/3411/3094 2362/3431/3094 568/1234/3094
f 573/1214/3095 3608/3433/3095 2363/3411/3095
f 2362/3431/3096 1588/3429/3096 310/1863/3096
f 574/1154/3097 3609/3434/3097 866/3164/3097
f 577/1856/3098 3609/3434/3098 1591/3427/3098
f 866/3164/3099 1590/3435/3099 509/3165/3099
f 309/1158/3100 3610/3436/3100 2348/3414/3100
f 509/3165/3101 3610/3436/3101 2182/3167/3101
f 2348/3414/3102 1590/3435/3102 577/1856/3102
f 1592/1893/3103 2365/1869/3103 312/1866/3103
f 220/1161/3104 3611/3437/3104 1592/1893/3104
f 309/1158/3105 3611/3437/3105 2367/1167/3105
f 1595/1904/3106 1594/3438/3106 579/1900/3106
f 965/3439/3107 1595/1904/3107 316/1906/3107
f 313/1700/3108 3612/3440/3108 965/3439/3108
f 579/1900/3109 3613/3441/3109 2371/1907/3109
f 1596/1701/3110 1594/3438/3110 313/1700/3110
f 2371/1907/3111 1596/1701/3111 293/1697/3111
f 230/1245/3112 3614/3442/3112 877/1243/3112
f 1597/1908/3113 1593/1902/3113 579/1900/3113
f 877/1243/3114 1597/1908/3114 556/1242/3114
f 232/1252/3115 3615/3443/3115 2372/1565/3115
f 1599/3444/3116 878/1251/3116 231/1249/3116
f 2372/1565/3117 1599/3444/3117 314/1564/3117
f 1599/3444/3118 1598/3445/3118 314/1564/3118
f 1600/1912/3119 1599/3444/3119 231/1249/3119
f 580/1915/3120 3616/3446/3120 1600/1912/3120
f 1601/1913/3121 2374/1918/3121 580/1915/3121
f 19/1235/3122 3617/3447/3122 1601/1913/3122
f 295/1707/3123 3617/3447/3123 2312/1844/3123
f 314/1564/3124 3618/3448/3124 1607/1927/3124
f 580/1915/3125 3618/3448/3125 1598/3445/3125
f 1607/1927/3126 2376/1919/3126 582/1922/3126
f 316/1906/3127 3619/3449/3127 965/3439/3127
f 581/1934/3128 3619/3449/3128 966/1930/3128
f 965/3439/3129 1603/3450/3129 313/1700/3129
f 313/1700/3130 3620/3451/3130 2378/1711/3130
f 1604/3452/3131 1603/3450/3131 581/1934/3131
f 296/1713/3132 3620/3451/3132 1604/3452/3132
f 297/1717/3133 3621/3453/3133 1534/1721/3133
f 1606/3454/3134 1613/1946/3134 317/1942/3134
f 294/1704/3135 3621/3453/3135 1606/3454/3135
f 1606/3454/3136 2380/1921/3136 294/1704/3136
f 317/1942/3137 3622/3455/3137 1606/3454/3137
f 582/1922/3138 3622/3455/3138 2379/1943/3138
f 2382/1935/3139 2381/1932/3139 316/1906/3139
f 610/1937/3140 3623/3456/3140 2382/1935/3140
f 2381/1932/3141 969/3457/3141 318/1933/3141
f 1609/1931/3142 1611/3458/3142 581/1934/3142
f 1610/3372/3143 1609/1931/3143 318/1933/3143
f 557/1723/3144 3624/3459/3144 1610/3372/3144
f 581/1934/3145 3625/3460/3145 1604/3452/3145
f 1538/3365/3146 1611/3458/3146 557/1723/3146
f 296/1713/3147 3625/3460/3147 1538/3365/3147
f 2384/1960/3148 2383/1939/3148 319/1746/3148
f 320/1962/3149 3626/3461/3149 2384/1960/3149
f 2383/1939/3150 970/3462/3150 582/1922/3150
f 971/2339/3151 970/3462/3151 320/1962/3151
f 617/1567/3152 3627/3463/3152 971/2339/3152
f 582/1922/3153 3627/3463/3153 967/1928/3153
f 299/1735/3154 3628/3464/3154 2385/1945/3154
f 1612/1940/3155 1614/3378/3155 319/1746/3155
f 2385/1945/3156 1612/1940/3156 317/1942/3156
f 300/1742/3157 3629/3465/3157 2389/1956/3157
f 583/1739/3158 3629/3465/3158 2320/1743/3158
f 2389/1956/3159 1615/1949/3159 322/1763/3159
f 583/1739/3160 3630/3466/3160 2387/1953/3160
f 318/1933/3161 3630/3466/3161 1616/3374/3161
f 2387/1953/3162 969/3457/3162 610/1937/3162
f 1618/3467/3163 2390/1961/3163 584/1752/3163
f 412/3468/3164 3631/3469/3164 1618/3467/3164
f 2390/1961/3165 1621/3470/3165 320/1962/3165
f 1619/1965/3166 1618/3467/3166 584/1752/3166
f 20/1783/3167 3632/3471/3167 1619/1965/3167
f 412/3468/3168 3632/3471/3168 1875/3472/3168
f 1549/3391/3169 1620/1966/3169 301/1772/3169
f 560/3385/3170 3633/3473/3170 1549/3391/3170
f 20/1783/3171 3633/3473/3171 956/3387/3171
f 268/3292/3172 3634/3474/3172 2391/3475/3172
f 1628/3476/3173 1626/3298/3173 245/1313/3173
f 2391/3475/3174 1628/3476/3174 324/1987/3174
f 1628/3476/3175 1627/1984/3175 324/1987/3175
f 1629/3477/3176 1628/3476/3176 245/1313/3176
f 26/1982/3177 3635/3478/3177 1629/3477/3177
f 325/1553/3178 3636/3479/3178 976/3480/3178
f 1631/3481/3179 1630/1994/3179 585/1974/3179
f 976/3480/3180 1631/3481/3180 605/2251/3180
f 605/2251/3181 3637/3482/3181 2450/2267/3181
f 1632/3483/3182 1631/3481/3182 585/1974/3182
f 367/2050/3183 3637/3482/3183 1632/3483/3183
f 1625/1973/3184 1632/3483/3184 585/1974/3184
f 323/1972/3185 3638/3484/3185 1625/1973/3185
f 1632/3483/3186 977/2047/3186 367/2050/3186
f 237/1267/3187 3639/3485/3187 2392/1991/3187
f 236/1282/3188 3639/3485/3188 2211/1280/3188
f 2392/1991/3189 1638/1999/3189 585/1974/3189
f 980/2006/3190 2393/1997/3190 26/1982/3190
f 329/1285/3191 3640/3486/3191 980/2006/3191
f 238/1270/3192 3640/3486/3192 882/1284/3192
f 1459/3260/3193 2395/3487/3193 236/1282/3193
f 326/1456/3194 3641/3488/3194 1459/3260/3194
f 259/1433/3195 3641/3488/3195 981/1460/3195
f 236/1282/3196 3642/3489/3196 2396/1998/3196
f 1637/3490/3197 2395/3487/3197 259/1433/3197
f 327/2000/3198 3642/3489/3198 1637/3490/3198
f 1637/3490/3199 982/2011/3199 327/2000/3199
f 259/1433/3200 3643/3491/3200 1637/3490/3200
f 982/2011/3201 911/1430/3201 528/1390/3201
f 912/1436/3202 984/2019/3202 260/1398/3202
f 261/1438/3203 3644/3492/3203 912/1436/3203
f 984/2019/3204 1639/3493/3204 328/2003/3204
f 328/2003/3205 3645/3494/3205 1641/2007/3205
f 1640/3495/3206 1639/3493/3206 261/1438/3206
f 329/1285/3207 3645/3494/3207 1640/3495/3207
f 261/1438/3208 3646/3496/3208 1640/3495/3208
f 530/1465/3209 3646/3496/3209 985/3259/3209
f 1640/3495/3210 2401/1470/3210 329/1285/3210
f 1642/2015/3211 2397/2012/3211 270/2008/3211
f 2398/2002/3212 1642/2015/3212 585/1974/3212
f 327/2000/3213 3647/3497/3213 2398/2002/3213
f 245/1313/3214 3648/3498/3214 1629/3477/3214
f 271/1541/3215 3648/3498/3215 2275/1539/3215
f 1629/3477/3216 1643/2017/3216 26/1982/3216
f 1644/2025/3217 987/2037/3217 587/1581/3217
f 1645/3499/3218 1644/2025/3218 421/2023/3218
f 330/2038/3219 3649/3500/3219 1645/3499/3219
f 302/1762/3220 3650/3501/3220 2402/2032/3220
f 1646/2022/3221 952/1761/3221 657/1757/3221
f 2402/2032/3222 1646/2022/3222 587/1581/3222
f 421/2023/3223 3651/3502/3223 1645/3499/3223
f 22/2061/3224 3651/3502/3224 1076/3503/3224
f 1645/3499/3225 986/2060/3225 330/2038/3225
f 593/2087/3226 3652/3504/3226 988/3505/3226
f 1647/2028/3227 2404/3506/3227 422/2026/3227
f 988/3505/3228 1647/2028/3228 274/2031/3228
f 2403/2030/3229 1652/3507/3229 274/2031/3229
f 1648/1778/3230 2403/2030/3230 659/1781/3230
f 305/1780/3231 3653/3508/3231 1648/1778/3231
f 1659/3509/3232 2404/3506/3232 593/2087/3232
f 590/2065/3233 3654/3510/3233 1659/3509/3233
f 422/2026/3234 3654/3510/3234 2576/3511/3234
f 1649/2034/3235 927/1575/3235 303/1577/3235
f 587/1581/3236 3655/3512/3236 1649/2034/3236
f 927/1575/3237 1650/1580/3237 542/1568/3237
f 988/3505/3238 1666/2085/3238 593/2087/3238
f 274/2031/3239 3656/3513/3239 988/3505/3239
f 1666/2085/3240 990/2095/3240 532/2083/3240
f 957/3393/3241 1652/3507/3241 305/1780/3241
f 21/1776/3242 3657/3514/3242 957/3393/3242
f 1652/3507/3243 1653/2042/3243 274/2031/3243
f 1654/3515/3244 2406/2055/3244 588/2052/3244
f 991/2714/3245 1654/3515/3245 22/2061/3245
f 331/2049/3246 3658/3516/3246 991/2714/3246
f 1655/3517/3247 1654/3515/3247 588/2052/3247
f 332/2056/3248 3659/3518/3248 1655/3517/3248
f 22/2061/3249 3659/3518/3249 2407/2058/3249
f 333/2064/3250 3660/3519/3250 1656/2069/3250
f 1658/3520/3251 975/2091/3251 324/1987/3251
f 1656/2069/3252 1658/3520/3252 661/2070/3252
f 978/1985/3253 1658/3520/3253 324/1987/3253
f 608/1986/3254 3661/3521/3254 978/1985/3254
f 1658/3520/3255 1893/3522/3255 661/2070/3255
f 589/2067/3256 3662/3523/3256 992/2088/3256
f 1659/3509/3257 2411/2068/3257 590/2065/3257
f 593/2087/3258 3662/3523/3258 1659/3509/3258
f 1661/2076/3259 1660/3524/3259 591/1509/3259
f 1655/3517/3260 1661/2076/3260 332/2056/3260
f 588/2052/3261 3663/3525/3261 1655/3517/3261
f 334/1474/3262 3664/3526/3262 2413/2075/3262
f 330/2038/3263 3664/3526/3263 1665/2036/3263
f 332/2056/3264 3664/3526/3264 2410/2059/3264
f 1660/3524/3265 2414/2077/3265 591/1509/3265
f 588/2052/3266 3665/3527/3266 1660/3524/3266
f 323/1972/3267 3665/3527/3267 974/2054/3267
f 532/2083/3268 3666/3528/3268 2416/2086/3268
f 1663/2081/3269 922/3278/3269 592/1525/3269
f 589/2067/3270 3666/3528/3270 1663/2081/3270
f 1664/3296/3271 2417/2089/3271 592/1525/3271
f 2391/3475/3272 1664/3296/3272 268/3292/3272
f 324/1987/3273 3667/3529/3273 2391/3475/3273
f 989/1579/3274 1465/1486/3274 263/1479/3274
f 1651/2039/3275 989/1579/3275 587/1581/3275
f 334/1474/3276 3668/3530/3276 1651/2039/3276
f 594/2292/3277 3669/3531/3277 2419/3532/3277
f 611/2290/3278 3669/3531/3278 995/2293/3278
f 2419/3532/3279 1667/3533/3279 335/2109/3279
f 335/2109/3280 3670/3534/3280 994/3535/3280
f 2420/3536/3281 1667/3533/3281 611/2290/3281
f 336/2243/3282 3670/3534/3282 2420/3536/3282
f 335/2109/3283 3671/3537/3283 2421/2114/3283
f 336/2243/3284 3671/3537/3284 994/3535/3284
f 2421/2114/3285 1713/2242/3285 28/2115/3285
f 1672/3538/3286 2422/2122/3286 343/2118/3286
f 340/2104/3287 3672/3539/3287 1672/3538/3287
f 27/2101/3288 3672/3539/3288 1673/2105/3288
f 647/2111/3289 3673/3540/3289 2426/2130/3289
f 2425/3541/3290 997/2117/3290 28/2115/3290
f 2426/2130/3291 2425/3541/3291 341/2128/3291
f 342/2151/3292 3674/3542/3292 999/2154/3292
f 2427/3543/3293 1676/3544/3293 339/2123/3293
f 999/2154/3294 2427/3543/3294 344/2146/3294
f 1000/2236/3295 1676/3544/3295 342/2151/3295
f 998/2120/3296 1000/2236/3296 343/2118/3296
f 339/2123/3297 3675/3545/3297 998/2120/3297
f 1678/2137/3298 1833/2578/3298 595/2133/3298
f 2428/3546/3299 1678/2137/3299 348/2139/3299
f 643/2560/3300 3676/3547/3300 2428/3546/3300
f 341/2128/3301 3677/3548/3301 1674/2132/3301
f 1677/2136/3302 1001/2224/3302 345/2134/3302
f 595/2133/3303 3677/3548/3303 1677/2136/3303
f 2428/3546/3304 1828/2564/3304 643/2560/3304
f 348/2139/3305 3678/3549/3305 2428/3546/3305
f 349/2565/3306 3678/3549/3306 1003/3550/3306
f 346/2156/3307 3679/3551/3307 1684/3552/3307
f 1681/2145/3308 1680/2155/3308 344/2146/3308
f 1684/3552/3309 1681/2145/3309 352/2150/3309
f 354/2205/3310 3680/3553/3310 1689/3554/3310
f 1684/3552/3311 2430/3555/3311 346/2156/3311
f 352/2150/3312 3680/3553/3312 1684/3552/3312
f 350/2164/3313 3681/3556/3313 1686/2162/3313
f 1688/3557/3314 1687/3558/3314 351/2175/3314
f 1686/2162/3315 1688/3557/3315 348/2139/3315
f 1688/3557/3316 2431/3559/3316 348/2139/3316
f 2436/2183/3317 1688/3557/3317 351/2175/3317
f 401/2185/3318 3682/3560/3318 2436/2183/3318
f 354/2205/3319 3683/3561/3319 1690/2203/3319
f 352/2150/3320 3683/3561/3320 1689/3554/3320
f 1690/2203/3321 2432/2169/3321 353/2165/3321
f 351/2175/3322 3684/3562/3322 2433/3563/3322
f 1009/3564/3323 1687/3558/3323 350/2164/3323
f 599/3565/3324 3684/3562/3324 1009/3564/3324
f 2435/3566/3325 2434/2179/3325 351/2175/3325
f 355/2265/3326 3685/3567/3326 2435/3566/3326
f 368/2180/3327 3685/3567/3327 1010/3568/3327
f 2433/3563/3328 2435/3566/3328 351/2175/3328
f 599/3565/3329 3686/3569/3329 2433/3563/3329
f 2435/3566/3330 1692/3570/3330 355/2265/3330
f 2461/2280/3331 1694/2187/3331 606/2190/3331
f 358/2283/3332 3687/3571/3332 2461/2280/3332
f 1694/2187/3333 1693/3572/3333 597/2170/3333
f 358/2283/3334 3688/3573/3334 1693/3572/3334
f 1007/2167/3335 2439/3574/3335 353/2165/3335
f 597/2170/3336 3688/3573/3336 1007/2167/3336
f 597/2170/3337 3689/3575/3337 2438/2186/3337
f 356/2542/3338 3689/3575/3338 1695/3576/3338
f 2438/2186/3339 1012/2722/3339 357/2188/3339
f 597/2170/3340 3690/3577/3340 1695/3576/3340
f 1011/3578/3341 1005/2174/3341 641/2172/3341
f 356/2542/3342 3690/3577/3342 1011/3578/3342
f 350/2164/3343 3691/3579/3343 1009/3564/3343
f 598/2197/3344 3691/3579/3344 1696/2199/3344
f 1009/3564/3345 1697/3580/3345 599/3565/3345
f 1013/3581/3346 2439/3574/3346 358/2283/3346
f 359/2200/3347 3692/3582/3347 1013/3581/3347
f 353/2165/3348 3692/3582/3348 1698/2202/3348
f 1701/2450/3349 2444/2221/3349 601/2216/3349
f 600/2192/3350 3693/3583/3350 1701/2450/3350
f 596/2140/3351 3693/3583/3351 1699/2194/3351
f 1016/3584/3352 1706/3585/3352 29/2212/3352
f 1704/3586/3353 1016/3584/3353 361/2235/3353
f 346/2156/3354 3694/3587/3354 1704/3586/3354
f 29/2212/3355 3695/3588/3355 1705/2210/3355
f 346/2156/3356 3695/3588/3356 1706/3585/3356
f 1705/2210/3357 2430/3555/3357 354/2205/3357
f 361/2235/3358 3696/3589/3358 1704/3586/3358
f 1683/2153/3359 1017/2234/3359 342/2151/3359
f 1704/3586/3360 1683/2153/3360 346/2156/3360
f 604/2238/3361 3697/3590/3361 2449/2241/3361
f 1708/3591/3362 1707/3592/3362 602/2420/3362
f 28/2115/3363 3697/3590/3363 1708/3591/3363
f 602/2420/3364 3698/3593/3364 2446/3594/3364
f 2445/2223/3365 1709/2419/3365 603/2219/3365
f 341/2128/3366 3698/3593/3366 2445/2223/3366
f 1708/3591/3367 2425/3541/3367 28/2115/3367
f 602/2420/3368 3699/3595/3368 1708/3591/3368
f 341/2128/3369 3699/3595/3369 2446/3594/3369
f 2448/3596/3370 1715/3597/3370 365/2328/3370
f 1712/2240/3371 2448/3596/3371 604/2238/3371
f 336/2243/3372 3700/3598/3372 1712/2240/3372
f 363/2225/3373 3701/3599/3373 2447/2228/3373
f 1672/3538/3374 1714/2248/3374 340/2104/3374
f 343/2118/3375 3701/3599/3375 1672/3538/3375
f 2420/3536/3376 1715/3597/3376 336/2243/3376
f 1022/2331/3377 2420/3536/3377 611/2290/3377
f 365/2328/3378 3702/3600/3378 1022/2331/3378
f 364/2246/3379 3703/3601/3379 1021/2244/3379
f 1669/2106/3380 1716/3602/3380 337/2102/3380
f 1021/2244/3381 1669/2106/3381 340/2104/3381
f 976/3480/3382 2452/1555/3382 325/1553/3382
f 605/2251/3383 3704/3603/3383 976/3480/3383
f 2452/1555/3384 1717/2250/3384 366/1545/3384
f 605/2251/3385 3705/3604/3385 2451/2249/3385
f 1749/2347/3386 1718/3605/3386 373/2345/3386
f 2451/2249/3387 1749/2347/3387 615/2252/3387
f 1719/2261/3388 2453/2258/3388 607/1981/3388
f 1726/2285/3389 1719/2261/3389 609/1561/3389
f 616/2259/3390 3706/3606/3390 1726/2285/3390
f 368/2180/3391 3707/3607/3391 2455/3608/3391
f 355/2265/3392 3707/3607/3392 1010/3568/3392
f 2455/3608/3393 1720/2264/3393 367/2050/3393
f 355/2265/3394 3708/3609/3394 2456/2270/3394
f 1733/3610/3395 1692/3570/3395 599/3565/3395
f 612/2269/3396 3708/3609/3396 1733/3610/3396
f 1721/2271/3397 1718/3605/3397 605/2251/3397
f 1736/3611/3398 1721/2271/3398 612/2269/3398
f 373/2345/3399 3709/3612/3399 1736/3611/3399
f 1722/2273/3400 1723/3613/3400 606/2190/3400
f 608/1986/3401 3710/3614/3401 1722/2273/3401
f 607/1981/3402 3710/3614/3402 1724/1990/3402
f 606/2190/3403 3711/3615/3403 2460/2281/3403
f 2459/2275/3404 1723/3613/3404 607/1981/3404
f 613/2278/3405 3711/3615/3405 2459/2275/3405
f 366/1545/3406 3712/3616/3406 2462/1549/3406
f 1746/3617/3407 1024/2254/3407 615/2252/3407
f 2462/1549/3408 1746/3617/3408 315/1548/3408
f 610/1937/3409 3713/3618/3409 2464/2288/3409
f 370/2322/3410 3713/3618/3410 1728/3619/3410
f 2464/2288/3411 1729/2329/3411 611/2290/3411
f 369/2684/3412 3714/3620/3412 2465/2688/3412
f 610/1937/3413 3714/3620/3413 1727/3621/3413
f 2465/2688/3414 1730/2289/3414 594/2292/3414
f 2468/3622/3415 2466/2296/3415 337/2102/3415
f 378/3623/3416 3715/3624/3416 2468/3622/3416
f 320/1962/3417 3715/3624/3417 1025/3625/3417
f 1731/2295/3418 2467/3626/3418 338/2096/3418
f 320/1962/3419 3716/3627/3419 1731/2295/3419
f 371/3628/3420 3716/3627/3420 1026/3629/3420
f 1732/3630/3421 2469/3631/3421 612/2269/3421
f 1765/3632/3422 1732/3630/3422 598/2197/3422
f 622/2308/3423 3717/3633/3423 1765/3632/3423
f 599/3565/3424 3718/3634/3424 1733/3610/3424
f 1732/3630/3425 1697/3580/3425 598/2197/3425
f 1733/3610/3426 1732/3630/3426 612/2269/3426
f 375/2302/3427 3719/3635/3427 1735/2303/3427
f 1734/3636/3428 1027/2383/3428 359/2200/3428
f 1735/2303/3429 1734/3636/3429 613/2278/3429
f 1734/3636/3430 2470/2282/3430 613/2278/3430
f 1013/3581/3431 1734/3636/3431 359/2200/3431
f 358/2283/3432 3720/3637/3432 1013/3581/3432
f 372/2305/3433 3721/3638/3433 2471/2309/3433
f 2472/3639/3434 1028/3640/3434 373/2345/3434
f 2471/2309/3435 2472/3639/3435 622/2308/3435
f 1736/3611/3436 2472/3639/3436 373/2345/3436
f 612/2269/3437 3722/3641/3437 1736/3611/3437
f 2472/3639/3438 2469/3631/3438 622/2308/3438
f 2474/3642/3439 1759/2362/3439 619/2365/3439
f 1738/2307/3440 2474/3642/3440 372/2305/3440
f 620/2311/3441 3723/3643/3441 1738/2307/3441
f 621/2315/3442 3724/3644/3442 1030/3645/3442
f 1740/2319/3443 1739/2314/3443 374/2297/3443
f 1030/3645/3444 1740/2319/3444 380/2321/3444
f 1034/3646/3445 2475/2326/3445 370/2322/3445
f 614/2333/3446 3725/3647/3446 1034/3646/3446
f 2475/2326/3447 1747/2344/3447 376/2327/3447
f 376/2327/3448 3726/3648/3448 1758/3649/3448
f 2474/3642/3449 1741/3650/3449 372/2305/3449
f 1758/3649/3450 2474/3642/3450 619/2365/3450
f 1032/3651/3451 2476/3652/3451 377/2316/3451
f 30/2336/3452 3727/3653/3452 1032/3651/3452
f 2476/3652/3453 1033/3654/3453 378/3623/3453
f 378/3623/3454 3728/3655/3454 2476/3652/3454
f 1035/3656/3455 1743/3657/3455 364/2246/3455
f 2476/3652/3456 1035/3656/3456 377/2316/3456
f 2468/3622/3457 1743/3657/3457 378/3623/3457
f 337/2102/3458 3729/3658/3458 2468/3622/3458
f 364/2246/3459 3729/3658/3459 1716/3602/3459
f 610/1937/3460 3730/3659/3460 1728/3619/3460
f 1034/3646/3461 1744/2335/3461 614/2333/3461
f 370/2322/3462 3730/3659/3462 1034/3646/3462
f 378/3623/3463 3731/3660/3463 1025/3625/3463
f 1745/2338/3464 1033/3654/3464 30/2336/3464
f 320/1962/3465 3731/3660/3465 1745/2338/3465
f 1028/3640/3466 2480/2348/3466 373/2345/3466
f 372/2305/3467 3732/3661/3467 1028/3640/3467
f 2480/2348/3468 1741/3650/3468 376/2327/3468
f 315/1548/3469 3733/3662/3469 2479/2332/3469
f 1750/2342/3470 1746/3617/3470 615/2252/3470
f 614/2333/3471 3733/3662/3471 1750/2342/3471
f 1752/2352/3472 1751/3663/3472 616/2259/3472
f 1032/3651/3473 1752/2352/3473 30/2336/3473
f 377/2316/3474 3734/3664/3474 1032/3651/3474
f 379/2260/3475 3735/3665/3475 2481/2349/3475
f 616/2259/3476 3735/3665/3476 1754/2257/3476
f 2481/2349/3477 1751/3663/3477 377/2316/3477
f 376/2327/3478 3736/3666/3478 1756/2353/3478
f 619/2365/3479 3736/3666/3479 1758/3649/3479
f 1756/2353/3480 2484/3667/3480 636/2354/3480
f 1035/3656/3481 2485/2359/3481 377/2316/3481
f 1036/3668/3482 1035/3656/3482 364/2246/3482
f 618/2360/3483 3737/3669/3483 1036/3668/3483
f 1030/3645/3484 1762/2374/3484 621/2315/3484
f 380/2321/3485 3738/3670/3485 1030/3645/3485
f 381/2375/3486 3738/3670/3486 1038/2494/3486
f 620/2311/3487 3739/3671/3487 1037/2361/3487
f 382/2369/3488 3739/3671/3488 1760/2368/3488
f 1037/2361/3489 2513/2467/3489 393/2363/3489
f 2486/2313/3490 1764/3672/3490 375/2302/3490
f 621/2315/3491 3740/3673/3491 2486/2313/3491
f 1764/3672/3492 1761/2372/3492 631/2376/3492
f 1763/2367/3493 2487/2501/3493 382/2369/3493
f 1768/2382/3494 1763/2367/3494 622/2308/3494
f 623/2380/3495 3741/3674/3495 1768/2382/3495
f 383/3675/3496 3742/3676/3496 1790/3677/3496
f 1764/3672/3497 2488/3678/3497 375/2302/3497
f 1790/3677/3498 1764/3672/3498 631/2376/3498
f 1766/3679/3499 1765/3632/3499 598/2197/3499
f 398/2379/3500 3743/3680/3500 1766/3679/3500
f 1765/3632/3501 1767/2378/3501 622/2308/3501
f 1770/2385/3502 1040/3681/3502 384/2386/3502
f 375/2302/3503 3744/3682/3503 1770/2385/3503
f 383/3675/3504 3744/3682/3504 2488/3678/3504
f 385/2388/3505 3745/3683/3505 2490/3684/3505
f 365/2328/3506 3745/3683/3506 2489/3685/3506
f 2490/3684/3507 1755/2356/3507 636/2354/3507
f 2490/3684/3508 2491/2392/3508 385/2388/3508
f 2521/3686/3509 2490/3684/3509 636/2354/3509
f 634/2393/3510 3746/3687/3510 2521/3686/3510
f 1036/3668/3511 1771/3688/3511 618/2360/3511
f 364/2246/3512 3747/3689/3512 1036/3668/3512
f 387/2398/3513 3747/3689/3513 2495/3690/3513
f 635/2397/3514 3748/3691/3514 1772/2395/3514
f 1771/3688/3515 1773/3692/3515 618/2360/3515
f 1772/2395/3516 1771/3688/3516 387/2398/3516
f 2448/3596/3517 2492/2408/3517 604/2238/3517
f 2489/3685/3518 2448/3596/3518 365/2328/3518
f 385/2388/3519 3749/3693/3519 2489/3685/3519
f 387/2398/3520 3750/3694/3520 2493/2409/3520
f 1020/2245/3521 2495/3690/3521 364/2246/3521
f 2493/2409/3522 1020/2245/3522 363/2225/3522
f 602/2420/3523 3751/3695/3523 2496/2423/3523
f 1042/2403/3524 1707/3592/3524 604/2238/3524
f 388/2406/3525 3751/3695/3525 1042/2403/3525
f 389/2415/3526 3752/3696/3526 2497/2427/3526
f 1019/2227/3527 1780/2414/3527 363/2225/3527
f 362/2230/3528 3752/3696/3528 1019/2227/3528
f 1703/2215/3529 2499/2432/3529 601/2216/3529
f 603/2219/3530 3753/3697/3530 1703/2215/3530
f 625/2421/3531 3753/3697/3531 1777/2417/3531
f 2500/2437/3532 1044/2518/3532 390/2438/3532
f 626/2435/3533 3754/3698/3533 2500/2437/3533
f 1044/2518/3534 1782/2434/3534 625/2421/3534
f 399/2429/3535 3755/3699/3535 2501/2441/3535
f 361/2235/3536 3755/3699/3536 2498/2431/3536
f 2501/2441/3537 1016/3584/3537 29/2212/3537
f 2503/2442/3538 2504/3700/3538 399/2429/3538
f 627/2444/3539 3756/3701/3539 2503/2442/3539
f 2504/3700/3540 1783/3702/3540 628/2458/3540
f 2502/2443/3541 1783/3702/3541 627/2444/3541
f 29/2212/3542 3757/3703/3542 2502/2443/3542
f 628/2458/3543 3757/3703/3543 2510/3704/3543
f 598/2197/3544 3758/3705/3544 2511/3706/3544
f 1045/3707/3545 2505/2449/3545 391/2447/3545
f 630/3708/3546 3758/3705/3546 1045/3707/3546
f 600/2192/3547 3759/3709/3547 2506/2446/3547
f 1046/2509/3548 2507/2452/3548 390/2438/3548
f 2506/2446/3549 1046/2509/3549 391/2447/3549
f 1014/2206/3550 1785/2456/3550 360/2207/3550
f 1787/2460/3551 1014/2206/3551 359/2200/3551
f 629/2457/3552 3760/3710/3552 1787/2460/3552
f 1015/2211/3553 2510/3704/3553 29/2212/3553
f 1784/2454/3554 1015/2211/3554 360/2207/3554
f 628/2458/3555 3761/3711/3555 1784/2454/3555
f 598/2197/3556 3762/3712/3556 1766/3679/3556
f 1047/3713/3557 2511/3706/3557 630/3708/3557
f 1766/3679/3558 1047/3713/3558 398/2379/3558
f 631/2376/3559 3763/3714/3559 1791/2504/3559
f 381/2375/3560 3763/3714/3560 1039/2373/3560
f 1791/2504/3561 1792/2498/3561 632/2496/3561
f 2517/2520/3562 2514/2475/3562 633/2471/3562
f 1050/3715/3563 2517/2520/3563 395/2516/3563
f 634/2393/3564 3764/3716/3564 1050/3715/3564
f 394/2478/3565 3765/3717/3565 2516/2476/3565
f 1049/3718/3566 2515/2511/3566 632/2496/3566
f 2516/2476/3567 1049/3718/3567 635/2397/3567
f 2520/2497/3568 1049/3718/3568 632/2496/3568
f 637/2492/3569 3766/3719/3569 2520/2497/3569
f 1049/3718/3570 1798/3720/3570 635/2397/3570
f 2521/3686/3571 1796/2483/3571 634/2393/3571
f 636/2354/3572 3767/3721/3572 2521/3686/3572
f 1796/2483/3573 1799/3722/3573 397/2484/3573
f 1800/3723/3574 1798/3720/3574 637/2492/3574
f 618/2360/3575 3768/3724/3575 1800/3723/3575
f 1798/3720/3576 1773/3692/3576 635/2397/3576
f 1801/2487/3577 2484/3667/3577 619/2365/3577
f 397/2484/3578 3769/3725/3578 1801/2487/3578
f 636/2354/3579 3769/3725/3579 1799/3722/3579
f 618/2360/3580 3770/3726/3580 1757/2358/3580
f 637/2492/3581 3770/3726/3581 1800/3723/3581
f 1757/2358/3582 1802/2491/3582 380/2321/3582
f 398/2379/3583 3771/3727/3583 1804/2499/3583
f 1805/2469/3584 1808/3728/3584 638/2470/3584
f 1804/2499/3585 1805/2469/3585 382/2369/3585
f 1040/3681/3586 1806/2505/3586 384/2386/3586
f 1790/3677/3587 1040/3681/3587 383/3675/3587
f 631/2376/3588 3772/3729/3588 1790/3677/3588
f 1809/3730/3589 1807/3731/3589 391/2447/3589
f 638/2470/3590 3773/3732/3590 1809/3730/3590
f 1807/3731/3591 1808/3728/3591 398/2379/3591
f 630/3708/3592 3774/3733/3592 1047/3713/3592
f 1807/3731/3593 1045/3707/3593 391/2447/3593
f 1047/3713/3594 1807/3731/3594 398/2379/3594
f 1810/2503/3595 2524/3734/3595 384/2386/3595
f 632/2496/3596 3775/3735/3596 1810/2503/3596
f 2524/3734/3597 2525/2513/3597 629/2457/3597
f 2524/3734/3598 1788/2465/3598 384/2386/3598
f 1786/2463/3599 2524/3734/3599 629/2457/3599
f 392/2461/3600 3776/3736/3600 1786/2463/3600
f 633/2471/3601 3777/3737/3601 1811/2506/3601
f 1809/3730/3602 1793/2473/3602 638/2470/3602
f 391/2447/3603 3777/3737/3603 1809/3730/3603
f 2528/3738/3604 2527/2512/3604 394/2478/3604
f 2509/2455/3605 2528/3738/3605 628/2458/3605
f 629/2457/3606 3778/3739/3606 2509/2455/3606
f 396/2481/3607 3779/3740/3607 1794/2477/3607
f 2528/3738/3608 1812/3741/3608 628/2458/3608
f 394/2478/3609 3779/3740/3609 2528/3738/3609
f 1052/2524/3610 1812/3741/3610 396/2481/3610
f 399/2429/3611 3780/3742/3611 1052/2524/3611
f 628/2458/3612 3780/3742/3612 2504/3700/3612
f 395/2516/3613 3781/3743/3613 2531/3744/3613
f 2532/2404/3614 1053/2522/3614 388/2406/3614
f 386/2394/3615 3781/3743/3615 2532/2404/3615
f 395/2516/3616 3782/3745/3616 1050/3715/3616
f 386/2394/3617 3782/3745/3617 2531/3744/3617
f 1050/3715/3618 1051/2391/3618 634/2393/3618
f 1814/2184/3619 1055/2553/3619 401/2185/3619
f 1815/2530/3620 1814/2184/3620 402/2181/3620
f 400/2534/3621 3783/3746/3621 1815/2530/3621
f 639/2545/3622 3784/3747/3622 1826/2555/3622
f 1011/3578/3623 1817/2544/3623 356/2542/3623
f 1826/2555/3624 1011/3578/3624 641/2172/3624
f 349/2565/3625 3785/3748/3625 1819/2573/3625
f 1820/3749/3626 2535/3750/3626 401/2185/3626
f 1819/2573/3627 1820/3749/3627 404/2572/3627
f 1820/3749/3628 2561/3751/3628 404/2572/3628
f 1821/2551/3629 1820/3749/3629 401/2185/3629
f 403/2554/3630 3786/3752/3630 1821/2551/3630
f 403/2554/3631 3787/3753/3631 2560/3754/3631
f 1054/2536/3632 1822/2552/3632 400/2534/3632
f 655/2538/3633 3787/3753/3633 1054/2536/3633
f 1003/3550/3634 2535/3750/3634 349/2565/3634
f 348/2139/3635 3788/3755/3635 1003/3550/3635
f 2535/3750/3636 2431/3559/3636 401/2185/3636
f 416/2549/3637 3789/3756/3637 1827/3757/3637
f 1823/2556/3638 1057/2548/3638 639/2545/3638
f 640/2559/3639 3789/3756/3639 1823/2556/3639
f 640/2559/3640 3790/3758/3640 2536/3759/3640
f 1825/3760/3641 1824/2558/3641 641/2172/3641
f 2536/3759/3642 1825/3760/3642 642/2590/3642
f 1825/3760/3643 1058/2593/3643 642/2590/3643
f 2537/3761/3644 1825/3760/3644 641/2172/3644
f 347/2158/3645 3791/3762/3645 2537/3761/3645
f 1691/2171/3646 2537/3761/3646 641/2172/3646
f 352/2150/3647 3792/3763/3647 1691/2171/3647
f 2537/3761/3648 1008/2160/3648 347/2158/3648
f 1831/2568/3649 2539/2577/3649 643/2560/3649
f 405/2570/3650 3793/3764/3650 1831/2568/3650
f 2539/2577/3651 1060/3765/3651 648/2579/3651
f 1838/2144/3652 2541/2594/3652 646/2147/3652
f 344/2146/3653 3794/3766/3653 1838/2144/3653
f 407/2596/3654 3794/3766/3654 1842/3767/3654
f 647/2111/3655 3795/3768/3655 2544/2608/3655
f 2543/2669/3656 1841/2604/3656 649/2602/3656
f 651/2607/3657 3795/3768/3657 2543/2669/3657
f 1843/3769/3658 1062/2679/3658 407/2596/3658
f 1844/2611/3659 1843/3769/3659 339/2123/3659
f 406/2615/3660 3796/3770/3660 1844/2611/3660
f 2427/3543/3661 1842/3767/3661 344/2146/3661
f 1843/3769/3662 2427/3543/3662 339/2123/3662
f 407/2596/3663 3797/3771/3663 1843/3769/3663
f 339/2123/3664 3798/3772/3664 2546/2613/3664
f 1845/3773/3665 2424/2124/3665 652/2126/3665
f 409/2612/3666 3798/3772/3666 1845/3773/3666
f 335/2109/3667 3799/3774/3667 2552/3775/3667
f 2547/2617/3668 2550/2108/3668 650/2112/3668
f 653/2619/3669 3799/3774/3669 2547/2617/3669
f 652/2126/3670 3800/3776/3670 1845/3773/3670
f 1847/3777/3671 1846/2627/3671 410/2625/3671
f 1845/3773/3672 1847/3777/3672 409/2612/3672
f 1847/3777/3673 1064/2660/3673 409/2612/3673
f 1065/2635/3674 1847/3777/3674 410/2625/3674
f 411/2632/3675 3801/3778/3675 1065/2635/3675
f 321/1950/3676 3802/3779/3676 2565/2681/3676
f 1850/2629/3677 1849/2690/3677 653/2619/3677
f 419/2631/3678 3802/3779/3678 1850/2629/3678
f 335/2109/3679 3803/3780/3679 2419/3532/3679
f 653/2619/3680 3803/3780/3680 2552/3775/3680
f 2419/3532/3681 1852/2691/3681 594/2292/3681
f 419/2631/3682 3804/3781/3682 2569/2698/3682
f 1857/2644/3683 1851/2630/3683 408/2621/3683
f 415/2642/3684 3804/3781/3684 1857/2644/3684
f 413/2637/3685 3805/3782/3685 1067/3783/3685
f 1856/3784/3686 1855/2636/3686 410/2625/3686
f 412/3468/3687 3805/3782/3687 1856/3784/3687
f 420/2650/3688 3806/3785/3688 1877/2708/3688
f 1854/2634/3689 1066/3786/3689 411/2632/3689
f 413/2637/3690 3806/3785/3690 1854/2634/3690
f 1858/2537/3691 1859/3787/3691 655/2538/3691
f 2555/2700/3692 1858/2537/3692 660/2531/3692
f 414/2693/3693 3807/3788/3693 2555/2700/3693
f 655/2538/3694 3808/3789/3694 2554/2640/3694
f 414/2693/3695 3808/3789/3695 1859/3787/3695
f 415/2642/3696 3808/3789/3696 1068/3790/3696
f 1070/2664/3697 2557/2651/3697 416/2549/3697
f 411/2632/3698 3809/3791/3698 1070/2664/3698
f 420/2650/3699 3809/3791/3699 1066/3786/3699
f 651/2607/3700 3810/3792/3700 1063/2620/3700
f 2559/2655/3701 1071/2670/3701 417/2654/3701
f 1063/2620/3702 2559/2655/3702 408/2621/3702
f 1862/2656/3703 2560/3754/3703 655/2538/3703
f 1863/3793/3704 1862/2656/3704 417/2654/3704
f 403/2554/3705 3811/3794/3705 1863/3793/3705
f 1863/3793/3706 2561/3751/3706 403/2554/3706
f 1072/2666/3707 1863/3793/3707 417/2654/3707
f 404/2572/3708 3812/3795/3708 1072/2666/3708
f 640/2559/3709 3813/3796/3709 1827/3757/3709
f 1865/2663/3710 1864/3797/3710 418/2661/3710
f 1827/3757/3711 1865/2663/3711 416/2549/3711
f 642/2590/3712 3814/3798/3712 2536/3759/3712
f 1864/3797/3713 1073/2674/3713 418/2661/3713
f 2536/3759/3714 1864/3797/3714 640/2559/3714
f 1867/3799/3715 1866/2671/3715 649/2602/3715
f 405/2570/3716 3815/3800/3716 1867/3799/3716
f 417/2654/3717 3815/3800/3717 2563/2667/3717
f 648/2579/3718 3816/3801/3718 2542/2600/3718
f 1867/3799/3719 1060/3765/3719 405/2570/3719
f 649/2602/3720 3816/3801/3720 1867/3799/3720
f 972/1954/3721 2566/2686/3721 321/1950/3721
f 610/1937/3722 3817/3802/3722 972/1954/3722
f 369/2684/3723 3817/3802/3723 1727/3621/3723
f 371/3628/3724 3818/3803/3724 2467/3626/3724
f 412/3468/3725 3818/3803/3725 1873/3804/3725
f 2467/3626/3726 1874/3805/3726 338/2096/3726
f 1875/3472/3727 1067/3783/3727 412/3468/3727
f 20/1783/3728 3819/3806/3728 1875/3472/3728
f 413/2637/3729 3819/3806/3729 1876/3807/3729
f 371/3628/3730 3820/3808/3730 1873/3804/3730
f 320/1962/3731 3820/3808/3731 1026/3629/3731
f 1873/3804/3732 1621/3470/3732 412/3468/3732
f 338/2096/3733 3821/3809/3733 1853/2639/3733
f 1856/3784/3734 1874/3805/3734 412/3468/3734
f 1853/2639/3735 1856/3784/3735 410/2625/3735
f 657/1757/3736 3822/3810/3736 2567/2692/3736
f 1068/3790/3737 1878/2699/3737 415/2642/3737
f 2567/2692/3738 1068/3790/3738 414/2693/3738
f 322/1763/3739 3823/3811/3739 2568/1759/3739
f 1880/2697/3740 1075/2683/3740 419/2631/3740
f 2568/1759/3741 1880/2697/3741 657/1757/3741
f 1069/2652/3742 2570/2705/3742 658/2646/3742
f 1882/2707/3743 1069/2652/3743 420/2650/3743
f 659/1781/3744 3824/3812/3744 1882/2707/3744
f 2571/2709/3745 2572/1784/3745 659/1781/3745
f 1876/3807/3746 2571/2709/3746 413/2637/3746
f 20/1783/3747 3825/3813/3747 1876/3807/3747
f 367/2050/3748 3826/3814/3748 2455/3608/3748
f 331/2049/3749 3826/3814/3749 2408/2048/3749
f 2455/3608/3750 1886/3815/3750 368/2180/3750
f 1885/2715/3751 2574/2702/3751 660/2531/3751
f 1076/3503/3752 1885/2715/3752 22/2061/3752
f 421/2023/3753 3827/3816/3753 1076/3503/3753
f 1887/3817/3754 1886/3815/3754 331/2049/3754
f 1888/2178/3755 1887/3817/3755 402/2181/3755
f 368/2180/3756 3828/3818/3756 1888/2178/3756
f 1884/2713/3757 1887/3817/3757 331/2049/3757
f 660/2531/3758 3829/3819/3758 1884/2713/3758
f 1887/3817/3759 1889/2532/3759 402/2181/3759
f 422/2026/3760 3830/3820/3760 1894/2711/3760
f 1890/2717/3761 2576/3511/3761 590/2065/3761
f 1894/2711/3762 1890/2717/3762 654/2539/3762
f 1056/2543/3763 2575/2720/3763 356/2542/3763
f 654/2539/3764 3831/3821/3764 1056/2543/3764
f 2575/2720/3765 1891/2718/3765 661/2070/3765
f 1892/2719/3766 2457/2274/3766 357/2188/3766
f 661/2070/3767 3832/3822/3767 1892/2719/3767
f 608/1986/3768 3832/3822/3768 1893/3522/3768
f 663/1/3769 2577/5/3769 1895/2/3769
f 1/4/3770 664/7/3770 2577/5/3770
f 32/6/3771 1895/2/3771 2577/5/3771
f 424/8/3772 1902/12/3772 2578/9/3772
f 1077/11/3773 2578/9/3773 1902/12/3773
f 33/14/3774 665/10/3774 2578/9/3774
f 1897/15/3775 2579/18/3775 1078/16/3775
f 34/17/3776 668/20/3776 2579/18/3776
f 35/19/3777 1078/16/3777 2579/18/3777
f 1901/21/3778 2580/24/3778 1079/22/3778
f 40/23/3779 667/25/3779 2580/24/3779
f 1079/22/3780 2580/24/3780 667/25/3780
f 37/26/3781 1080/30/3781 2581/27/3781
f 1081/29/3782 2581/27/3782 1080/30/3782
f 670/28/3783 2581/27/3783 1081/29/3783
f 36/31/3784 1082/35/3784 2582/32/3784
f 1937/34/3785 2582/32/3785 1082/35/3785
f 80/36/3786 669/33/3786 2582/32/3786
f 1898/37/3787 2583/39/3787 1901/21/3787
f 39/38/3788 673/40/3788 2583/39/3788
f 40/23/3789 1901/21/3789 2583/39/3789
f 1900/41/3790 2584/45/3790 1899/42/3790
f 48/44/3791 672/46/3791 2584/45/3791
f 1899/42/3792 2584/45/3792 672/46/3792
f 42/47/3793 1083/51/3793 2585/48/3793
f 1084/50/3794 2585/48/3794 1083/51/3794
f 675/49/3795 2585/48/3795 1084/50/3795
f 41/53/3796 1086/56/3796 2586/54/3796
f 1080/30/3797 2586/54/3797 1086/56/3797
f 37/26/3798 674/55/3798 2586/54/3798
f 1913/57/3799 2587/63/3799 1903/58/3799
f 679/60/3800 2587/63/3800 1913/57/3800
f 44/62/3801 1903/58/3801 2587/63/3801
f 1904/64/3802 2588/67/3802 1089/65/3802
f 44/62/3803 680/68/3803 2588/67/3803
f 38/43/3804 1089/65/3804 2588/67/3804
f 682/69/3805 2589/75/3805 681/70/3805
f 1092/72/3806 2589/75/3806 682/69/3806
f 426/74/3807 681/70/3807 2589/75/3807
f 426/74/3808 1905/79/3808 2590/76/3808
f 677/78/3809 2590/76/3809 1905/79/3809
f 423/52/3810 1087/77/3810 2590/76/3810
f 1906/81/3811 2591/84/3811 1908/82/3811
f 47/83/3812 684/85/3812 2591/84/3812
f 1908/82/3813 2591/84/3813 684/85/3813
f 1907/86/3814 2592/89/3814 1906/81/3814
f 683/87/3815 2592/89/3815 1907/86/3815
f 47/83/3816 1906/81/3816 2592/89/3816
f 1909/90/3817 2593/95/3817 686/91/3817
f 1093/93/3818 2593/95/3818 1909/90/3818
f 49/94/3819 686/91/3819 2593/95/3819
f 49/94/3820 1093/93/3820 2594/96/3820
f 676/98/3821 2594/96/3821 1093/93/3821
f 685/97/3822 2594/96/3822 676/98/3822
f 1910/99/3823 2595/102/3823 1911/100/3823
f 53/101/3824 690/103/3824 2595/102/3824
f 54/88/3825 1911/100/3825 2595/102/3825
f 52/104/3826 689/107/3826 2596/105/3826
f 53/101/3827 1095/108/3827 2596/105/3827
f 1094/106/3828 2596/105/3828 1095/108/3828
f 55/110/3829 1098/114/3829 2597/111/3829
f 687/113/3830 2597/111/3830 1098/114/3830
f 50/92/3831 691/112/3831 2597/111/3831
f 694/115/3832 2598/119/3832 1912/116/3832
f 86/118/3833 1100/120/3833 2598/119/3833
f 1912/116/3834 2598/119/3834 1100/120/3834
f 1912/116/3835 2599/122/3835 1099/121/3835
f 427/109/3836 688/123/3836 2599/122/3836
f 51/61/3837 1099/121/3837 2599/122/3837
f 57/124/3838 695/128/3838 2600/125/3838
f 1102/127/3839 2600/125/3839 695/128/3839
f 1101/126/3840 2600/125/3840 1102/127/3840
f 428/130/3841 1102/127/3841 2601/131/3841
f 1103/133/3842 2601/131/3842 1102/127/3842
f 45/71/3843 693/132/3843 2601/131/3843
f 437/134/3844 1914/138/3844 2602/135/3844
f 1915/137/3845 2602/135/3845 1914/138/3845
f 696/136/3846 2602/135/3846 1915/137/3846
f 1915/137/3847 2603/141/3847 1100/120/3847
f 1918/140/3848 2603/141/3848 1915/137/3848
f 427/109/3849 1100/120/3849 2603/141/3849
f 436/142/3850 697/145/3850 2604/143/3850
f 1914/138/3851 2604/143/3851 697/145/3851
f 437/134/3852 1138/144/3852 2604/143/3852
f 1105/146/3853 2605/150/3853 1106/147/3853
f 438/149/3854 698/151/3854 2605/150/3854
f 1106/147/3855 2605/150/3855 698/151/3855
f 1106/147/3856 2606/153/3856 1110/152/3856
f 1101/126/3857 2606/153/3857 1106/147/3857
f 428/130/3858 1110/152/3858 2606/153/3858
f 1917/154/3859 2607/155/3859 1918/140/3859
f 1094/106/3860 2607/155/3860 1917/154/3860
f 427/109/3861 1918/140/3861 2607/155/3861
f 1919/156/3862 2608/160/3862 1109/157/3862
f 60/159/3863 1108/161/3863 2608/160/3863
f 1109/157/3864 2608/160/3864 1108/161/3864
f 1921/162/3865 2609/165/3865 1920/163/3865
f 62/164/3866 702/166/3866 2609/165/3866
f 1920/163/3867 2609/165/3867 702/166/3867
f 1922/168/3868 2610/171/3868 1921/162/3868
f 701/169/3869 2610/171/3869 1922/168/3869
f 62/164/3870 1921/162/3870 2610/171/3870
f 64/172/3871 1924/176/3871 2611/173/3871
f 1112/175/3872 2611/173/3872 1924/176/3872
f 704/174/3873 2611/173/3873 1112/175/3873
f 1926/178/3874 2612/182/3874 1925/179/3874
f 67/181/3875 708/183/3875 2612/182/3875
f 1925/179/3876 2612/182/3876 708/183/3876
f 1923/185/3877 2613/187/3877 1926/178/3877
f 707/186/3878 2613/187/3878 1923/185/3878
f 67/181/3879 1926/178/3879 2613/187/3879
f 71/188/3880 1929/192/3880 2614/189/3880
f 1928/191/3881 2614/189/3881 1929/192/3881
f 436/142/3882 710/190/3882 2614/189/3882
f 64/172/3883 704/174/3883 2615/193/3883
f 59/158/3884 1929/192/3884 2615/193/3884
f 1113/194/3885 2615/193/3885 1929/192/3885
f 1916/195/3886 2616/3823/3886 1117/196/3886
f 703/198/3887 2616/3823/3887 1916/195/3887
f 1117/196/3888 2616/3823/3888 703/198/3888
f 72/199/3889 1930/202/3889 2617/200/3889
f 1113/194/3890 2617/200/3890 1930/202/3890
f 71/188/3891 1130/201/3891 2617/200/3891
f 1931/203/3892 2618/207/3892 712/204/3892
f 69/206/3893 711/209/3893 2618/207/3893
f 434/208/3894 712/204/3894 2618/207/3894
f 432/210/3895 1121/214/3895 2619/211/3895
f 1120/213/3896 2619/211/3896 1121/214/3896
f 64/172/3897 1119/212/3897 2619/211/3897
f 1932/216/3898 2620/221/3898 1933/217/3898
f 716/218/3899 2620/221/3899 1932/216/3899
f 76/220/3900 1933/217/3900 2620/221/3900
f 1927/222/3901 2621/224/3901 1123/223/3901
f 68/184/3902 715/225/3902 2621/224/3902
f 75/219/3903 1123/223/3903 2621/224/3903
f 77/226/3904 1125/230/3904 2622/227/3904
f 1124/229/3905 2622/227/3905 1125/230/3905
f 717/228/3906 2622/227/3906 1124/229/3906
f 32/6/3907 1078/16/3907 2623/232/3907
f 1126/234/3908 2623/232/3908 1078/16/3908
f 77/226/3909 718/233/3909 2623/232/3909
f 1935/235/3910 2624/239/3910 1934/236/3910
f 79/238/3911 722/240/3911 2624/239/3911
f 80/36/3912 1934/236/3912 2624/239/3912
f 1933/217/3913 2625/242/3913 1936/241/3913
f 76/220/3914 721/243/3914 2625/242/3914
f 1936/241/3915 2625/242/3915 721/243/3915
f 81/244/3916 1940/248/3916 2626/245/3916
f 1118/247/3917 2626/245/3917 1940/248/3917
f 72/199/3918 723/246/3918 2626/245/3918
f 1128/249/3919 2627/252/3919 1942/250/3919
f 433/237/3920 1938/253/3920 2627/252/3920
f 33/14/3921 1942/250/3921 2627/252/3921
f 1941/254/3922 2628/255/3922 1128/249/3922
f 434/208/3923 1127/256/3923 2628/255/3923
f 1128/249/3924 2628/255/3924 1127/256/3924
f 435/205/3925 1944/260/3925 2629/257/3925
f 735/259/3926 2629/257/3926 1944/260/3926
f 93/261/3927 1132/258/3927 2629/257/3927
f 1945/262/3928 2630/264/3928 1130/201/3928
f 82/263/3929 724/265/3929 2630/264/3929
f 1130/201/3930 2630/264/3930 724/265/3930
f 1947/266/3931 2631/268/3931 710/190/3931
f 443/267/3932 1133/269/3932 2631/268/3932
f 710/190/3933 2631/268/3933 1133/269/3933
f 431/270/3934 1946/274/3934 2632/271/3934
f 1965/273/3935 2632/271/3935 1946/274/3935
f 1948/272/3936 2632/271/3936 1965/273/3936
f 442/276/3937 1137/279/3937 2633/277/3937
f 1138/144/3938 2633/277/3938 1137/279/3938
f 437/134/3939 1136/278/3939 2633/277/3939
f 1949/280/3940 2634/281/3940 696/136/3940
f 442/276/3941 1136/278/3941 2634/281/3941
f 696/136/3942 2634/281/3942 1136/278/3942
f 1961/282/3943 2635/283/3943 1137/279/3943
f 443/267/3944 1947/266/3944 2635/283/3944
f 436/142/3945 1137/279/3945 2635/283/3945
f 2/117/3946 727/287/3946 2636/284/3946
f 728/286/3947 2636/284/3947 727/287/3947
f 1141/285/3948 2636/284/3948 728/286/3948
f 86/118/3949 1951/292/3949 2637/290/3949
f 1962/291/3950 2637/290/3950 1951/292/3950
f 1949/280/3951 2637/290/3951 1962/291/3951
f 730/293/3952 2638/296/3952 729/294/3952
f 58/129/3953 1142/297/3953 2638/296/3953
f 729/294/3954 2638/296/3954 1142/297/3954
f 1952/299/3955 2639/301/3955 1963/300/3955
f 57/124/3956 726/302/3956 2639/301/3956
f 1963/300/3957 2639/301/3957 726/302/3957
f 31/3/3958 1146/307/3958 2640/304/3958
f 1147/306/3959 2640/304/3959 1146/307/3959
f 731/305/3960 2640/304/3960 1147/306/3960
f 732/309/3961 2641/312/3961 1956/310/3961
f 439/288/3962 1954/313/3962 2641/312/3962
f 1956/310/3963 2641/312/3963 1954/313/3963
f 441/295/3964 1960/317/3964 2642/314/3964
f 1959/316/3965 2642/314/3965 1960/317/3965
f 1144/315/3966 2642/314/3966 1959/316/3966
f 439/288/3967 732/309/3967 2643/319/3967
f 3/311/3968 733/320/3968 2643/319/3968
f 728/286/3969 2643/319/3969 733/320/3969
f 442/276/3970 1149/323/3970 2644/321/3970
f 1151/322/3971 2644/321/3971 1149/323/3971
f 1961/282/3972 2644/321/3972 1151/322/3972
f 91/298/3973 1963/300/3973 2645/324/3973
f 1150/326/3974 2645/324/3974 1963/300/3974
f 734/325/3975 2645/324/3975 1150/326/3975
f 1150/326/3976 2646/328/3976 1964/327/3976
f 87/303/3977 725/329/3977 2646/328/3977
f 1964/327/3978 2646/328/3978 725/329/3978
f 83/251/3979 1967/332/3979 2647/330/3979
f 1968/331/3980 2647/330/3980 1967/332/3980
f 735/259/3981 2647/330/3981 1968/331/3981
f 445/334/3982 1156/338/3982 2648/335/3982
f 736/337/3983 2648/335/3983 1156/338/3983
f 1155/336/3984 2648/335/3984 736/337/3984
f 448/341/3985 1969/345/3985 2649/342/3985
f 1971/344/3986 2649/342/3986 1969/345/3986
f 96/347/3987 1975/343/3987 2649/342/3987
f 447/346/3988 1970/350/3988 2650/348/3988
f 740/349/3989 2650/348/3989 1970/350/3989
f 96/347/3990 1971/344/3990 2650/348/3990
f 1972/351/3991 2651/355/3991 2039/352/3991
f 95/354/3992 1247/357/3992 2651/355/3992
f 469/356/3993 2039/352/3993 2651/355/3993
f 1973/358/3994 2652/360/3994 1972/351/3994
f 446/359/3995 1157/361/3995 2652/360/3995
f 1972/351/3996 2652/360/3996 1157/361/3996
f 1974/362/3997 2653/3824/3997 1161/363/3997
f 1162/365/3998 2653/3824/3998 1974/362/3998
f 1161/363/3999 2653/3824/3999 1162/365/3999
f 2038/367/4000 2654/368/4000 1162/365/4000
f 447/346/4001 1969/345/4001 2654/368/4001
f 1162/365/4002 2654/368/4002 1969/345/4002
f 746/369/4003 2655/3825/4003 1163/370/4003
f 1165/372/4004 2655/3825/4004 746/369/4004
f 1163/370/4005 2655/3825/4005 1165/372/4005
f 100/375/4006 747/378/4006 2656/376/4006
f 1161/363/4007 2656/376/4007 747/378/4007
f 1160/377/4008 2656/376/4008 1161/363/4008
f 748/379/4009 2657/381/4009 1165/372/4009
f 104/380/4010 1164/382/4010 2657/381/4010
f 1165/372/4011 2657/381/4011 1164/382/4011
f 102/364/4012 747/378/4012 2658/383/4012
f 100/375/4013 749/385/4013 2658/383/4013
f 1166/384/4014 2658/383/4014 749/385/4014
f 107/387/4015 1977/391/4015 2659/388/4015
f 751/390/4016 2659/388/4016 1977/391/4016
f 451/393/4017 1171/389/4017 2659/388/4017
f 1461/394/4018 2660/398/4018 1172/395/4018
f 529/397/4019 811/400/4019 2660/398/4019
f 5/399/4020 1172/395/4020 2660/398/4020
f 451/393/4021 1978/404/4021 2661/401/4021
f 1234/403/4022 2661/401/4022 1978/404/4022
f 138/406/4023 1170/402/4023 2661/401/4023
f 1980/407/4024 2662/410/4024 2024/408/4024
f 5/399/4025 752/412/4025 2662/410/4025
f 110/411/4026 2024/408/4026 2662/410/4026
f 1981/413/4027 2663/419/4027 1174/414/4027
f 1175/416/4028 2663/419/4028 1981/413/4028
f 6/418/4029 1174/414/4029 2663/419/4029
f 233/420/4030 1982/424/4030 2664/421/4030
f 1229/423/4031 2664/421/4031 1982/424/4031
f 1178/422/4032 2664/421/4032 1229/423/4032
f 229/427/4033 1983/431/4033 2665/428/4033
f 111/430/4034 757/432/4034 2665/428/4034
f 1408/429/4035 2665/428/4035 757/432/4035
f 1984/433/4036 2666/436/4036 759/434/4036
f 111/430/4037 1983/431/4037 2666/436/4037
f 229/427/4038 759/434/4038 2666/436/4038
f 115/437/4039 1181/441/4039 2667/438/4039
f 761/440/4040 2667/438/4040 1181/441/4040
f 1985/439/4041 2667/438/4041 761/440/4041
f 1987/443/4042 2668/447/4042 1183/444/4042
f 462/446/4043 1180/448/4043 2668/447/4043
f 1183/444/4044 2668/447/4044 1180/448/4044
f 762/449/4045 2669/453/4045 1182/450/4045
f 8/452/4046 2019/454/4046 2669/453/4046
f 462/446/4047 1182/450/4047 2669/453/4047
f 1992/455/4048 2670/458/4048 1186/456/4048
f 1987/443/4049 2670/458/4049 1992/455/4049
f 453/445/4050 1186/456/4050 2670/458/4050
f 226/459/4051 1994/463/4051 2671/460/4051
f 1188/462/4052 2671/460/4052 1994/463/4052
f 118/465/4053 1198/461/4053 2671/460/4053
f 1997/466/4054 2672/470/4054 1191/467/4054
f 1187/469/4055 2672/470/4055 1997/466/4055
f 454/457/4056 1191/467/4056 2672/470/4056
f 1995/471/4057 2673/474/4057 1391/472/4057
f 454/457/4058 1991/475/4058 2673/474/4058
f 1391/472/4059 2673/474/4059 1991/475/4059
f 511/477/4060 1996/481/4060 2674/478/4060
f 455/480/4061 1192/482/4061 2674/478/4061
f 763/479/4062 2674/478/4062 1192/482/4062
f 457/483/4063 1998/487/4063 2675/484/4063
f 1195/486/4064 2675/484/4064 1998/487/4064
f 458/488/4065 1202/485/4065 2675/484/4065
f 122/489/4066 1999/492/4066 2676/490/4066
f 1998/487/4067 2676/490/4067 1999/492/4067
f 1194/491/4068 2676/490/4068 1998/487/4068
f 458/488/4069 2000/496/4069 2677/493/4069
f 121/495/4070 1211/497/4070 2677/493/4070
f 2004/494/4071 2677/493/4071 1211/497/4071
f 1197/499/4072 2678/502/4072 2000/496/4072
f 765/500/4073 2678/502/4073 1197/499/4073
f 121/495/4074 2000/496/4074 2678/502/4074
f 2001/503/4075 2679/506/4075 1385/504/4075
f 455/480/4076 1996/481/4076 2679/506/4076
f 511/477/4077 1385/504/4077 2679/506/4077
f 2002/507/4078 2680/510/4078 1199/508/4078
f 456/468/4079 1190/511/4079 2680/510/4079
f 455/480/4080 1199/508/4080 2680/510/4080
f 123/509/4081 767/514/4081 2681/512/4081
f 126/513/4082 1201/515/4082 2681/512/4082
f 2002/507/4083 2681/512/4083 1201/515/4083
f 510/516/4084 2003/520/4084 2682/517/4084
f 1204/519/4085 2682/517/4085 2003/520/4085
f 459/521/4086 2008/518/4086 2682/517/4086
f 217/522/4087 2005/525/4087 2683/523/4087
f 123/509/4088 1200/526/4088 2683/523/4088
f 2184/524/4089 2683/523/4089 1200/526/4089
f 124/527/4090 2006/531/4090 2684/528/4090
f 125/530/4091 1207/532/4091 2684/528/4091
f 1206/529/4092 2684/528/4092 1207/532/4092
f 2007/533/4093 2685/3826/4093 768/534/4093
f 1209/535/4094 2685/3826/4094 2007/533/4094
f 768/534/4095 2685/3826/4095 1209/535/4095
f 459/521/4096 2009/539/4096 2686/536/4096
f 2031/538/4097 2686/536/4097 2009/539/4097
f 1208/537/4098 2686/536/4098 2031/538/4098
f 461/541/4099 2013/545/4099 2687/542/4099
f 460/544/4100 1210/546/4100 2687/542/4100
f 1351/543/4101 2687/542/4101 1210/546/4101
f 128/548/4102 2012/551/4102 2688/549/4102
f 467/498/4103 1211/497/4103 2688/549/4103
f 1212/550/4104 2688/549/4104 1211/497/4104
f 120/451/4105 764/553/4105 2689/552/4105
f 460/544/4106 1213/554/4106 2689/552/4106
f 762/449/4107 2689/552/4107 1213/554/4107
f 2015/555/4108 2690/559/4108 1215/556/4108
f 132/558/4109 1216/560/4109 2690/559/4109
f 1215/556/4110 2690/559/4110 1216/560/4110
f 771/561/4111 2691/563/4111 1216/560/4111
f 127/562/4112 2014/564/4112 2691/563/4112
f 121/495/4113 1216/560/4113 2691/563/4113
f 2018/565/4114 2692/568/4114 2016/566/4114
f 8/452/4115 2017/569/4115 2692/568/4115
f 2016/566/4116 2692/568/4116 2017/569/4116
f 130/557/4117 1218/573/4117 2693/571/4117
f 1217/572/4118 2693/571/4118 1218/573/4118
f 2015/555/4119 2693/571/4119 1217/572/4119
f 463/567/4120 1219/576/4120 2694/575/4120
f 462/446/4121 2019/454/4121 2694/575/4121
f 2018/565/4122 2694/575/4122 2019/454/4122
f 114/442/4123 773/579/4123 2695/577/4123
f 133/574/4124 1218/573/4124 2695/577/4124
f 1986/578/4125 2695/577/4125 1218/573/4125
f 111/430/4126 1224/582/4126 2696/580/4126
f 463/567/4127 1222/583/4127 2696/580/4127
f 1221/581/4128 2696/580/4128 1222/583/4128
f 111/430/4129 760/585/4129 2697/584/4129
f 1219/576/4130 2697/584/4130 760/585/4130
f 463/567/4131 1224/582/4131 2697/584/4131
f 134/425/4132 1231/589/4132 2698/586/4132
f 136/588/4133 1227/590/4133 2698/586/4133
f 1226/587/4134 2698/586/4134 1227/590/4134
f 1228/591/4135 2699/593/4135 1227/590/4135
f 498/592/4136 1230/594/4136 2699/593/4136
f 133/574/4137 1227/590/4137 2699/593/4137
f 452/405/4138 1235/596/4138 2700/595/4138
f 135/417/4139 1232/597/4139 2700/595/4139
f 1234/403/4140 2700/595/4140 1232/597/4140
f 135/417/4141 2021/601/4141 2701/598/4141
f 7/600/4142 775/602/4142 2701/598/4142
f 1233/599/4143 2701/598/4143 775/602/4143
f 1239/604/4144 2702/607/4144 1236/605/4144
f 140/606/4145 1237/608/4145 2702/607/4145
f 1236/605/4146 2702/607/4146 1237/608/4146
f 138/406/4147 2022/612/4147 2703/609/4147
f 2026/611/4148 2703/609/4148 2022/612/4148
f 465/613/4149 2025/610/4149 2703/609/4149
f 467/498/4150 2012/551/4150 2704/614/4150
f 128/548/4151 2032/615/4151 2704/614/4151
f 2031/538/4152 2704/614/4152 2032/615/4152
f 781/616/4153 2705/619/4153 2032/615/4153
f 1243/617/4154 2705/619/4154 781/616/4154
f 145/540/4155 2032/615/4155 2705/619/4155
f 468/620/4156 1245/624/4156 2706/621/4156
f 1246/623/4157 2706/621/4157 1245/624/4157
f 737/622/4158 2706/621/4158 1246/623/4158
f 1249/626/4159 2707/628/4159 1248/627/4159
f 469/356/4160 1247/357/4160 2707/628/4160
f 1248/627/4161 2707/628/4161 1247/357/4161
f 148/629/4162 2037/632/4162 2708/630/4162
f 468/620/4163 1250/633/4163 2708/630/4163
f 2036/631/4164 2708/630/4164 1250/633/4164
f 469/356/4165 2040/637/4165 2709/634/4165
f 149/636/4166 1251/638/4166 2709/634/4166
f 1252/635/4167 2709/634/4167 1251/638/4167
f 1259/639/4168 2710/642/4168 1253/640/4168
f 150/641/4169 785/644/4169 2710/642/4169
f 491/643/4170 1253/640/4170 2710/642/4170
f 148/629/4171 2036/631/4171 2711/645/4171
f 1253/640/4172 2711/645/4172 2036/631/4172
f 2104/646/4173 2711/645/4173 1253/640/4173
f 2042/647/4174 2712/650/4174 1255/648/4174
f 491/643/4175 785/644/4175 2712/650/4175
f 150/641/4176 1255/648/4176 2712/650/4176
f 787/651/4177 2713/653/4177 2042/647/4177
f 471/652/4178 788/654/4178 2713/653/4178
f 2042/647/4179 2713/653/4179 788/654/4179
f 494/655/4180 2043/659/4180 2714/656/4180
f 1256/658/4181 2714/656/4181 2043/659/4181
f 151/661/4182 2046/657/4182 2714/656/4182
f 472/662/4183 2044/665/4183 2715/663/4183
f 2043/659/4184 2715/663/4184 2044/665/4184
f 790/664/4185 2715/663/4185 2043/659/4185
f 147/366/4186 1974/362/4186 2716/666/4186
f 102/364/4187 2045/667/4187 2716/666/4187
f 1259/639/4188 2716/666/4188 2045/667/4188
f 103/373/4189 746/369/4189 2717/668/4189
f 101/371/4190 1261/670/4190 2717/668/4190
f 1260/669/4191 2717/668/4191 1261/670/4191
f 160/671/4192 2047/675/4192 2718/672/4192
f 1262/674/4193 2718/672/4193 2047/675/4193
f 2071/673/4194 2718/672/4194 1262/674/4194
f 2050/677/4195 2719/679/4195 788/654/4195
f 170/678/4196 1315/680/4196 2719/679/4196
f 491/643/4197 788/654/4197 2719/679/4197
f 1264/681/4198 2720/683/4198 2050/677/4198
f 153/682/4199 2053/684/4199 2720/683/4199
f 170/678/4200 2050/677/4200 2720/683/4200
f 472/662/4201 2052/688/4201 2721/685/4201
f 791/687/4202 2721/685/4202 2052/688/4202
f 2048/686/4203 2721/685/4203 791/687/4203
f 486/689/4204 2056/693/4204 2722/690/4204
f 482/692/4205 793/694/4205 2722/690/4205
f 2054/691/4206 2722/690/4206 793/694/4206
f 163/696/4207 2057/700/4207 2723/697/4207
f 473/699/4208 2055/701/4208 2723/697/4208
f 1265/698/4209 2723/697/4209 2055/701/4209
f 154/703/4210 1266/707/4210 2724/704/4210
f 2092/706/4211 2724/704/4211 1266/707/4211
f 1270/705/4212 2724/704/4212 2092/706/4212
f 156/709/4213 2058/713/4213 2725/710/4213
f 1286/712/4214 2725/710/4214 2058/713/4214
f 485/714/4215 1272/711/4215 2725/710/4215
f 1280/715/4216 2726/716/4216 2058/713/4216
f 1270/705/4217 2726/716/4217 1280/715/4217
f 474/708/4218 2058/713/4218 2726/716/4218
f 2061/717/4219 2727/722/4219 1271/718/4219
f 1273/720/4220 2727/722/4220 2061/717/4220
f 476/721/4221 1271/718/4221 2727/722/4221
f 157/723/4222 2062/726/4222 2728/724/4222
f 1271/718/4223 2728/724/4223 2062/726/4223
f 476/721/4224 2065/725/4224 2728/724/4224
f 2064/727/4225 2729/729/4225 797/728/4225
f 485/714/4226 1288/730/4226 2729/729/4226
f 797/728/4227 2729/729/4227 1288/730/4227
f 164/732/4228 2066/736/4228 2730/733/4228
f 796/735/4229 2730/733/4229 2066/736/4229
f 9/738/4230 2077/734/4230 2730/733/4230
f 2067/739/4231 2731/741/4231 1274/740/4231
f 157/723/4232 2068/743/4232 2731/741/4232
f 477/742/4233 1274/740/4233 2731/741/4233
f 477/742/4234 2068/743/4234 2732/744/4234
f 157/723/4235 2069/746/4235 2732/744/4235
f 1275/745/4236 2732/744/4236 2069/746/4236
f 475/737/4237 2069/746/4237 2733/747/4237
f 797/728/4238 2733/747/4238 2069/746/4238
f 1292/748/4239 2733/747/4239 797/728/4239
f 2070/749/4240 2734/752/4240 1276/750/4240
f 161/751/4241 1277/753/4241 2734/752/4241
f 478/676/4242 1276/750/4242 2734/752/4242
f 161/751/4243 2084/757/4243 2735/754/4243
f 165/756/4244 799/758/4244 2735/754/4244
f 1278/755/4245 2735/754/4245 799/758/4245
f 480/702/4246 2072/761/4246 2736/759/4246
f 801/760/4247 2736/759/4247 2072/761/4247
f 1265/698/4248 2736/759/4248 801/760/4248
f 470/763/4249 2049/767/4249 2737/764/4249
f 1279/766/4250 2737/764/4250 2049/767/4250
f 2073/765/4251 2737/764/4251 1279/766/4251
f 2077/734/4252 2738/769/4252 803/768/4252
f 9/738/4253 2078/770/4253 2738/769/4253
f 803/768/4254 2738/769/4254 2078/770/4254
f 484/772/4255 2080/775/4255 2739/773/4255
f 482/692/4256 1282/776/4256 2739/773/4256
f 1281/774/4257 2739/773/4257 1282/776/4257
f 2081/777/4258 2740/779/4258 804/778/4258
f 159/719/4259 2063/780/4259 2740/779/4259
f 804/778/4260 2740/779/4260 2063/780/4260
f 2083/782/4261 2741/784/4261 805/783/4261
f 484/772/4262 804/778/4262 2741/784/4262
f 158/781/4263 805/783/4263 2741/784/4263
f 165/756/4264 2084/757/4264 2742/785/4264
f 161/751/4265 800/786/4265 2742/785/4265
f 2083/782/4266 2742/785/4266 800/786/4266
f 162/762/4267 2086/789/4267 2743/787/4267
f 165/756/4268 2087/790/4268 2743/787/4268
f 1284/788/4269 2743/787/4269 2087/790/4269
f 474/708/4270 807/794/4270 2744/792/4270
f 2088/793/4271 2744/792/4271 807/794/4271
f 1286/712/4272 2744/792/4272 2088/793/4272
f 2088/793/4273 2745/796/4273 1287/795/4273
f 465/613/4274 778/797/4274 2745/796/4274
f 1287/795/4275 2745/796/4275 778/797/4275
f 2089/799/4276 2746/801/4276 806/800/4276
f 141/798/4277 777/802/4277 2746/801/4277
f 806/800/4278 2746/801/4278 777/802/4278
f 2090/804/4279 2747/808/4279 1289/805/4279
f 155/807/4280 2060/809/4280 2747/808/4280
f 1289/805/4281 2747/808/4281 2060/809/4281
f 139/806/4282 1289/805/4282 2748/810/4282
f 1291/812/4283 2748/810/4283 1289/805/4283
f 1290/811/4284 2748/810/4284 1291/812/4284
f 142/813/4285 2091/816/4285 2749/814/4285
f 806/800/4286 2749/814/4286 2091/816/4286
f 779/815/4287 2749/814/4287 806/800/4287
f 2100/817/4288 2750/821/4288 1293/818/4288
f 1295/820/4289 2750/821/4289 2100/817/4289
f 486/689/4290 1293/818/4290 2750/821/4290
f 474/708/4291 2092/706/4291 2751/822/4291
f 1294/823/4292 2751/822/4292 2092/706/4292
f 807/794/4293 2751/822/4293 1294/823/4293
f 2093/824/4294 2752/826/4294 1296/825/4294
f 139/806/4295 753/827/4295 2752/826/4295
f 1296/825/4296 2752/826/4296 753/827/4296
f 1269/828/4297 2753/829/4297 2093/824/4297
f 155/807/4298 2090/804/4298 2753/829/4298
f 2093/824/4299 2753/829/4299 2090/804/4299
f 478/676/4300 2096/833/4300 2754/830/4300
f 1297/832/4301 2754/830/4301 2096/833/4301
f 792/831/4302 2754/830/4302 1297/832/4302
f 2095/834/4303 2755/835/4303 1297/832/4303
f 167/819/4304 1293/818/4304 2755/835/4304
f 1297/832/4305 2755/835/4305 1293/818/4305
f 787/651/4306 2756/836/4306 1262/674/4306
f 487/649/4307 2096/833/4307 2756/836/4307
f 478/676/4308 1262/674/4308 2756/836/4308
f 152/660/4309 2097/840/4309 2757/837/4309
f 1304/839/4310 2757/837/4310 2097/840/4310
f 1257/838/4311 2757/837/4311 1304/839/4311
f 2099/843/4312 2758/847/4312 2098/844/4312
f 106/846/4313 750/848/4313 2758/847/4313
f 105/386/4314 2098/844/4314 2758/847/4314
f 169/845/4315 1306/850/4315 2759/849/4315
f 167/819/4316 1300/851/4316 2759/849/4316
f 2099/843/4317 2759/849/4317 1300/851/4317
f 489/852/4318 810/855/4318 2760/853/4318
f 167/819/4319 1306/850/4319 2760/853/4319
f 1305/854/4320 2760/853/4320 1306/850/4320
f 2100/817/4321 2761/3827/4321 1310/856/4321
f 810/855/4322 2761/3827/4322 2100/817/4322
f 1310/856/4323 2761/3827/4323 810/855/4323
f 808/857/4324 2762/3828/4324 1312/858/4324
f 1313/859/4325 2762/3828/4325 808/857/4325
f 1312/858/4326 2762/3828/4326 1313/859/4326
f 811/400/4327 2763/863/4327 2101/861/4327
f 1314/862/4328 2763/863/4328 811/400/4328
f 490/860/4329 2101/861/4329 2763/863/4329
f 2103/864/4330 2764/866/4330 2104/646/4330
f 10/865/4331 2105/867/4331 2764/866/4331
f 148/629/4332 2104/646/4332 2764/866/4332
f 148/629/4333 2105/867/4333 2765/868/4333
f 10/865/4334 1326/870/4334 2765/868/4334
f 1317/869/4335 2765/868/4335 1326/870/4335
f 468/620/4336 2037/632/4336 2766/872/4336
f 1317/869/4337 2766/872/4337 2037/632/4337
f 1319/873/4338 2766/872/4338 1317/869/4338
f 2040/637/4339 2767/875/4339 1318/874/4339
f 469/356/4340 2107/876/4340 2767/875/4340
f 1318/874/4341 2767/875/4341 2107/876/4341
f 172/878/4342 2106/881/4342 2768/879/4342
f 149/636/4343 1318/874/4343 2768/879/4343
f 813/880/4344 2768/879/4344 1318/874/4344
f 492/882/4345 2108/886/4345 2769/883/4345
f 180/885/4346 814/887/4346 2769/883/4346
f 1321/884/4347 2769/883/4347 814/887/4347
f 10/865/4348 815/891/4348 2770/888/4348
f 181/890/4349 820/892/4349 2770/888/4349
f 1325/889/4350 2770/888/4350 820/892/4350
f 176/893/4351 1327/896/4351 2771/894/4351
f 172/878/4352 1328/897/4352 2771/894/4352
f 816/895/4353 2771/894/4353 1328/897/4353
f 2111/899/4354 2772/902/4354 815/891/4354
f 821/900/4355 2772/902/4355 2111/899/4355
f 181/890/4356 815/891/4356 2772/902/4356
f 2115/903/4357 2773/906/4357 2125/904/4357
f 1327/896/4358 2773/906/4358 2115/903/4358
f 176/893/4359 2125/904/4359 2773/906/4359
f 2117/907/4360 2774/909/4360 2053/684/4360
f 495/908/4361 2116/910/4361 2774/909/4361
f 170/678/4362 2053/684/4362 2774/909/4362
f 2119/911/4363 2775/915/4363 2118/912/4363
f 1329/914/4364 2775/915/4364 2119/911/4364
f 495/908/4365 2118/912/4365 2775/915/4365
f 2122/916/4366 2776/920/4366 817/917/4366
f 2121/918/4367 2776/920/4367 2122/916/4367
f 178/913/4368 817/917/4368 2776/920/4368
f 2123/921/4369 2777/922/4369 2119/911/4369
f 181/890/4370 821/900/4370 2777/922/4370
f 177/901/4371 2119/911/4371 2777/922/4371
f 2108/886/4372 2778/924/4372 2124/923/4372
f 492/882/4373 820/892/4373 2778/924/4373
f 2124/923/4374 2778/924/4374 820/892/4374
f 175/898/4375 2126/927/4375 2779/925/4375
f 2127/926/4376 2779/925/4376 2126/927/4376
f 816/895/4377 2779/925/4377 2127/926/4377
f 176/893/4378 2128/930/4378 2780/928/4378
f 2120/929/4379 2780/928/4379 2128/930/4379
f 179/905/4380 2125/904/4380 2780/928/4380
f 1332/931/4381 2781/937/4381 1334/932/4381
f 2133/934/4382 2781/937/4382 1332/931/4382
f 208/936/4383 1334/932/4383 2781/937/4383
f 141/798/4384 2027/940/4384 2782/938/4384
f 1332/931/4385 2782/938/4385 2027/940/4385
f 2129/939/4386 2782/938/4386 1332/931/4386
f 2130/941/4387 2783/946/4387 2134/942/4387
f 1333/944/4388 2783/946/4388 2130/941/4388
f 182/945/4389 2134/942/4389 2783/946/4389
f 1240/947/4390 2784/948/4390 2130/941/4390
f 142/813/4391 1244/949/4391 2784/948/4391
f 2130/941/4392 2784/948/4392 1244/949/4392
f 1333/944/4393 2785/951/4393 822/950/4393
f 143/618/4394 1335/953/4394 2785/951/4394
f 496/952/4395 822/950/4395 2785/951/4395
f 183/933/4396 2131/957/4396 2786/954/4396
f 508/956/4397 1374/958/4397 2786/954/4397
f 1336/955/4398 2786/954/4398 1374/958/4398
f 128/548/4399 2132/962/4399 2787/960/4399
f 507/961/4400 1337/963/4400 2787/960/4400
f 781/616/4401 2787/960/4401 1337/963/4401
f 184/943/4402 2134/942/4402 2788/964/4402
f 2174/966/4403 2788/964/4403 2134/942/4403
f 825/965/4404 2788/964/4404 2174/966/4404
f 466/935/4405 2136/971/4405 2789/968/4405
f 1367/970/4406 2789/968/4406 2136/971/4406
f 205/973/4407 824/969/4407 2789/968/4407
f 2137/974/4408 2790/977/4408 826/975/4408
f 184/943/4409 825/965/4409 2790/977/4409
f 12/967/4410 826/975/4410 2790/977/4410
f 137/603/4411 2138/981/4411 2791/978/4411
f 2169/980/4412 2791/978/4412 2138/981/4412
f 201/972/4413 2135/979/4413 2791/978/4413
f 2139/983/4414 2792/986/4414 2170/984/4414
f 140/606/4415 1339/987/4415 2792/986/4415
f 185/976/4416 2170/984/4416 2792/986/4416
f 7/600/4417 828/991/4417 2793/988/4417
f 1360/990/4418 2793/988/4418 828/991/4418
f 1340/989/4419 2793/988/4419 1360/990/4419
f 2141/993/4420 2794/996/4420 1362/994/4420
f 136/588/4421 827/997/4421 2794/996/4421
f 1362/994/4422 2794/996/4422 827/997/4422
f 497/998/4423 2143/1002/4423 2795/999/4423
f 829/1001/4424 2795/999/4424 2143/1002/4424
f 1341/1000/4425 2795/999/4425 829/1001/4425
f 830/1004/4426 2796/1007/4426 2163/1005/4426
f 498/592/4427 1342/1008/4427 2796/1007/4427
f 2163/1005/4428 2796/1007/4428 1342/1008/4428
f 463/567/4429 2142/1012/4429 2797/1009/4429
f 1343/1011/4430 2797/1009/4430 2142/1012/4430
f 497/998/4431 2020/1010/4431 2797/1009/4431
f 2157/1014/4432 2798/1017/4432 1344/1015/4432
f 503/1003/4433 1345/1018/4433 2798/1017/4433
f 131/1013/4434 1344/1015/4434 2798/1017/4434
f 131/1013/4435 1345/1018/4435 2799/1019/4435
f 503/1003/4436 2143/1002/4436 2799/1019/4436
f 1343/1011/4437 2799/1019/4437 2143/1002/4437
f 1220/1020/4438 2800/1023/4438 1346/1021/4438
f 133/574/4439 1230/594/4439 2800/1023/4439
f 498/592/4440 1346/1021/4440 2800/1023/4440
f 132/558/4441 2147/1027/4441 2801/1024/4441
f 2146/1026/4442 2801/1024/4442 2147/1027/4442
f 189/1028/4443 1347/1025/4443 2801/1024/4443
f 129/570/4444 2148/1032/4444 2802/1029/4444
f 2154/1031/4445 2802/1029/4445 2148/1032/4445
f 2145/1030/4446 2802/1029/4446 2154/1031/4446
f 2150/1034/4447 2803/1037/4447 1353/1035/4447
f 132/558/4448 1347/1025/4448 2803/1037/4448
f 1353/1035/4449 2803/1037/4449 1347/1025/4449
f 461/541/4450 1351/543/4450 2804/1038/4450
f 2149/1040/4451 2804/1038/4451 1351/543/4451
f 770/1039/4452 2804/1038/4452 2149/1040/4452
f 500/547/4453 2151/1043/4453 2805/1041/4453
f 501/959/4454 2152/1044/4454 2805/1041/4454
f 1348/1042/4455 2805/1041/4455 2152/1044/4455
f 769/1045/4456 2806/1047/4456 1349/1046/4456
f 127/562/4457 771/561/4457 2806/1047/4457
f 1349/1046/4458 2806/1047/4458 771/561/4458
f 507/961/4459 2132/962/4459 2807/1048/4459
f 128/548/4460 1350/1050/4460 2807/1048/4460
f 1352/1049/4461 2807/1048/4461 1350/1050/4461
f 2177/1051/4462 2808/1053/4462 2152/1044/4462
f 211/1052/4463 831/1054/4463 2808/1053/4463
f 2152/1044/4464 2808/1053/4464 831/1054/4464
f 187/1016/4465 2155/1058/4465 2809/1055/4465
f 835/1057/4466 2809/1055/4466 2155/1058/4466
f 833/1056/4467 2809/1055/4467 835/1057/4467
f 2156/1061/4468 2810/1064/4468 836/1062/4468
f 189/1028/4469 2159/1065/4469 2810/1064/4469
f 836/1062/4470 2810/1064/4470 2159/1065/4470
f 189/1028/4471 2158/1069/4471 2811/1067/4471
f 2160/1068/4472 2811/1067/4472 2158/1069/4472
f 191/1066/4473 2159/1065/4473 2811/1067/4473
f 504/1006/4474 2162/1072/4474 2812/1070/4474
f 194/1071/4475 839/1073/4475 2812/1070/4475
f 2160/1068/4476 2812/1070/4476 839/1073/4476
f 829/1001/4477 2813/1077/4477 1358/1074/4477
f 1356/1075/4478 2813/1077/4478 829/1001/4478
f 14/1076/4479 1358/1074/4479 2813/1077/4479
f 504/1006/4480 1357/1080/4480 2814/1078/4480
f 842/1079/4481 2814/1078/4481 1357/1080/4481
f 2162/1072/4482 2814/1078/4482 842/1079/4482
f 2163/1005/4483 2815/1085/4483 2164/1082/4483
f 1359/1083/4484 2815/1085/4484 2163/1005/4484
f 197/1084/4485 2164/1082/4485 2815/1085/4485
f 195/992/4486 1358/1074/4486 2816/1086/4486
f 843/1088/4487 2816/1086/4487 1358/1074/4487
f 2166/1087/4488 2816/1086/4488 843/1088/4488
f 1359/1083/4489 2817/1091/4489 844/1090/4489
f 505/995/4490 845/1092/4490 2817/1091/4490
f 844/1090/4491 2817/1091/4491 845/1092/4491
f 199/982/4492 2167/1097/4492 2818/1094/4492
f 846/1096/4493 2818/1094/4493 2167/1097/4493
f 200/1098/4494 1361/1095/4494 2818/1094/4494
f 2168/1099/4495 2819/1101/4495 847/1100/4495
f 506/985/4496 2171/1103/4496 2819/1101/4496
f 204/1102/4497 847/1100/4497 2819/1101/4497
f 199/982/4498 1361/1095/4498 2820/1104/4498
f 1363/1105/4499 2820/1104/4499 1361/1095/4499
f 2169/980/4500 2820/1104/4500 1363/1105/4500
f 849/1106/4501 2821/1108/4501 1363/1105/4501
f 202/1107/4502 1364/1109/4502 2821/1108/4502
f 1363/1105/4503 2821/1108/4503 1364/1109/4503
f 185/976/4504 2173/1113/4504 2822/1110/4504
f 851/1112/4505 2822/1110/4505 2173/1113/4505
f 1366/1111/4506 2822/1110/4506 851/1112/4506
f 201/972/4507 848/1118/4507 2823/1116/4507
f 13/1117/4508 2172/1119/4508 2823/1116/4508
f 1367/970/4509 2823/1116/4509 2172/1119/4509
f 853/1120/4510 2824/1122/4510 2172/1119/4510
f 206/1121/4511 1368/1123/4511 2824/1122/4511
f 205/973/4512 2172/1119/4512 2824/1122/4512
f 205/973/4513 1368/1123/4513 2825/1124/4513
f 856/1126/4514 2825/1124/4514 1368/1123/4514
f 1371/1125/4515 2825/1124/4515 856/1126/4515
f 501/959/4516 2176/1130/4516 2826/1128/4516
f 858/1129/4517 2826/1128/4517 2176/1130/4517
f 211/1052/4518 2177/1051/4518 2826/1128/4518
f 1375/1132/4519 2827/1135/4519 859/1133/4519
f 507/961/4520 2153/1137/4520 2827/1135/4520
f 16/1136/4521 859/1133/4521 2827/1135/4521
f 208/936/4522 855/1140/4522 2828/1138/4522
f 209/1127/4523 862/1141/4523 2828/1138/4523
f 2179/1139/4524 2828/1138/4524 862/1141/4524
f 216/1143/4525 1373/1146/4525 2829/1144/4525
f 182/945/4526 1380/1147/4526 2829/1144/4526
f 863/1145/4527 2829/1144/4527 1380/1147/4527
f 219/1149/4528 2181/1153/4528 2830/1150/4528
f 1382/1152/4529 2830/1150/4529 2181/1153/4529
f 865/1151/4530 2830/1150/4530 1382/1152/4530
f 218/505/4531 2183/1157/4531 2831/1155/4531
f 864/1156/4532 2831/1155/4532 2183/1157/4532
f 2184/524/4533 2831/1155/4533 864/1156/4533
f 1383/1159/4534 2832/1162/4534 2185/1160/4534
f 220/1161/4535 2366/1163/4535 2832/1162/4535
f 2185/1160/4536 2832/1162/4536 2366/1163/4536
f 2187/1165/4537 2833/1166/4537 1383/1159/4537
f 309/1158/4538 2367/1167/4538 2833/1166/4538
f 1383/1159/4539 2833/1166/4539 2367/1167/4539
f 2188/1168/4540 2834/1169/4540 1385/504/4540
f 219/1149/4541 865/1151/4541 2834/1169/4541
f 218/505/4542 1385/504/4542 2834/1169/4542
f 1579/1170/4543 2835/1174/4543 1386/1171/4543
f 311/1173/4544 2353/1175/4544 2835/1174/4544
f 219/1149/4545 1386/1171/4545 2835/1174/4545
f 512/1176/4546 1389/1180/4546 2836/1177/4546
f 1388/1179/4547 2836/1177/4547 1389/1180/4547
f 223/1182/4548 1387/1178/4548 2836/1177/4548
f 2190/1183/4549 2837/1185/4549 1391/472/4549
f 513/1184/4550 1392/1186/4550 2837/1185/4550
f 1391/472/4551 2837/1185/4551 1392/1186/4551
f 2191/1187/4552 2838/1188/4552 1392/1186/4552
f 221/1172/4553 2189/1189/4553 2838/1188/4553
f 119/473/4554 1392/1186/4554 2838/1188/4554
f 2189/1189/4555 2839/1190/4555 763/479/4555
f 221/1172/4556 867/1191/4556 2839/1190/4556
f 763/479/4557 2839/1190/4557 867/1191/4557
f 514/1192/4558 2192/1196/4558 2840/1193/4558
f 2357/1195/4559 2840/1193/4559 2192/1196/4559
f 571/1197/4560 1398/1194/4560 2840/1193/4560
f 2195/1198/4561 2841/1201/4561 1395/1199/4561
f 513/1184/4562 2190/1183/4562 2841/1201/4562
f 224/476/4563 1395/1199/4563 2841/1201/4563
f 513/1184/4564 2196/1205/4564 2842/1202/4564
f 1581/1204/4565 2842/1202/4565 2196/1205/4565
f 225/1207/4566 1393/1203/4566 2842/1202/4566
f 116/464/4567 1994/463/4567 2843/1208/4567
f 1396/1210/4568 2843/1208/4568 1994/463/4568
f 228/1211/4569 873/1209/4569 2843/1208/4569
f 1399/1212/4570 2844/1215/4570 1582/1213/4570
f 514/1192/4571 1398/1194/4571 2844/1215/4571
f 571/1197/4572 1582/1213/4572 2844/1215/4572
f 2198/1216/4573 2845/1219/4573 1401/1217/4573
f 227/1200/4574 871/1220/4574 2845/1219/4574
f 453/445/4575 1401/1217/4575 2845/1219/4575
f 2199/1221/4576 2846/1223/4576 2198/1216/4576
f 308/1222/4577 2341/1224/4577 2846/1223/4577
f 2198/1216/4578 2846/1223/4578 2341/1224/4578
f 115/437/4579 1185/1228/4579 2847/1225/4579
f 1403/1227/4580 2847/1225/4580 1185/1228/4580
f 516/1229/4581 1407/1226/4581 2847/1225/4581
f 516/1229/4582 2200/1233/4582 2848/1230/4582
f 2345/1232/4583 2848/1230/4583 2200/1233/4583
f 19/1235/4584 2202/1231/4584 2848/1230/4584
f 1404/1236/4585 2849/1238/4585 759/434/4585
f 1400/1237/4586 2849/1238/4586 1404/1236/4586
f 113/435/4587 759/434/4587 2849/1238/4587
f 229/427/4588 2201/1241/4588 2850/1239/4588
f 1405/1240/4589 2850/1239/4589 2201/1241/4589
f 1404/1236/4590 2850/1239/4590 1405/1240/4590
f 877/1243/4591 2851/1246/4591 1409/1244/4591
f 556/1242/4592 2201/1241/4592 2851/1246/4592
f 1409/1244/4593 2851/1246/4593 2201/1241/4593
f 233/420/4594 2203/1250/4594 2852/1247/4594
f 231/1249/4595 878/1251/4595 2852/1247/4595
f 2205/1248/4596 2852/1247/4596 878/1251/4596
f 233/420/4597 2206/1255/4597 2853/1253/4597
f 2204/1254/4598 2853/1253/4598 2206/1255/4598
f 231/1249/4599 2203/1250/4599 2853/1253/4599
f 2207/1257/4600 2854/1260/4600 1412/1258/4600
f 234/1259/4601 879/1262/4601 2854/1260/4601
f 235/1261/4602 1412/1258/4602 2854/1260/4602
f 6/418/4603 2208/1266/4603 2855/1263/4603
f 2278/1265/4604 2855/1263/4604 2208/1266/4604
f 234/1259/4605 1411/1264/4605 2855/1263/4605
f 2209/1268/4606 2856/1272/4606 1487/1269/4606
f 112/1271/4607 1413/1274/4607 2856/1272/4607
f 541/1273/4608 1487/1269/4608 2856/1272/4608
f 541/1273/4609 2210/1277/4609 2857/1275/4609
f 2205/1248/4610 2857/1275/4610 2210/1277/4610
f 232/1252/4611 880/1276/4611 2857/1275/4611
f 108/392/4612 881/1281/4612 2858/1278/4612
f 2211/1280/4613 2858/1278/4613 881/1281/4613
f 1415/1279/4614 2858/1278/4614 2211/1280/4614
f 883/1283/4615 2859/1286/4615 882/1284/4615
f 239/396/4616 1416/1287/4616 2859/1286/4616
f 882/1284/4617 2859/1286/4617 1416/1287/4617
f 2212/1288/4618 2860/1292/4618 884/1289/4618
f 519/1291/4619 1419/1293/4619 2860/1292/4619
f 884/1289/4620 2860/1292/4620 1419/1293/4620
f 885/1295/4621 2861/1299/4621 1418/1296/4621
f 23/1298/4622 886/1300/4622 2861/1299/4622
f 1418/1296/4623 2861/1299/4623 886/1300/4623
f 2213/1301/4624 2862/1304/4624 2214/1302/4624
f 240/1303/4625 892/1305/4625 2862/1304/4625
f 2214/1302/4626 2862/1304/4626 892/1305/4626
f 246/1307/4627 2215/1311/4627 2863/1308/4627
f 1420/1310/4628 2863/1308/4628 2215/1311/4628
f 888/1309/4629 2863/1308/4629 1420/1310/4629
f 241/1290/4630 1422/1316/4630 2864/1314/4630
f 2215/1311/4631 2864/1314/4631 1422/1316/4631
f 1421/1315/4632 2864/1314/4632 2215/1311/4632
f 247/1294/4633 889/1320/4633 2865/1317/4633
f 1424/1319/4634 2865/1317/4634 889/1320/4634
f 1423/1318/4635 2865/1317/4635 1424/1319/4635
f 2217/1322/4636 2866/1324/4636 891/1323/4636
f 521/1306/4637 890/1325/4637 2866/1324/4637
f 891/1323/4638 2866/1324/4638 890/1325/4638
f 2218/1327/4639 2867/1332/4639 895/1328/4639
f 1427/1329/4640 2867/1332/4640 2218/1327/4640
f 253/1331/4641 895/1328/4641 2867/1332/4641
f 249/1326/4642 1429/1336/4642 2868/1333/4642
f 896/1335/4643 2868/1333/4643 1429/1336/4643
f 250/1321/4644 893/1334/4644 2868/1333/4644
f 897/1338/4645 2869/1341/4645 1430/1339/4645
f 251/1340/4646 898/1342/4646 2869/1341/4646
f 1430/1339/4647 2869/1341/4647 898/1342/4647
f 2219/1343/4648 2870/1345/4648 899/1344/4648
f 253/1331/4649 894/1346/4649 2870/1345/4649
f 899/1344/4650 2870/1345/4650 894/1346/4650
f 253/1331/4651 2220/1350/4651 2871/1348/4651
f 1433/1349/4652 2871/1348/4652 2220/1350/4652
f 897/1338/4653 2871/1348/4653 1433/1349/4653
f 96/347/4654 2222/1354/4654 2872/1351/4654
f 1432/1353/4655 2872/1351/4655 2222/1354/4655
f 254/1355/4656 903/1352/4656 2872/1351/4656
f 2224/1356/4657 2873/1359/4657 2221/1357/4657
f 99/1358/4658 2223/1361/4658 2873/1359/4658
f 522/1360/4659 2221/1357/4659 2873/1359/4659
f 2225/1362/4660 2874/1364/4660 1434/1363/4660
f 254/1355/4661 1435/1365/4661 2874/1364/4661
f 1434/1363/4662 2874/1364/4662 1435/1365/4662
f 523/1366/4663 2226/1370/4663 2875/1367/4663
f 2235/1369/4664 2875/1367/4664 2226/1370/4664
f 904/1368/4665 2875/1367/4665 2235/1369/4665
f 2227/1372/4666 2876/1375/4666 1445/1373/4666
f 524/1374/4667 906/1376/4667 2876/1375/4667
f 1445/1373/4668 2876/1375/4668 906/1376/4668
f 522/1360/4669 2228/1381/4669 2877/1378/4669
f 1437/1380/4670 2877/1378/4670 2228/1381/4670
f 1436/1379/4671 2877/1378/4671 1437/1380/4671
f 100/375/4672 905/1384/4672 2878/1382/4672
f 523/1366/4673 1439/1385/4673 2878/1382/4673
f 1440/1383/4674 2878/1382/4674 1439/1385/4674
f 523/1366/4675 904/1368/4675 2879/1387/4675
f 255/1371/4676 2229/1389/4676 2879/1387/4676
f 1438/1388/4677 2879/1387/4677 2229/1389/4677
f 2229/1389/4678 2880/1394/4678 2238/1391/4678
f 907/1392/4679 2880/1394/4679 2229/1389/4679
f 256/1393/4680 2238/1391/4680 2880/1394/4680
f 257/1377/4681 906/1376/4681 2881/1395/4681
f 524/1374/4682 1441/1397/4682 2881/1395/4682
f 2231/1396/4683 2881/1395/4683 1441/1397/4683
f 524/1374/4684 2230/1401/4684 2882/1399/4684
f 104/380/4685 1442/1402/4685 2882/1399/4685
f 1443/1400/4686 2882/1399/4686 1442/1402/4686
f 2231/1396/4687 2883/1407/4687 908/1404/4687
f 909/1405/4688 2883/1407/4688 2231/1396/4688
f 24/1406/4689 908/1404/4689 2883/1407/4689
f 2232/1408/4690 2884/1409/4690 907/1392/4690
f 240/1303/4691 2233/1410/4691 2884/1409/4691
f 907/1392/4692 2884/1409/4692 2233/1410/4692
f 242/1411/4693 2234/1414/4693 2885/1412/4693
f 908/1404/4694 2885/1412/4694 2234/1414/4694
f 1448/1413/4695 2885/1412/4695 908/1404/4695
f 255/1371/4696 2235/1369/4696 2886/1415/4696
f 520/1330/4697 1428/1417/4697 2886/1415/4697
f 1444/1416/4698 2886/1415/4698 1428/1417/4698
f 256/1393/4699 2236/1420/4699 2887/1418/4699
f 886/1300/4700 2887/1418/4700 2236/1420/4700
f 1447/1419/4701 2887/1418/4701 886/1300/4701
f 24/1406/4702 2237/1422/4702 2888/1421/4702
f 243/1312/4703 887/1423/4703 2888/1421/4703
f 1448/1413/4704 2888/1421/4704 887/1423/4704
f 528/1390/4705 2238/1391/4705 2889/1424/4705
f 1447/1419/4706 2889/1424/4706 2238/1391/4706
f 23/1298/4707 910/1425/4707 2889/1424/4707
f 909/1405/4708 2890/1427/4708 1449/1426/4708
f 260/1398/4709 1451/1429/4709 2890/1427/4709
f 244/1428/4710 1449/1426/4710 2890/1427/4710
f 911/1430/4711 2891/1435/4711 2242/1431/4711
f 1452/1432/4712 2891/1435/4712 911/1430/4712
f 526/1434/4713 2242/1431/4713 2891/1435/4713
f 912/1436/4714 2892/1441/4714 2247/1437/4714
f 913/1439/4715 2892/1441/4715 912/1436/4715
f 527/1440/4716 2247/1437/4716 2892/1441/4716
f 528/1390/4717 2242/1431/4717 2893/1442/4717
f 526/1434/4718 2241/1444/4718 2893/1442/4718
f 1454/1443/4719 2893/1442/4719 2241/1444/4719
f 526/1434/4720 2244/1447/4720 2894/1445/4720
f 489/852/4721 809/1448/4721 2894/1445/4721
f 1456/1446/4722 2894/1445/4722 809/1448/4722
f 525/1403/4723 2240/1452/4723 2895/1449/4723
f 450/1451/4724 1458/1453/4724 2895/1449/4724
f 1457/1450/4725 2895/1449/4725 1458/1453/4725
f 2243/1454/4726 2896/1457/4726 1311/1455/4726
f 326/1456/4727 2249/1458/4727 2896/1457/4727
f 107/387/4728 1311/1455/4728 2896/1457/4728
f 1452/1432/4729 2897/1461/4729 2245/1459/4729
f 981/1460/4730 2897/1461/4730 1452/1432/4730
f 326/1456/4731 2245/1459/4731 2897/1461/4731
f 2246/1462/4732 2898/1466/4732 1453/1463/4732
f 2248/1464/4733 2898/1466/4733 2246/1462/4733
f 527/1440/4734 1453/1463/4734 2898/1466/4734
f 326/1456/4735 2250/1468/4735 2899/1467/4735
f 1977/391/4736 2899/1467/4736 2250/1468/4736
f 107/387/4737 2249/1458/4737 2899/1467/4737
f 2251/1469/4738 2900/1471/4738 2401/1470/4738
f 239/396/4739 883/1283/4739 2900/1471/4739
f 329/1285/4740 2401/1470/4740 2900/1471/4740
f 2418/1472/4741 2901/1476/4741 1463/1473/4741
f 535/1475/4742 1464/1477/4742 2901/1476/4742
f 1463/1473/4743 2901/1476/4743 1464/1477/4743
f 263/1479/4744 2254/1483/4744 2902/1480/4744
f 262/1482/4745 915/1484/4745 2902/1480/4745
f 916/1481/4746 2902/1480/4746 915/1484/4746
f 1463/1473/4747 2903/1487/4747 1465/1486/4747
f 531/1478/4748 1462/1488/4748 2903/1487/4748
f 263/1479/4749 1465/1486/4749 2903/1487/4749
f 535/1475/4750 2260/1491/4750 2904/1489/4750
f 1466/1490/4751 2904/1489/4751 2260/1491/4751
f 531/1478/4752 1464/1477/4752 2904/1489/4752
f 531/1478/4753 2252/1496/4753 2905/1493/4753
f 914/1495/4754 2905/1493/4754 2252/1496/4754
f 2253/1494/4755 2905/1493/4755 914/1495/4755
f 2257/1498/4756 2906/1501/4756 1468/1499/4756
f 262/1482/4757 1470/1502/4757 2906/1501/4757
f 1468/1499/4758 2906/1501/4758 1470/1502/4758
f 2258/1504/4759 2907/1506/4759 2259/1505/4759
f 264/1497/4760 1474/1508/4760 2907/1506/4760
f 538/1507/4761 2259/1505/4761 2907/1506/4761
f 591/1509/4762 920/1513/4762 2908/1510/4762
f 1472/1512/4763 2908/1510/4763 920/1513/4763
f 536/1492/4764 1471/1511/4764 2908/1510/4764
f 536/1492/4765 2262/1518/4765 2909/1515/4765
f 918/1517/4766 2909/1515/4766 2262/1518/4766
f 264/1497/4767 2263/1516/4767 2909/1515/4767
f 537/1520/4768 2264/1523/4768 2910/1521/4768
f 538/1507/4769 1473/1524/4769 2910/1521/4769
f 2265/1522/4770 2910/1521/4770 1473/1524/4770
f 2266/1526/4771 2911/1528/4771 1475/1527/4771
f 265/1519/4772 1480/1530/4772 2911/1528/4772
f 540/1529/4773 1475/1527/4773 2911/1528/4773
f 2269/1531/4774 2912/1534/4774 923/1532/4774
f 267/1533/4775 1481/1535/4775 2912/1534/4775
f 241/1290/4776 923/1532/4776 2912/1534/4776
f 246/1307/4777 2271/1537/4777 2913/1536/4777
f 923/1532/4778 2913/1536/4778 2271/1537/4778
f 241/1290/4779 1421/1315/4779 2913/1536/4779
f 245/1313/4780 2216/1540/4780 2914/1538/4780
f 244/1428/4781 2276/1542/4781 2914/1538/4781
f 271/1541/4782 2275/1539/4782 2914/1538/4782
f 1451/1429/4783 2915/1543/4783 2276/1542/4783
f 260/1398/4784 2400/1544/4784 2915/1543/4784
f 271/1541/4785 2276/1542/4785 2915/1543/4785
f 366/1545/4786 2462/1549/4786 2916/1546/4786
f 315/1548/4787 1482/1550/4787 2916/1546/4787
f 2277/1547/4788 2916/1546/4788 1482/1550/4788
f 2279/1551/4789 2917/1554/4789 1483/1552/4789
f 325/1553/4790 2452/1555/4790 2917/1554/4790
f 366/1545/4791 1483/1552/4791 2917/1554/4791
f 586/1556/4792 2280/1560/4792 2918/1557/4792
f 1484/1559/4793 2918/1557/4793 2280/1560/4793
f 609/1561/4794 925/1558/4794 2918/1557/4794
f 232/1252/4795 2372/1565/4795 2919/1562/4795
f 314/1564/4796 1608/1566/4796 2919/1562/4796
f 1486/1563/4797 2919/1562/4797 1608/1566/4797
f 542/1568/4798 2281/1572/4798 2920/1569/4798
f 543/1571/4799 1489/1574/4799 2920/1569/4799
f 273/1573/4800 1488/1570/4800 2920/1569/4800
f 927/1575/4801 2921/1578/4801 1490/1576/4801
f 542/1568/4802 1488/1570/4802 2921/1578/4802
f 273/1573/4803 1490/1576/4803 2921/1578/4803
f 989/1579/4804 2922/1583/4804 1650/1580/4804
f 2283/1582/4805 2922/1583/4805 989/1579/4805
f 542/1568/4806 1650/1580/4806 2922/1583/4806
f 2283/1582/4807 2923/1584/4807 2281/1572/4807
f 263/1479/4808 1491/1585/4808 2923/1584/4808
f 543/1571/4809 2281/1572/4809 2923/1584/4809
f 543/1571/4810 2284/1589/4810 2924/1586/4810
f 926/1588/4811 2924/1586/4811 2284/1589/4811
f 1492/1587/4812 2924/1586/4812 926/1588/4812
f 546/1591/4813 2285/1594/4813 2925/1592/4813
f 272/1590/4814 1497/1595/4814 2925/1592/4814
f 1495/1593/4815 2925/1592/4815 1497/1595/4815
f 2286/1597/4816 2926/1599/4816 1498/1598/4816
f 4/1485/4817 917/1600/4817 2926/1599/4817
f 1498/1598/4818 2926/1599/4818 917/1600/4818
f 276/1601/4819 2288/1605/4819 2927/1602/4819
f 1499/1604/4820 2927/1602/4820 2288/1605/4820
f 1574/1603/4821 2927/1602/4821 1499/1604/4821
f 547/1606/4822 2289/1611/4822 2928/1608/4822
f 930/1610/4823 2928/1608/4823 2289/1611/4823
f 2290/1609/4824 2928/1608/4824 930/1610/4824
f 280/1614/4825 2291/1618/4825 2929/1615/4825
f 549/1617/4826 1502/1619/4826 2929/1615/4826
f 935/1616/4827 2929/1615/4827 1502/1619/4827
f 2292/1621/4828 2930/1623/4828 1502/1619/4828
f 278/1622/4829 934/1624/4829 2930/1623/4829
f 279/1620/4830 1502/1619/4830 2930/1623/4830
f 2293/1625/4831 2931/1628/4831 1504/1626/4831
f 275/1613/4832 1505/1629/4832 2931/1628/4832
f 1504/1626/4833 2931/1628/4833 1505/1629/4833
f 283/1630/4834 2294/1634/4834 2932/1631/4834
f 1507/1633/4835 2932/1631/4835 2294/1634/4835
f 1506/1632/4836 2932/1631/4836 1507/1633/4836
f 548/1636/4837 1507/1633/4837 2933/1637/4837
f 550/1635/4838 1509/1639/4838 2933/1637/4838
f 1501/1638/4839 2933/1637/4839 1509/1639/4839
f 2296/1640/4840 2934/1644/4840 1510/1641/4840
f 285/1643/4841 938/1646/4841 2934/1644/4841
f 286/1645/4842 1510/1641/4842 2934/1644/4842
f 2297/1647/4843 2935/1649/4843 936/1648/4843
f 286/1645/4844 939/1651/4844 2935/1649/4844
f 292/1650/4845 936/1648/4845 2935/1649/4845
f 290/1652/4846 2300/1656/4846 2936/1653/4846
f 1515/1655/4847 2936/1653/4847 2300/1656/4847
f 289/1658/4848 942/1654/4848 2936/1653/4848
f 287/1657/4849 2302/1661/4849 2937/1659/4849
f 936/1648/4850 2937/1659/4850 2302/1661/4850
f 292/1650/4851 940/1660/4851 2937/1659/4851
f 286/1645/4852 938/1646/4852 2938/1662/4852
f 285/1643/4853 1518/1664/4853 2938/1662/4853
f 1517/1663/4854 2938/1662/4854 1518/1664/4854
f 1490/1576/4855 2939/1667/4855 1522/1666/4855
f 273/1573/4856 1523/1669/4856 2939/1667/4856
f 553/1668/4857 1522/1666/4857 2939/1667/4857
f 2304/1670/4858 2940/3829/4858 943/1671/4858
f 2303/1673/4859 2940/3829/4859 2304/1670/4859
f 943/1671/4860 2940/3829/4860 2303/1673/4860
f 2305/1674/4861 2941/1676/4861 944/1675/4861
f 552/1665/4862 1524/1677/4862 2941/1676/4862
f 291/1672/4863 944/1675/4863 2941/1676/4863
f 288/1678/4864 2306/1682/4864 2942/1679/4864
f 2329/1681/4865 2942/1679/4865 2306/1682/4865
f 1525/1680/4866 2942/1679/4866 2329/1681/4866
f 288/1678/4867 941/1687/4867 2943/1685/4867
f 287/1657/4868 1527/1688/4868 2943/1685/4868
f 1526/1686/4869 2943/1685/4869 1527/1688/4869
f 555/1689/4870 2308/1692/4870 2944/1690/4870
f 944/1675/4871 2944/1690/4871 2308/1692/4871
f 291/1672/4872 1529/1691/4872 2944/1690/4872
f 2309/1693/4873 2945/3830/4873 2310/1694/4873
f 943/1671/4874 2945/3830/4874 2309/1693/4874
f 2310/1694/4875 2945/3830/4875 943/1671/4875
f 2310/1694/4876 2946/1696/4876 2311/1695/4876
f 2285/1594/4877 2946/1696/4877 2310/1694/4877
f 546/1591/4878 2311/1695/4878 2946/1696/4878
f 293/1697/4879 1596/1701/4879 2947/1698/4879
f 313/1700/4880 1533/1702/4880 2947/1698/4880
f 945/1699/4881 2947/1698/4881 1533/1702/4881
f 294/1704/4882 1531/1708/4882 2948/1705/4882
f 295/1707/4883 946/1709/4883 2948/1705/4883
f 2313/1706/4884 2948/1705/4884 946/1709/4884
f 2378/1711/4885 2949/1714/4885 1532/1712/4885
f 296/1713/4886 947/1715/4886 2949/1714/4886
f 1532/1712/4887 2949/1714/4887 947/1715/4887
f 297/1717/4888 1534/1721/4888 2950/1718/4888
f 1535/1720/4889 2950/1718/4889 1534/1721/4889
f 2314/1719/4890 2950/1718/4890 1535/1720/4890
f 557/1723/4891 1537/1727/4891 2951/1724/4891
f 298/1726/4892 948/1728/4892 2951/1724/4892
f 1539/1725/4893 2951/1724/4893 948/1728/4893
f 564/1716/4894 1540/1732/4894 2952/1730/4894
f 1539/1725/4895 2952/1730/4895 1540/1732/4895
f 563/1729/4896 2335/1731/4896 2952/1730/4896
f 1562/1733/4897 2953/1736/4897 2317/1734/4897
f 565/1722/4898 1565/1738/4898 2953/1736/4898
f 566/1737/4899 2317/1734/4899 2953/1736/4899
f 583/1739/4900 2320/1743/4900 2954/1740/4900
f 300/1742/4901 950/1744/4901 2954/1740/4901
f 2319/1741/4902 2954/1740/4902 950/1744/4902
f 319/1746/4903 2321/1750/4903 2955/1747/4903
f 1542/1749/4904 2955/1747/4904 2321/1750/4904
f 584/1752/4905 1617/1748/4905 2955/1747/4905
f 558/1751/4906 2322/1755/4906 2956/1753/4906
f 1543/1754/4907 2956/1753/4907 2322/1755/4907
f 1542/1749/4908 2956/1753/4908 1543/1754/4908
f 657/1757/4909 952/1761/4909 2957/1758/4909
f 1544/1760/4910 2957/1758/4910 952/1761/4910
f 322/1763/4911 2568/1759/4911 2957/1758/4911
f 2324/1764/4912 2958/1766/4912 1547/1765/4912
f 300/1742/4913 1546/1768/4913 2958/1766/4913
f 559/1767/4914 1547/1765/4914 2958/1766/4914
f 2325/1769/4915 2959/1773/4915 955/1770/4915
f 951/1771/4916 2959/1773/4916 2325/1769/4916
f 25/1756/4917 955/1770/4917 2959/1773/4917
f 2326/1774/4918 2960/1777/4918 1554/1775/4918
f 2325/1769/4919 2960/1777/4919 2326/1774/4919
f 562/1684/4920 1554/1775/4920 2960/1777/4920
f 1648/1778/4921 2961/1782/4921 1550/1779/4921
f 659/1781/4922 2572/1784/4922 2961/1782/4922
f 20/1783/4923 1550/1779/4923 2961/1782/4923
f 1552/1785/4924 2962/1787/4924 1522/1666/4924
f 561/1786/4925 953/1788/4925 2962/1787/4925
f 303/1577/4926 1522/1666/4926 2962/1787/4926
f 2327/1789/4927 2963/1792/4927 1521/1790/4927
f 954/1791/4928 2963/1792/4928 2327/1789/4928
f 561/1786/4929 1521/1790/4929 2963/1792/4929
f 2296/1640/4930 2964/1793/4930 2327/1789/4930
f 284/1642/4931 1556/1794/4931 2964/1793/4931
f 2327/1789/4932 2964/1793/4932 1556/1794/4932
f 2328/1795/4933 2965/1796/4933 955/1770/4933
f 1525/1680/4934 2965/1796/4934 2328/1795/4934
f 562/1684/4935 955/1770/4935 2965/1796/4935
f 562/1684/4936 2329/1681/4936 2966/1797/4936
f 1528/1798/4937 2966/1797/4937 2329/1681/4937
f 21/1776/4938 1554/1775/4938 2966/1797/4938
f 289/1658/4939 2299/1801/4939 2967/1799/4939
f 2328/1795/4940 2967/1799/4940 2299/1801/4940
f 1555/1800/4941 2967/1799/4941 2328/1795/4941
f 2331/1802/4942 2968/1804/4942 1557/1803/4942
f 563/1729/4943 948/1728/4943 2968/1804/4943
f 1557/1803/4944 2968/1804/4944 948/1728/4944
f 2332/1805/4945 2969/1807/4945 1556/1794/4945
f 949/1806/4946 2969/1807/4946 2332/1805/4946
f 304/1745/4947 1556/1794/4947 2969/1807/4947
f 566/1737/4948 2333/1811/4948 2970/1808/4948
f 1558/1810/4949 2970/1808/4949 2333/1811/4949
f 1566/1809/4950 2970/1808/4950 1558/1810/4950
f 2334/1812/4951 2971/1813/4951 2322/1755/4951
f 1555/1800/4952 2971/1813/4952 2334/1812/4952
f 25/1756/4953 2322/1755/4953 2971/1813/4953
f 548/1636/4954 932/1817/4954 2972/1814/4954
f 1559/1816/4955 2972/1814/4955 932/1817/4955
f 1561/1815/4956 2972/1814/4956 1559/1816/4956
f 935/1616/4957 2973/1820/4957 1564/1819/4957
f 279/1620/4958 2336/1821/4958 2973/1820/4958
f 1564/1819/4959 2973/1820/4959 2336/1821/4959
f 2338/1822/4960 2974/1824/4960 2337/1823/4960
f 564/1716/4961 1560/1825/4961 2974/1824/4961
f 277/1818/4962 2337/1823/4962 2974/1824/4962
f 276/1601/4963 2339/1828/4963 2975/1826/4963
f 2337/1823/4964 2975/1826/4964 2339/1828/4964
f 277/1818/4965 931/1827/4965 2975/1826/4965
f 2340/1829/4966 2976/1831/4966 1567/1830/4966
f 549/1617/4967 2291/1618/4967 2976/1831/4967
f 280/1614/4968 1567/1830/4968 2976/1831/4968
f 227/1200/4969 2341/1224/4969 2977/1832/4969
f 960/1834/4970 2977/1832/4970 2341/1224/4970
f 874/1833/4971 2977/1832/4971 960/1834/4971
f 945/1699/4972 2978/1836/4972 1571/1835/4972
f 567/1703/4973 1570/1837/4973 2978/1836/4973
f 308/1222/4974 1571/1835/4974 2978/1836/4974
f 568/1234/4975 2344/1841/4975 2979/1838/4975
f 1568/1840/4976 2979/1838/4976 2344/1841/4976
f 307/1710/4977 2343/1839/4977 2979/1838/4977
f 19/1235/4978 2345/1232/4978 2980/1843/4978
f 1572/1845/4979 2980/1843/4979 2345/1232/4979
f 295/1707/4980 2312/1844/4980 2980/1843/4980
f 306/1846/4981 2347/1850/4981 2981/1847/4981
f 1573/1849/4982 2981/1847/4982 2347/1850/4982
f 575/1851/4983 1585/1848/4983 2981/1847/4983
f 575/1851/4984 2349/1855/4984 2982/1852/4984
f 1575/1854/4985 2982/1852/4985 2349/1855/4985
f 2359/1853/4986 2982/1852/4986 1575/1854/4986
f 569/1607/4987 2350/1860/4987 2983/1857/4987
f 961/1859/4988 2983/1857/4988 2350/1860/4988
f 2351/1858/4989 2983/1857/4989 961/1859/4989
f 2352/1861/4990 2984/1864/4990 1576/1862/4990
f 281/1627/4991 1503/1865/4991 2984/1864/4991
f 549/1617/4992 1576/1862/4992 2984/1864/4992
f 312/1866/4993 2365/1869/4993 2985/1867/4993
f 309/1158/4994 1578/1870/4994 2985/1867/4994
f 1577/1868/4995 2985/1867/4995 1578/1870/4995
f 219/1149/4996 2353/1175/4996 2986/1871/4996
f 1586/1872/4997 2986/1871/4997 2353/1175/4997
f 574/1154/4998 2181/1153/4998 2986/1871/4998
f 223/1182/4999 2355/1875/4999 2987/1873/4999
f 2354/1874/5000 2987/1873/5000 2355/1875/5000
f 571/1197/5001 2357/1195/5001 2987/1873/5001
f 2356/1877/5002 2988/1878/5002 2354/1874/5002
f 1582/1213/5003 2988/1878/5003 2356/1877/5003
f 571/1197/5004 2354/1874/5004 2988/1878/5004
f 311/1173/5005 2358/1881/5005 2989/1879/5005
f 1584/1880/5006 2989/1879/5006 2358/1881/5006
f 1586/1872/5007 2989/1879/5007 1584/1880/5007
f 1587/1882/5008 2990/1884/5008 960/1834/5008
f 1583/1883/5009 2990/1884/5009 1587/1882/5009
f 18/1206/5010 960/1834/5010 2990/1884/5010
f 1569/1885/5011 2991/1886/5011 1587/1882/5011
f 306/1846/5012 1585/1848/5012 2991/1886/5012
f 1587/1882/5013 2991/1886/5013 1585/1848/5013
f 2360/1887/5014 2992/1889/5014 2361/1888/5014
f 572/1876/5015 2364/1890/5015 2992/1889/5015
f 2361/1888/5016 2992/1889/5016 2364/1890/5016
f 576/1164/5017 2366/1163/5017 2993/1891/5017
f 1592/1893/5018 2993/1891/5018 2366/1163/5018
f 312/1866/5019 964/1892/5019 2993/1891/5019
f 235/1261/5020 2369/1897/5020 2994/1894/5020
f 2368/1896/5021 2994/1894/5021 2369/1897/5021
f 876/1895/5022 2994/1894/5022 2368/1896/5022
f 2370/1899/5023 2995/1901/5023 2368/1896/5023
f 579/1900/5024 1593/1902/5024 2995/1901/5024
f 2368/1896/5025 2995/1901/5025 1593/1902/5025
f 578/1898/5026 1602/1905/5026 2996/1903/5026
f 1595/1904/5027 2996/1903/5027 1602/1905/5027
f 579/1900/5028 2370/1899/5028 2996/1903/5028
f 2371/1907/5029 2997/1909/5029 1597/1908/5029
f 293/1697/5030 1530/1910/5030 2997/1909/5030
f 556/1242/5031 1597/1908/5031 2997/1909/5031
f 231/1249/5032 2373/1914/5032 2998/1911/5032
f 1601/1913/5033 2998/1911/5033 2373/1914/5033
f 1600/1912/5034 2998/1911/5034 1601/1913/5034
f 580/1915/5035 2374/1918/5035 2999/1916/5035
f 1531/1708/5036 2999/1916/5036 2374/1918/5036
f 2375/1917/5037 2999/1916/5037 1531/1708/5037
f 2375/1917/5038 3000/1920/5038 2376/1919/5038
f 294/1704/5039 2380/1921/5039 3000/1920/5039
f 2376/1919/5040 3000/1920/5040 2380/1921/5040
f 315/1548/5041 2377/1925/5041 3001/1923/5041
f 316/1906/5042 1602/1905/5042 3001/1923/5042
f 1605/1924/5043 3001/1923/5043 1602/1905/5043
f 582/1922/5044 967/1928/5044 3002/1926/5044
f 617/1567/5045 1608/1566/5045 3002/1926/5045
f 1607/1927/5046 3002/1926/5046 1608/1566/5046
f 316/1906/5047 2381/1932/5047 3003/1929/5047
f 1609/1931/5048 3003/1929/5048 2381/1932/5048
f 581/1934/5049 966/1930/5049 3003/1929/5049
f 2382/1935/5050 3004/1938/5050 968/1936/5050
f 316/1906/5051 2377/1925/5051 3004/1938/5051
f 315/1548/5052 968/1936/5052 3004/1938/5052
f 2383/1939/5053 3005/1941/5053 1612/1940/5053
f 582/1922/5054 2379/1943/5054 3005/1941/5054
f 317/1942/5055 1612/1940/5055 3005/1941/5055
f 317/1942/5056 1613/1946/5056 3006/1944/5056
f 297/1717/5057 2316/1947/5057 3006/1944/5057
f 2385/1945/5058 3006/1944/5058 2316/1947/5058
f 2386/1948/5059 3007/1951/5059 1615/1949/5059
f 321/1950/5060 973/1952/5060 3007/1951/5060
f 322/1763/5061 1615/1949/5061 3007/1951/5061
f 2387/1953/5062 3008/1955/5062 2386/1948/5062
f 972/1954/5063 3008/1955/5063 2387/1953/5063
f 321/1950/5064 2386/1948/5064 3008/1955/5064
f 2389/1956/5065 3009/1957/5065 1546/1768/5065
f 322/1763/5066 2388/1958/5066 3009/1957/5066
f 559/1767/5067 1546/1768/5067 3009/1957/5067
f 584/1752/5068 2390/1961/5068 3010/1959/5068
f 2384/1960/5069 3010/1959/5069 2390/1961/5069
f 319/1746/5070 1617/1748/5070 3010/1959/5070
f 301/1772/5071 1620/1966/5071 3011/1963/5071
f 1619/1965/5072 3011/1963/5072 1620/1966/5072
f 584/1752/5073 2323/1964/5073 3011/1963/5073
f 266/1967/5074 1623/1971/5074 3012/1968/5074
f 1622/1970/5075 3012/1968/5075 1623/1971/5075
f 924/1969/5076 3012/1968/5076 1622/1970/5076
f 1625/1973/5077 3013/1975/5077 1622/1970/5077
f 585/1974/5078 1624/1976/5078 3013/1975/5078
f 1622/1970/5079 3013/1975/5079 1624/1976/5079
f 586/1556/5080 979/1980/5080 3014/1977/5080
f 1633/1979/5081 3014/1977/5081 979/1980/5081
f 2394/1978/5082 3014/1977/5082 1633/1979/5082
f 1634/1983/5083 3015/1988/5083 1627/1984/5083
f 978/1985/5084 3015/1988/5084 1634/1983/5084
f 324/1987/5085 1627/1984/5085 3015/1988/5085
f 607/1981/5086 1724/1990/5086 3016/1989/5086
f 608/1986/5087 1634/1983/5087 3016/1989/5087
f 1633/1979/5088 3016/1989/5088 1634/1983/5088
f 2392/1991/5089 3017/1993/5089 1635/1992/5089
f 585/1974/5090 1630/1994/5090 3017/1993/5090
f 325/1553/5091 1635/1992/5091 3017/1993/5091
f 26/1982/5092 2393/1997/5092 3018/1995/5092
f 1636/1996/5093 3018/1995/5093 2393/1997/5093
f 586/1556/5094 2394/1978/5094 3018/1995/5094
f 2396/1998/5095 3019/2001/5095 1638/1999/5095
f 327/2000/5096 2398/2002/5096 3019/2001/5096
f 1638/1999/5097 3019/2001/5097 2398/2002/5097
f 328/2003/5098 1641/2007/5098 3020/2004/5098
f 980/2006/5099 3020/2004/5099 1641/2007/5099
f 983/2005/5100 3020/2004/5100 980/2006/5100
f 270/2008/5101 2397/2012/5101 3021/2009/5101
f 982/2011/5102 3021/2009/5102 2397/2012/5102
f 1455/2010/5103 3021/2009/5103 982/2011/5103
f 269/1297/5104 1624/1976/5104 3022/2013/5104
f 1642/2015/5105 3022/2013/5105 1624/1976/5105
f 270/2008/5106 2274/2014/5106 3022/2013/5106
f 2399/2016/5107 3023/2018/5107 1643/2017/5107
f 328/2003/5108 983/2005/5108 3023/2018/5108
f 1643/2017/5109 3023/2018/5109 983/2005/5109
f 2399/2016/5110 3024/2020/5110 984/2019/5110
f 271/1541/5111 2400/1544/5111 3024/2020/5111
f 984/2019/5112 3024/2020/5112 2400/1544/5112
f 657/1757/5113 1879/2024/5113 3025/2021/5113
f 421/2023/5114 1644/2025/5114 3025/2021/5114
f 1646/2022/5115 3025/2021/5115 1644/2025/5115
f 422/2026/5116 1883/2029/5116 3026/2027/5116
f 659/1781/5117 2403/2030/5117 3026/2027/5117
f 1647/2028/5118 3026/2027/5118 2403/2030/5118
f 2402/2032/5119 3027/2035/5119 1553/2033/5119
f 1649/2034/5120 3027/2035/5120 2402/2032/5120
f 303/1577/5121 1553/2033/5121 3027/2035/5121
f 1665/2036/5122 3028/2040/5122 987/2037/5122
f 1651/2039/5123 3028/2040/5123 1665/2036/5123
f 587/1581/5124 987/2037/5124 3028/2040/5124
f 2405/2041/5125 3029/2045/5125 1653/2042/5125
f 1496/2043/5126 3029/2045/5126 2405/2041/5126
f 274/2031/5127 1653/2042/5127 3029/2045/5127
f 2409/2046/5128 3030/2051/5128 977/2047/5128
f 2408/2048/5129 3030/2051/5129 2409/2046/5129
f 367/2050/5130 977/2047/5130 3030/2051/5130
f 588/2052/5131 2406/2055/5131 3031/2053/5131
f 2409/2046/5132 3031/2053/5132 2406/2055/5132
f 974/2054/5133 3031/2053/5133 2409/2046/5133
f 332/2056/5134 2410/2059/5134 3032/2057/5134
f 330/2038/5135 986/2060/5135 3032/2057/5135
f 2407/2058/5136 3032/2057/5136 986/2060/5136
f 2412/2062/5137 3033/2066/5137 993/2063/5137
f 590/2065/5138 2411/2068/5138 3033/2066/5138
f 589/2067/5139 993/2063/5139 3033/2066/5139
f 1656/2069/5140 3034/2071/5140 2412/2062/5140
f 661/2070/5141 1657/2072/5141 3034/2071/5141
f 2412/2062/5142 3034/2071/5142 1657/2072/5142
f 334/1474/5143 2413/2075/5143 3035/2073/5143
f 332/2056/5144 1661/2076/5144 3035/2073/5144
f 919/2074/5145 3035/2073/5145 1661/2076/5145
f 2414/2077/5146 3036/2079/5146 1662/2078/5146
f 323/1972/5147 1623/1971/5147 3036/2079/5147
f 1662/2078/5148 3036/2079/5148 1623/1971/5148
f 2415/2080/5149 3037/2082/5149 1663/2081/5149
f 333/2064/5150 993/2063/5150 3037/2082/5150
f 1663/2081/5151 3037/2082/5151 993/2063/5151
f 532/2083/5152 2416/2086/5152 3038/2084/5152
f 589/2067/5153 992/2088/5153 3038/2084/5153
f 593/2087/5154 1666/2085/5154 3038/2084/5154
f 2417/2089/5155 3039/2090/5155 2415/2080/5155
f 324/1987/5156 975/2091/5156 3039/2090/5156
f 333/2064/5157 2415/2080/5157 3039/2090/5157
f 1469/2092/5158 3040/2094/5158 928/2093/5158
f 532/2083/5159 990/2095/5159 3040/2094/5159
f 928/2093/5160 3040/2094/5160 990/2095/5160
f 338/2096/5161 1670/2100/5161 3041/2097/5161
f 1668/2099/5162 3041/2097/5162 1670/2100/5162
f 337/2102/5163 996/2098/5163 3041/2097/5163
f 27/2101/5164 1673/2105/5164 3042/2103/5164
f 340/2104/5165 1669/2106/5165 3042/2103/5165
f 1668/2099/5166 3042/2103/5166 1669/2106/5166
f 1671/2107/5167 3043/2113/5167 2550/2108/5167
f 2545/2110/5168 3043/2113/5168 1671/2107/5168
f 650/2112/5169 2550/2108/5169 3043/2113/5169
f 2421/2114/5170 3044/2116/5170 1671/2107/5170
f 28/2115/5171 997/2117/5171 3044/2116/5171
f 1671/2107/5172 3044/2116/5172 997/2117/5172
f 343/2118/5173 2422/2122/5173 3045/2119/5173
f 2423/2121/5174 3045/2119/5174 2422/2122/5174
f 998/2120/5175 3045/2119/5175 2423/2121/5175
f 2423/2121/5176 3046/2127/5176 2424/2124/5176
f 1848/2125/5177 3046/2127/5177 2423/2121/5177
f 652/2126/5178 2424/2124/5178 3046/2127/5178
f 341/2128/5179 1674/2132/5179 3047/2129/5179
f 1675/2131/5180 3047/2129/5180 1674/2132/5180
f 2426/2130/5181 3047/2129/5181 1675/2131/5181
f 345/2134/5182 1679/2138/5182 3048/2135/5182
f 1678/2137/5183 3048/2135/5183 1679/2138/5183
f 1677/2136/5184 3048/2135/5184 1678/2137/5184
f 596/2140/5185 1685/2143/5185 3049/2141/5185
f 348/2139/5186 1679/2138/5186 3049/2141/5186
f 2429/2142/5187 3049/2141/5187 1679/2138/5187
f 1838/2144/5188 3050/2148/5188 1681/2145/5188
f 646/2147/5189 1682/2149/5189 3050/2148/5189
f 1681/2145/5190 3050/2148/5190 1682/2149/5190
f 342/2151/5191 999/2154/5191 3051/2152/5191
f 344/2146/5192 1680/2155/5192 3051/2152/5192
f 1683/2153/5193 3051/2152/5193 1680/2155/5193
f 1002/2157/5194 3052/2159/5194 1682/2149/5194
f 347/2158/5195 1008/2160/5195 3052/2159/5195
f 352/2150/5196 1682/2149/5196 3052/2159/5196
f 596/2140/5197 1004/2163/5197 3053/2161/5197
f 1686/2162/5198 3053/2161/5198 1004/2163/5198
f 348/2139/5199 1685/2143/5199 3053/2161/5199
f 353/2165/5200 2432/2169/5200 3054/2166/5200
f 1006/2168/5201 3054/2166/5201 2432/2169/5201
f 1007/2167/5202 3054/2166/5202 1006/2168/5202
f 1691/2171/5203 3055/2173/5203 1006/2168/5203
f 641/2172/5204 1005/2174/5204 3055/2173/5204
f 1006/2168/5205 3055/2173/5205 1005/2174/5205
f 351/2175/5206 2434/2179/5206 3056/2176/5206
f 1888/2178/5207 3056/2176/5207 2434/2179/5207
f 402/2181/5208 2437/2177/5208 3056/2176/5208
f 351/2175/5209 2437/2177/5209 3057/2182/5209
f 402/2181/5210 1814/2184/5210 3057/2182/5210
f 2436/2183/5211 3057/2182/5211 1814/2184/5211
f 2438/2186/5212 3058/2189/5212 1694/2187/5212
f 357/2188/5213 2458/2191/5213 3058/2189/5213
f 606/2190/5214 1694/2187/5214 3058/2189/5214
f 600/2192/5215 2440/2196/5215 3059/2193/5215
f 1700/2195/5216 3059/2193/5216 2440/2196/5216
f 596/2140/5217 1699/2194/5217 3059/2193/5217
f 1700/2195/5218 3060/2198/5218 1004/2163/5218
f 598/2197/5219 1696/2199/5219 3060/2198/5219
f 350/2164/5220 1004/2163/5220 3060/2198/5220
f 359/2200/5221 2441/2204/5221 3061/2201/5221
f 1690/2203/5222 3061/2201/5222 2441/2204/5222
f 353/2165/5223 1698/2202/5223 3061/2201/5223
f 1014/2206/5224 3062/2208/5224 2441/2204/5224
f 360/2207/5225 1702/2209/5225 3062/2208/5225
f 354/2205/5226 2441/2204/5226 3062/2208/5226
f 1705/2210/5227 3063/2213/5227 1015/2211/5227
f 354/2205/5228 1702/2209/5228 3063/2213/5228
f 360/2207/5229 1015/2211/5229 3063/2213/5229
f 2443/2214/5230 3064/2217/5230 1703/2215/5230
f 345/2134/5231 2442/2218/5231 3064/2217/5231
f 1703/2215/5232 3064/2217/5232 2442/2218/5232
f 601/2216/5233 2444/2221/5233 3065/2220/5233
f 2429/2142/5234 3065/2220/5234 2444/2221/5234
f 345/2134/5235 2443/2214/5235 3065/2220/5235
f 603/2219/5236 2442/2218/5236 3066/2222/5236
f 1001/2224/5237 3066/2222/5237 2442/2218/5237
f 2445/2223/5238 3066/2222/5238 1001/2224/5238
f 363/2225/5239 2447/2228/5239 3067/2226/5239
f 343/2118/5240 1710/2229/5240 3067/2226/5240
f 1019/2227/5241 3067/2226/5241 1710/2229/5241
f 362/2230/5242 1711/2233/5242 3068/2231/5242
f 342/2151/5243 1017/2234/5243 3068/2231/5243
f 1018/2232/5244 3068/2231/5244 1017/2234/5244
f 1000/2236/5245 3069/2237/5245 1710/2229/5245
f 342/2151/5246 1711/2233/5246 3069/2237/5246
f 362/2230/5247 1710/2229/5247 3069/2237/5247
f 604/2238/5248 2449/2241/5248 3070/2239/5248
f 28/2115/5249 1713/2242/5249 3070/2239/5249
f 1712/2240/5250 3070/2239/5250 1713/2242/5250
f 1021/2244/5251 3071/2247/5251 1020/2245/5251
f 340/2104/5252 1714/2248/5252 3071/2247/5252
f 1020/2245/5253 3071/2247/5253 1714/2248/5253
f 2451/2249/5254 3072/2253/5254 1717/2250/5254
f 615/2252/5255 1024/2254/5255 3072/2253/5255
f 1717/2250/5256 3072/2253/5256 1024/2254/5256
f 607/1981/5257 2453/2258/5257 3073/2255/5257
f 1754/2257/5258 3073/2255/5258 2453/2258/5258
f 1725/2256/5259 3073/2255/5259 1754/2257/5259
f 925/1558/5260 3074/2262/5260 979/1980/5260
f 1719/2261/5261 3074/2262/5261 925/1558/5261
f 607/1981/5262 979/1980/5262 3074/2262/5262
f 2454/2263/5263 3075/2266/5263 1720/2264/5263
f 605/2251/5264 2450/2267/5264 3075/2266/5264
f 367/2050/5265 1720/2264/5265 3075/2266/5265
f 355/2265/5266 2456/2270/5266 3076/2268/5266
f 612/2269/5267 1721/2271/5267 3076/2268/5267
f 2454/2263/5268 3076/2268/5268 1721/2271/5268
f 357/2188/5269 2457/2274/5269 3077/2272/5269
f 1722/2273/5270 3077/2272/5270 2457/2274/5270
f 606/2190/5271 2458/2191/5271 3077/2272/5271
f 1725/2256/5272 3078/2276/5272 2459/2275/5272
f 379/2260/5273 1023/2277/5273 3078/2276/5273
f 2459/2275/5274 3078/2276/5274 1023/2277/5274
f 606/2190/5275 2460/2281/5275 3079/2279/5275
f 613/2278/5276 2470/2282/5276 3079/2279/5276
f 2461/2280/5277 3079/2279/5277 2470/2282/5277
f 609/1561/5278 2463/2287/5278 3080/2284/5278
f 1753/2286/5279 3080/2284/5279 2463/2287/5279
f 1726/2285/5280 3080/2284/5280 1753/2286/5280
f 2464/2288/5281 3081/2291/5281 1730/2289/5281
f 611/2290/5282 995/2293/5282 3081/2291/5282
f 594/2292/5283 1730/2289/5283 3081/2291/5283
f 337/2102/5284 2466/2296/5284 3082/2294/5284
f 1731/2295/5285 3082/2294/5285 2466/2296/5285
f 338/2096/5286 996/2098/5286 3082/2294/5286
f 374/2297/5287 2473/2301/5287 3083/2298/5287
f 1737/2300/5288 3083/2298/5288 2473/2301/5288
f 2483/2299/5289 3083/2298/5289 1737/2300/5289
f 1737/2300/5290 3084/2304/5290 1023/2277/5290
f 1735/2303/5291 3084/2304/5291 1737/2300/5291
f 613/2278/5292 1023/2277/5292 3084/2304/5292
f 372/2305/5293 2471/2309/5293 3085/2306/5293
f 622/2308/5294 1029/2310/5294 3085/2306/5294
f 1738/2307/5295 3085/2306/5295 1029/2310/5295
f 375/2302/5296 2473/2301/5296 3086/2312/5296
f 374/2297/5297 1739/2314/5297 3086/2312/5297
f 2486/2313/5298 3086/2312/5298 1739/2314/5298
f 377/2316/5299 1742/2320/5299 3087/2317/5299
f 1740/2319/5300 3087/2317/5300 1742/2320/5300
f 1031/2318/5301 3087/2317/5301 1740/2319/5301
f 370/2322/5302 2475/2326/5302 3088/2323/5302
f 2478/2325/5303 3088/2323/5303 2475/2326/5303
f 2477/2324/5304 3088/2323/5304 2478/2325/5304
f 2477/2324/5305 3089/2330/5305 1729/2329/5305
f 365/2328/5306 1022/2331/5306 3089/2330/5306
f 611/2290/5307 1729/2329/5307 3089/2330/5307
f 2479/2332/5308 3090/2334/5308 968/1936/5308
f 614/2333/5309 1744/2335/5309 3090/2334/5309
f 968/1936/5310 3090/2334/5310 1744/2335/5310
f 30/2336/5311 2482/2340/5311 3091/2337/5311
f 971/2339/5312 3091/2337/5312 2482/2340/5312
f 1745/2338/5313 3091/2337/5313 971/2339/5313
f 1748/2341/5314 3092/2343/5314 1750/2342/5314
f 376/2327/5315 1747/2344/5315 3092/2343/5315
f 1750/2342/5316 3092/2343/5316 1747/2344/5316
f 373/2345/5317 2480/2348/5317 3093/2346/5317
f 1748/2341/5318 3093/2346/5318 2480/2348/5318
f 615/2252/5319 1749/2347/5319 3093/2346/5319
f 2481/2349/5320 3094/2350/5320 2483/2299/5320
f 1031/2318/5321 3094/2350/5321 2481/2349/5321
f 374/2297/5322 2483/2299/5322 3094/2350/5322
f 617/1567/5323 2482/2340/5323 3095/2351/5323
f 30/2336/5324 1752/2352/5324 3095/2351/5324
f 1753/2286/5325 3095/2351/5325 1752/2352/5325
f 1756/2353/5326 3096/2355/5326 2478/2325/5326
f 636/2354/5327 1755/2356/5327 3096/2355/5327
f 2478/2325/5328 3096/2355/5328 1755/2356/5328
f 377/2316/5329 2485/2359/5329 3097/2357/5329
f 1757/2358/5330 3097/2357/5330 2485/2359/5330
f 380/2321/5331 1742/2320/5331 3097/2357/5331
f 1037/2361/5332 3098/2364/5332 1759/2362/5332
f 393/2363/5333 2522/2366/5333 3098/2364/5333
f 619/2365/5334 1759/2362/5334 3098/2364/5334
f 1763/2367/5335 3099/2370/5335 1029/2310/5335
f 1760/2368/5336 3099/2370/5336 1763/2367/5336
f 620/2311/5337 1029/2310/5337 3099/2370/5337
f 621/2315/5338 1762/2374/5338 3100/2371/5338
f 1039/2373/5339 3100/2371/5339 1762/2374/5339
f 631/2376/5340 1761/2372/5340 3100/2371/5340
f 1769/2377/5341 3101/2381/5341 1767/2378/5341
f 623/2380/5342 1768/2382/5342 3101/2381/5342
f 622/2308/5343 1767/2378/5343 3101/2381/5343
f 1027/2383/5344 3102/2387/5344 2512/2384/5344
f 1770/2385/5345 3102/2387/5345 1027/2383/5345
f 384/2386/5346 2512/2384/5346 3102/2387/5346
f 385/2388/5347 2491/2392/5347 3103/2389/5347
f 1051/2391/5348 3103/2389/5348 2491/2392/5348
f 1041/2390/5349 3103/2389/5349 1051/2391/5349
f 1772/2395/5350 3104/2399/5350 2518/2396/5350
f 387/2398/5351 1775/2400/5351 3104/2399/5351
f 2518/2396/5352 3104/2399/5352 1775/2400/5352
f 604/2238/5353 1774/2405/5353 3105/2402/5353
f 2532/2404/5354 3105/2402/5354 1774/2405/5354
f 1042/2403/5355 3105/2402/5355 2532/2404/5355
f 604/2238/5356 2492/2408/5356 3106/2407/5356
f 1041/2390/5357 3106/2407/5357 2492/2408/5357
f 386/2394/5358 1774/2405/5358 3106/2407/5358
f 2493/2409/5359 3107/2410/5359 1775/2400/5359
f 363/2225/5360 2494/2411/5360 3107/2410/5360
f 624/2401/5361 1775/2400/5361 3107/2410/5361
f 2494/2411/5362 3108/2413/5362 1776/2412/5362
f 363/2225/5363 1780/2414/5363 3108/2413/5363
f 1776/2412/5364 3108/2413/5364 1780/2414/5364
f 603/2219/5365 1709/2419/5365 3109/2416/5365
f 1778/2418/5366 3109/2416/5366 1709/2419/5366
f 1777/2417/5367 3109/2416/5367 1778/2418/5367
f 602/2420/5368 2496/2423/5368 3110/2422/5368
f 388/2406/5369 2530/2424/5369 3110/2422/5369
f 1778/2418/5370 3110/2422/5370 2530/2424/5370
f 389/2415/5371 2497/2427/5371 3111/2425/5371
f 362/2230/5372 1779/2428/5372 3111/2425/5372
f 1043/2426/5373 3111/2425/5373 1779/2428/5373
f 1018/2232/5374 3112/2430/5374 1779/2428/5374
f 361/2235/5375 2498/2431/5375 3112/2430/5375
f 1779/2428/5376 3112/2430/5376 2498/2431/5376
f 2499/2432/5377 3113/2436/5377 1781/2433/5377
f 1782/2434/5378 3113/2436/5378 2499/2432/5378
f 626/2435/5379 1781/2433/5379 3113/2436/5379
f 2500/2437/5380 3114/2439/5380 1781/2433/5380
f 390/2438/5381 2508/2440/5381 3114/2439/5381
f 601/2216/5382 1781/2433/5382 3114/2439/5382
f 2501/2441/5383 3115/2445/5383 2503/2442/5383
f 2502/2443/5384 3115/2445/5384 2501/2441/5384
f 627/2444/5385 2503/2442/5385 3115/2445/5385
f 2506/2446/5386 3116/2448/5386 2440/2196/5386
f 391/2447/5387 2505/2449/5387 3116/2448/5387
f 2440/2196/5388 3116/2448/5388 2505/2449/5388
f 2508/2440/5389 3117/2451/5389 1701/2450/5389
f 390/2438/5390 2507/2452/5390 3117/2451/5390
f 1701/2450/5391 3117/2451/5391 2507/2452/5391
f 360/2207/5392 1785/2456/5392 3118/2453/5392
f 2509/2455/5393 3118/2453/5393 1785/2456/5393
f 1784/2454/5394 3118/2453/5394 2509/2455/5394
f 359/2200/5395 1789/2462/5395 3119/2459/5395
f 392/2461/5396 1786/2463/5396 3119/2459/5396
f 1787/2460/5397 3119/2459/5397 1786/2463/5397
f 359/2200/5398 2512/2384/5398 3120/2464/5398
f 1788/2465/5399 3120/2464/5399 2512/2384/5399
f 1789/2462/5400 3120/2464/5400 1788/2465/5400
f 382/2369/5401 1805/2469/5401 3121/2466/5401
f 1048/2468/5402 3121/2466/5402 1805/2469/5402
f 393/2363/5403 2513/2467/5403 3121/2466/5403
f 633/2471/5404 2514/2475/5404 3122/2472/5404
f 2519/2474/5405 3122/2472/5405 2514/2475/5405
f 1793/2473/5406 3122/2472/5406 2519/2474/5406
f 2516/2476/5407 3123/2479/5407 1794/2477/5407
f 635/2397/5408 1795/2480/5408 3123/2479/5408
f 1794/2477/5409 3123/2479/5409 1795/2480/5409
f 2519/2474/5410 3124/2485/5410 1797/2482/5410
f 1796/2483/5411 3124/2485/5411 2519/2474/5411
f 397/2484/5412 1797/2482/5412 3124/2485/5412
f 393/2363/5413 2523/2488/5413 3125/2486/5413
f 1801/2487/5414 3125/2486/5414 2523/2488/5414
f 619/2365/5415 2522/2366/5415 3125/2486/5415
f 638/2470/5416 1797/2482/5416 3126/2489/5416
f 397/2484/5417 2523/2488/5417 3126/2489/5417
f 1048/2468/5418 3126/2489/5418 2523/2488/5418
f 1803/2490/5419 3127/2493/5419 1802/2491/5419
f 381/2375/5420 1038/2494/5420 3127/2493/5420
f 380/2321/5421 1802/2491/5421 3127/2493/5421
f 637/2492/5422 2520/2497/5422 3128/2495/5422
f 632/2496/5423 1792/2498/5423 3128/2495/5423
f 1803/2490/5424 3128/2495/5424 1792/2498/5424
f 1804/2499/5425 3129/2500/5425 1769/2377/5425
f 382/2369/5426 2487/2501/5426 3129/2500/5426
f 1769/2377/5427 3129/2500/5427 2487/2501/5427
f 384/2386/5428 1806/2505/5428 3130/2502/5428
f 1791/2504/5429 3130/2502/5429 1806/2505/5429
f 1810/2503/5430 3130/2502/5430 1791/2504/5430
f 1811/2506/5431 3131/2508/5431 2526/2507/5431
f 391/2447/5432 1046/2509/5432 3131/2508/5432
f 2526/2507/5433 3131/2508/5433 1046/2509/5433
f 394/2478/5434 2527/2512/5434 3132/2510/5434
f 629/2457/5435 2525/2513/5435 3132/2510/5435
f 2515/2511/5436 3132/2510/5436 2525/2513/5436
f 2529/2514/5437 3133/2517/5437 1813/2515/5437
f 390/2438/5438 1044/2518/5438 3133/2517/5438
f 625/2421/5439 1813/2515/5439 3133/2517/5439
f 395/2516/5440 2517/2520/5440 3134/2519/5440
f 633/2471/5441 2526/2507/5441 3134/2519/5441
f 2529/2514/5442 3134/2519/5442 2526/2507/5442
f 388/2406/5443 1053/2522/5443 3135/2521/5443
f 1813/2515/5444 3135/2521/5444 1053/2522/5444
f 625/2421/5445 2530/2424/5445 3135/2521/5445
f 2534/2523/5446 3136/2525/5446 1052/2524/5446
f 389/2415/5447 1043/2426/5447 3136/2525/5447
f 399/2429/5448 1052/2524/5448 3136/2525/5448
f 396/2481/5449 2533/2527/5449 3137/2526/5449
f 624/2401/5450 1776/2412/5450 3137/2526/5450
f 2534/2523/5451 3137/2526/5451 1776/2412/5451
f 396/2481/5452 1795/2480/5452 3138/2528/5452
f 2518/2396/5453 3138/2528/5453 1795/2480/5453
f 624/2401/5454 2533/2527/5454 3138/2528/5454
f 402/2181/5455 1889/2532/5455 3139/2529/5455
f 660/2531/5456 1816/2533/5456 3139/2529/5456
f 1815/2530/5457 3139/2529/5457 1816/2533/5457
f 400/2534/5458 1816/2533/5458 3140/2535/5458
f 1858/2537/5459 3140/2535/5459 1816/2533/5459
f 1054/2536/5460 3140/2535/5460 1858/2537/5460
f 654/2539/5461 1056/2543/5461 3141/2540/5461
f 356/2542/5462 1817/2544/5462 3141/2540/5462
f 1818/2541/5463 3141/2540/5463 1817/2544/5463
f 1818/2541/5464 3142/2547/5464 1860/2546/5464
f 639/2545/5465 1057/2548/5465 3142/2547/5465
f 1860/2546/5466 3142/2547/5466 1057/2548/5466
f 401/2185/5467 1055/2553/5467 3143/2550/5467
f 1822/2552/5468 3143/2550/5468 1055/2553/5468
f 1821/2551/5469 3143/2550/5469 1822/2552/5469
f 1826/2555/5470 3144/2557/5470 1823/2556/5470
f 641/2172/5471 1824/2558/5471 3144/2557/5471
f 1823/2556/5472 3144/2557/5472 1824/2558/5472
f 643/2560/5473 1828/2564/5473 3145/2561/5473
f 1829/2563/5474 3145/2561/5474 1828/2564/5474
f 644/2566/5475 1830/2562/5475 3145/2561/5475
f 643/2560/5476 1830/2562/5476 3146/2567/5476
f 1832/2569/5477 3146/2567/5477 1830/2562/5477
f 405/2570/5478 1831/2568/5478 3146/2567/5478
f 349/2565/5479 1819/2573/5479 3147/2571/5479
f 404/2572/5480 2538/2574/5480 3147/2571/5480
f 1829/2563/5481 3147/2571/5481 2538/2574/5481
f 644/2566/5482 2538/2574/5482 3148/2575/5482
f 1059/2576/5483 3148/2575/5483 2538/2574/5483
f 1832/2569/5484 3148/2575/5484 1059/2576/5484
f 2539/2577/5485 3149/2580/5485 1833/2578/5485
f 648/2579/5486 1840/2581/5486 3149/2580/5486
f 595/2133/5487 1833/2578/5487 3149/2580/5487
f 1002/2157/5488 3150/2583/5488 1834/2582/5488
f 646/2147/5489 2540/2585/5489 3150/2583/5489
f 645/2584/5490 1834/2582/5490 3150/2583/5490
f 2540/2585/5491 3151/2587/5491 1835/2586/5491
f 646/2147/5492 1836/2589/5492 3151/2587/5492
f 656/2588/5493 1835/2586/5493 3151/2587/5493
f 642/2590/5494 1058/2593/5494 3152/2591/5494
f 347/2158/5495 1834/2582/5495 3152/2591/5495
f 1837/2592/5496 3152/2591/5496 1834/2582/5496
f 2541/2594/5497 3153/2597/5497 1836/2589/5497
f 1871/2595/5498 3153/2597/5498 2541/2594/5498
f 656/2588/5499 1836/2589/5499 3153/2597/5499
f 1837/2592/5500 3154/2599/5500 1870/2598/5500
f 645/2584/5501 1835/2586/5501 3154/2599/5501
f 1870/2598/5502 3154/2599/5502 1835/2586/5502
f 2542/2600/5503 3155/2603/5503 1839/2601/5503
f 649/2602/5504 1841/2604/5504 3155/2603/5504
f 1839/2601/5505 3155/2603/5505 1841/2604/5505
f 1840/2581/5506 3156/2605/5506 1675/2131/5506
f 648/2579/5507 1839/2601/5507 3156/2605/5507
f 1675/2131/5508 3156/2605/5508 1839/2601/5508
f 647/2111/5509 2544/2608/5509 3157/2606/5509
f 651/2607/5510 2548/2609/5510 3157/2606/5510
f 2545/2110/5511 3157/2606/5511 2548/2609/5511
f 339/2123/5512 2546/2613/5512 3158/2610/5512
f 409/2612/5513 1061/2614/5513 3158/2610/5513
f 1844/2611/5514 3158/2610/5514 1061/2614/5514
f 650/2112/5515 2548/2609/5515 3159/2616/5515
f 2549/2618/5516 3159/2616/5516 2548/2609/5516
f 2547/2617/5517 3159/2616/5517 2549/2618/5517
f 1063/2620/5518 3160/2622/5518 2549/2618/5518
f 408/2621/5519 2551/2623/5519 3160/2622/5519
f 2549/2618/5520 3160/2622/5520 2551/2623/5520
f 27/2101/5521 2553/2626/5521 3161/2624/5521
f 410/2625/5522 1846/2627/5522 3161/2624/5522
f 1848/2125/5523 3161/2624/5523 1846/2627/5523
f 653/2619/5524 2551/2623/5524 3162/2628/5524
f 408/2621/5525 1851/2630/5525 3162/2628/5525
f 1850/2629/5526 3162/2628/5526 1851/2630/5526
f 411/2632/5527 1065/2635/5527 3163/2633/5527
f 410/2625/5528 1855/2636/5528 3163/2633/5528
f 1854/2634/5529 3163/2633/5529 1855/2636/5529
f 27/2101/5530 1670/2100/5530 3164/2638/5530
f 1853/2639/5531 3164/2638/5531 1670/2100/5531
f 410/2625/5532 2553/2626/5532 3164/2638/5532
f 2554/2640/5533 3165/2643/5533 1861/2641/5533
f 415/2642/5534 1857/2644/5534 3165/2643/5534
f 408/2621/5535 1861/2641/5535 3165/2643/5535
f 2556/2645/5536 3166/2647/5536 1860/2546/5536
f 658/2646/5537 2558/2648/5537 3166/2647/5537
f 1860/2546/5538 3166/2647/5538 2558/2648/5538
f 416/2549/5539 2557/2651/5539 3167/2649/5539
f 420/2650/5540 1069/2652/5540 3167/2649/5540
f 658/2646/5541 2556/2645/5541 3167/2649/5541
f 408/2621/5542 2559/2655/5542 3168/2653/5542
f 417/2654/5543 1862/2656/5543 3168/2653/5543
f 1861/2641/5544 3168/2653/5544 1862/2656/5544
f 409/2612/5545 1064/2660/5545 3169/2657/5545
f 2562/2659/5546 3169/2657/5546 1064/2660/5546
f 1074/2658/5547 3169/2657/5547 2562/2659/5547
f 418/2661/5548 2562/2659/5548 3170/2662/5548
f 411/2632/5549 1070/2664/5549 3170/2662/5549
f 1865/2663/5550 3170/2662/5550 1070/2664/5550
f 417/2654/5551 2563/2667/5551 3171/2665/5551
f 405/2570/5552 1059/2576/5552 3171/2665/5552
f 1072/2666/5553 3171/2665/5553 1059/2576/5553
f 649/2602/5554 1866/2671/5554 3172/2668/5554
f 1071/2670/5555 3172/2668/5555 1866/2671/5555
f 2543/2669/5556 3172/2668/5556 1071/2670/5556
f 656/2588/5557 2564/2673/5557 3173/2672/5557
f 418/2661/5558 1073/2674/5558 3173/2672/5558
f 1870/2598/5559 3173/2672/5559 1073/2674/5559
f 1869/2675/5560 3174/2677/5560 1868/2676/5560
f 418/2661/5561 2564/2673/5561 3174/2677/5561
f 656/2588/5562 1868/2676/5562 3174/2677/5562
f 407/2596/5563 1062/2679/5563 3175/2678/5563
f 406/2615/5564 1868/2676/5564 3175/2678/5564
f 1871/2595/5565 3175/2678/5565 1868/2676/5565
f 1869/2675/5566 3176/2680/5566 1074/2658/5566
f 406/2615/5567 1061/2614/5567 3176/2680/5567
f 1074/2658/5568 3176/2680/5568 1061/2614/5568
f 2565/2681/5569 3177/2682/5569 973/1952/5569
f 419/2631/5570 1075/2683/5570 3177/2682/5570
f 322/1763/5571 973/1952/5571 3177/2682/5571
f 369/2684/5572 2465/2688/5572 3178/2685/5572
f 1872/2687/5573 3178/2685/5573 2465/2688/5573
f 321/1950/5574 2566/2686/5574 3178/2685/5574
f 594/2292/5575 1852/2691/5575 3179/2689/5575
f 1849/2690/5576 3179/2689/5576 1852/2691/5576
f 1872/2687/5577 3179/2689/5577 1849/2690/5577
f 2567/2692/5578 3180/2694/5578 1879/2024/5578
f 414/2693/5579 1881/2695/5579 3180/2694/5579
f 1879/2024/5580 3180/2694/5580 1881/2695/5580
f 419/2631/5581 2569/2698/5581 3181/2696/5581
f 415/2642/5582 1878/2699/5582 3181/2696/5582
f 1880/2697/5583 3181/2696/5583 1878/2699/5583
f 2555/2700/5584 3182/2701/5584 1881/2695/5584
f 660/2531/5585 2574/2702/5585 3182/2701/5585
f 1881/2695/5586 3182/2701/5586 2574/2702/5586
f 658/2646/5587 2570/2705/5587 3183/2703/5587
f 1883/2029/5588 3183/2703/5588 2570/2705/5588
f 2573/2704/5589 3183/2703/5589 1883/2029/5589
f 420/2650/5590 1877/2708/5590 3184/2706/5590
f 413/2637/5591 2571/2709/5591 3184/2706/5591
f 1882/2707/5592 3184/2706/5592 2571/2709/5592
f 654/2539/5593 2558/2648/5593 3185/2710/5593
f 2573/2704/5594 3185/2710/5594 2558/2648/5594
f 1894/2711/5595 3185/2710/5595 2573/2704/5595
f 331/2049/5596 991/2714/5596 3186/2712/5596
f 22/2061/5597 1885/2715/5597 3186/2712/5597
f 1884/2713/5598 3186/2712/5598 1885/2715/5598
f 590/2065/5599 1657/2072/5599 3187/2716/5599
f 661/2070/5600 1891/2718/5600 3187/2716/5600
f 1890/2717/5601 3187/2716/5601 1891/2718/5601
f 1892/2719/5602 3188/2721/5602 2575/2720/5602
f 357/2188/5603 1012/2722/5603 3188/2721/5603
f 2575/2720/5604 3188/2721/5604 1012/2722/5604
f 1896/2723/5605 3189/2725/5605 662/2724/5605
f 31/3/5606 1895/2/5606 3189/2725/5606
f 662/2724/5607 3189/2725/5607 1895/2/5607
f 1077/11/5608 3190/2726/5608 1942/250/5608
f 440/13/5609 666/2727/5609 3190/2726/5609
f 1942/250/5610 3190/2726/5610 666/2727/5610
f 32/6/5611 664/7/5611 3191/2728/5611
f 1079/22/5612 3191/2728/5612 664/7/5612
f 1897/15/5613 3191/2728/5613 1079/22/5613
f 1081/29/5614 3192/2729/5614 1082/35/5614
f 665/10/5615 3192/2729/5615 1081/29/5615
f 33/14/5616 1082/35/5616 3192/2729/5616
f 1/4/5617 671/2731/5617 3193/2730/5617
f 38/43/5618 1899/42/5618 3193/2730/5618
f 1898/37/5619 3193/2730/5619 1899/42/5619
f 38/43/5620 680/68/5620 3194/2732/5620
f 1908/82/5621 3194/2732/5621 680/68/5621
f 1900/41/5622 3194/2732/5622 1908/82/5622
f 1084/50/5623 3195/2733/5623 1086/56/5623
f 423/52/5624 1085/2734/5624 3195/2733/5624
f 424/8/5625 1086/56/5625 3195/2733/5625
f 676/98/5626 3196/2735/5626 1083/51/5626
f 1087/77/5627 3196/2735/5627 676/98/5627
f 423/52/5628 1083/51/5628 3196/2735/5628
f 31/3/5629 731/305/5629 3197/2736/5629
f 88/66/5630 1088/2737/5630 3197/2736/5630
f 663/1/5631 3197/2736/5631 1088/2737/5631
f 1/4/5632 1088/2737/5632 3198/2738/5632
f 1089/65/5633 3198/2738/5633 1088/2737/5633
f 38/43/5634 671/2731/5634 3198/2738/5634
f 423/52/5635 677/78/5635 3199/2739/5635
f 1090/2740/5636 3199/2739/5636 677/78/5636
f 424/8/5637 1085/2734/5637 3199/2739/5637
f 1090/2740/5638 3200/2741/5638 1902/12/5638
f 43/80/5639 1955/2742/5639 3200/2741/5639
f 440/13/5640 1902/12/5640 3200/2741/5640
f 1091/2743/5641 3201/2744/5641 1904/64/5641
f 425/59/5642 1903/58/5642 3201/2744/5642
f 1904/64/5643 3201/2744/5643 1903/58/5643
f 1092/72/5644 3202/2745/5644 1905/79/5644
f 46/73/5645 1145/2746/5645 3202/2745/5645
f 1905/79/5646 3202/2745/5646 1145/2746/5646
f 679/60/5647 3203/2747/5647 1907/86/5647
f 51/61/5648 1911/100/5648 3203/2747/5648
f 1907/86/5649 3203/2747/5649 1911/100/5649
f 687/113/5650 3204/2748/5650 1909/90/5650
f 45/71/5651 681/70/5651 3204/2748/5651
f 1909/90/5652 3204/2748/5652 681/70/5652
f 51/61/5653 688/123/5653 3205/2749/5653
f 427/109/5654 1095/108/5654 3205/2749/5654
f 1910/99/5655 3205/2749/5655 1095/108/5655
f 1097/2750/5656 3206/2751/5656 1098/114/5656
f 428/130/5657 693/132/5657 3206/2751/5657
f 45/71/5658 1098/114/5658 3206/2751/5658
f 56/170/5659 1096/2754/5659 3207/2752/5659
f 1097/2750/5660 3207/2752/5660 1096/2754/5660
f 55/110/5661 692/2753/5661 3207/2752/5661
f 425/59/5662 678/2756/5662 3208/2755/5662
f 2/117/5663 1099/121/5663 3208/2755/5663
f 1913/57/5664 3208/2755/5664 1099/121/5664
f 1103/133/5665 3209/2757/5665 682/69/5665
f 58/129/5666 1104/2758/5666 3209/2757/5666
f 46/73/5667 682/69/5667 3209/2757/5667
f 85/197/5668 1950/2760/5668 3210/2759/5668
f 438/149/5669 1105/146/5669 3210/2759/5669
f 1916/195/5670 3210/2759/5670 1105/146/5670
f 1107/2761/5671 3211/2763/5671 1917/154/5671
f 61/2762/5672 700/2764/5672 3211/2763/5672
f 1917/154/5673 3211/2763/5673 700/2764/5673
f 1108/161/5674 3212/2766/5674 1107/2761/5674
f 699/2765/5675 3212/2766/5675 1108/161/5675
f 61/2762/5676 1107/2761/5676 3212/2766/5676
f 1110/152/5677 3213/2767/5677 1922/168/5677
f 428/130/5678 1096/2754/5678 3213/2767/5678
f 1922/168/5679 3213/2767/5679 1096/2754/5679
f 703/198/5680 3214/2768/5680 1923/185/5680
f 1920/163/5681 3214/2768/5681 703/198/5681
f 63/167/5682 1923/185/5682 3214/2768/5682
f 1111/2769/5683 3215/2771/5683 1919/156/5683
f 66/2770/5684 706/2772/5684 3215/2771/5684
f 1919/156/5685 3215/2771/5685 706/2772/5685
f 1112/175/5686 3216/2774/5686 1111/2769/5686
f 705/2773/5687 3216/2774/5687 1112/175/5687
f 66/2770/5688 1111/2769/5688 3216/2774/5688
f 69/206/5689 709/2776/5689 3217/2775/5689
f 1925/179/5690 3217/2775/5690 709/2776/5690
f 1927/222/5691 3217/2775/5691 1925/179/5691
f 1928/191/5692 3218/3831/5692 697/145/5692
f 1109/157/5693 3218/3831/5693 1928/191/5693
f 697/145/5694 3218/3831/5694 1109/157/5694
f 69/206/5695 1114/2779/5695 3219/2777/5695
f 1115/2778/5696 3219/2777/5696 1114/2779/5696
f 70/180/5697 709/2776/5697 3219/2777/5697
f 431/270/5698 1116/2781/5698 3220/2780/5698
f 85/197/5699 1117/196/5699 3220/2780/5699
f 1115/2778/5700 3220/2780/5700 1117/196/5700
f 1118/247/5701 3221/2782/5701 1930/202/5701
f 432/210/5702 1119/212/5702 3221/2782/5702
f 64/172/5703 1930/202/5703 3221/2782/5703
f 435/205/5704 1131/2784/5704 3222/2783/5704
f 431/270/5705 1114/2779/5705 3222/2783/5705
f 1931/203/5706 3222/2783/5706 1114/2779/5706
f 1120/213/5707 3223/2785/5707 1924/176/5707
f 74/215/5708 714/2786/5708 3223/2785/5708
f 65/177/5709 1924/176/5709 3223/2785/5709
f 1122/2787/5710 3224/2789/5710 1121/214/5710
f 73/2788/5711 713/2790/5711 3224/2789/5711
f 1121/214/5712 3224/2789/5712 713/2790/5712
f 434/208/5713 711/209/5713 3225/2791/5713
f 69/206/5714 1123/223/5714 3225/2791/5714
f 1932/216/5715 3225/2791/5715 1123/223/5715
f 1124/229/5716 3226/2793/5716 1122/2787/5716
f 720/2792/5717 3226/2793/5717 1124/229/5717
f 73/2788/5718 1122/2787/5718 3226/2793/5718
f 1126/234/5719 3227/2794/5719 1125/230/5719
f 35/19/5720 719/2795/5720 3227/2794/5720
f 78/231/5721 1125/230/5721 3227/2794/5721
f 433/237/5722 1127/256/5722 3228/2796/5722
f 1936/241/5723 3228/2796/5723 1127/256/5723
f 1935/235/5724 3228/2796/5724 1936/241/5724
f 33/14/5725 1938/253/5725 3229/2797/5725
f 433/237/5726 1934/236/5726 3229/2797/5726
f 1937/34/5727 3229/2797/5727 1934/236/5727
f 1939/2798/5728 3230/2799/5728 1940/248/5728
f 717/228/5729 3230/2799/5729 1939/2798/5729
f 432/210/5730 1940/248/5730 3230/2799/5730
f 662/2724/5731 3231/2800/5731 1939/2798/5731
f 32/6/5732 718/233/5732 3231/2800/5732
f 77/226/5733 1939/2798/5733 3231/2800/5733
f 83/251/5734 1944/260/5734 3232/2801/5734
f 435/205/5735 712/204/5735 3232/2801/5735
f 1941/254/5736 3232/2801/5736 712/204/5736
f 72/199/5737 724/265/5737 3233/2802/5737
f 82/263/5738 1943/2803/5738 3233/2802/5738
f 723/246/5739 3233/2802/5739 1943/2803/5739
f 1131/2784/5740 3234/2804/5740 1946/274/5740
f 1132/258/5741 3234/2804/5741 1131/2784/5741
f 93/261/5742 1946/274/5742 3234/2804/5742
f 71/188/5743 1133/269/5743 3235/2805/5743
f 1134/2806/5744 3235/2805/5744 1133/269/5744
f 1945/262/5745 3235/2805/5745 1134/2806/5745
f 1116/2781/5746 3236/2808/5746 1135/2807/5746
f 1948/272/5747 3236/2808/5747 1116/2781/5747
f 84/275/5748 1135/2807/5748 3236/2808/5748
f 698/151/5749 3237/2810/5749 726/302/5749
f 1139/2809/5750 3237/2810/5750 698/151/5750
f 87/303/5751 726/302/5751 3237/2810/5751
f 87/303/5752 1139/2809/5752 3238/2811/5752
f 438/149/5753 1950/2760/5753 3238/2811/5753
f 1140/2812/5754 3238/2811/5754 1950/2760/5754
f 1140/2812/5755 3239/2813/5755 725/329/5755
f 85/197/5756 1135/2807/5756 3239/2813/5756
f 84/275/5757 725/329/5757 3239/2813/5757
f 694/115/5758 3240/2814/5758 1951/292/5758
f 1141/285/5759 3240/2814/5759 694/115/5759
f 90/289/5760 1951/292/5760 3240/2814/5760
f 91/298/5761 1142/297/5761 3241/2815/5761
f 695/128/5762 3241/2815/5762 1142/297/5762
f 1952/299/5763 3241/2815/5763 695/128/5763
f 678/2756/5764 3242/2816/5764 727/287/5764
f 425/59/5765 1143/2817/5765 3242/2816/5765
f 439/288/5766 727/287/5766 3242/2816/5766
f 441/295/5767 1953/2819/5767 3243/2818/5767
f 46/73/5768 1104/2758/5768 3243/2818/5768
f 730/293/5769 3243/2818/5769 1104/2758/5769
f 1091/2743/5770 3244/2820/5770 1143/2817/5770
f 1954/313/5771 3244/2820/5771 1091/2743/5771
f 439/288/5772 1143/2817/5772 3244/2820/5772
f 441/295/5773 1144/315/5773 3245/2821/5773
f 1145/2746/5774 3245/2821/5774 1144/315/5774
f 1953/2819/5775 3245/2821/5775 1145/2746/5775
f 1896/2723/5776 3246/2823/5776 1146/307/5776
f 1129/2822/5777 3246/2823/5777 1896/2723/5777
f 444/308/5778 1146/307/5778 3246/2823/5778
f 89/333/5779 1967/332/5779 3247/2824/5779
f 666/2727/5780 3247/2824/5780 1967/332/5780
f 1957/2825/5781 3247/2824/5781 666/2727/5781
f 1147/306/5782 3248/2826/5782 1956/310/5782
f 444/308/5783 1153/2827/5783 3248/2826/5783
f 1956/310/5784 3248/2826/5784 1153/2827/5784
f 440/13/5785 1955/2742/5785 3249/2828/5785
f 1148/2829/5786 3249/2828/5786 1955/2742/5786
f 1957/2825/5787 3249/2828/5787 1148/2829/5787
f 1958/2830/5788 3250/2831/5788 1959/316/5788
f 89/333/5789 1148/2829/5789 3250/2831/5789
f 1959/316/5790 3250/2831/5790 1148/2829/5790
f 441/295/5791 729/294/5791 3251/2832/5791
f 734/325/5792 3251/2832/5792 729/294/5792
f 92/318/5793 1960/317/5793 3251/2832/5793
f 90/289/5794 733/320/5794 3252/2833/5794
f 1149/323/5795 3252/2833/5795 733/320/5795
f 1962/291/5796 3252/2833/5796 1149/323/5796
f 82/263/5797 1134/2806/5797 3253/2834/5797
f 443/267/5798 1151/322/5798 3253/2834/5798
f 1152/2835/5799 3253/2834/5799 1151/322/5799
f 1964/327/5800 3254/2837/5800 1966/2836/5800
f 84/275/5801 1965/273/5801 3254/2837/5801
f 93/261/5802 1966/2836/5802 3254/2837/5802
f 81/244/5803 1943/2803/5803 3255/2838/5803
f 1154/2839/5804 3255/2838/5804 1943/2803/5804
f 1129/2822/5805 3255/2838/5805 1154/2839/5805
f 1153/2827/5806 3256/2840/5806 1152/2835/5806
f 444/308/5807 1154/2839/5807 3256/2840/5807
f 1152/2835/5808 3256/2840/5808 1154/2839/5808
f 1968/331/5809 3257/2841/5809 1966/2836/5809
f 89/333/5810 1958/2830/5810 3257/2841/5810
f 1966/2836/5811 3257/2841/5811 1958/2830/5811
f 95/354/5812 1157/361/5812 3258/2842/5812
f 739/2844/5813 3258/2842/5813 1157/361/5813
f 738/2843/5814 3258/2842/5814 739/2844/5814
f 741/2845/5815 3259/2847/5815 1158/2846/5815
f 468/620/5816 737/622/5816 3259/2847/5816
f 445/334/5817 1158/2846/5817 3259/2847/5817
f 1158/2846/5818 3260/2848/5818 1970/350/5818
f 1155/336/5819 3260/2848/5819 1158/2846/5819
f 94/340/5820 1970/350/5820 3260/2848/5820
f 98/374/5821 744/2851/5821 3261/2849/5821
f 99/1358/5822 1159/2852/5822 3261/2849/5822
f 743/2850/5823 3261/2849/5823 1159/2852/5823
f 97/353/5824 1159/2852/5824 3262/2853/5824
f 99/1358/5825 745/2854/5825 3262/2853/5825
f 1973/358/5826 3262/2853/5826 745/2854/5826
f 1163/370/5827 3263/2856/5827 742/2855/5827
f 743/2850/5828 3263/2856/5828 1163/370/5828
f 97/353/5829 742/2855/5829 3263/2856/5829
f 105/386/5830 750/848/5830 3264/2857/5830
f 106/846/5831 1258/2858/5831 3264/2857/5831
f 1166/384/5832 3264/2857/5832 1258/2858/5832
f 1167/2859/5833 3265/2861/5833 1169/2860/5833
f 449/842/5834 1168/2862/5834 3265/2861/5834
f 450/1451/5835 1169/2860/5835 3265/2861/5835
f 103/373/5836 1169/2860/5836 3266/2863/5836
f 1976/2864/5837 3266/2863/5837 1169/2860/5837
f 104/380/5838 748/379/5838 3266/2863/5838
f 754/2865/5839 3267/2868/5839 1173/2866/5839
f 755/2867/5840 3267/2868/5840 754/2865/5840
f 452/405/5841 1173/2866/5841 3267/2868/5841
f 751/390/5842 3268/2869/5842 1978/404/5842
f 108/392/5843 1173/2866/5843 3268/2869/5843
f 452/405/5844 1978/404/5844 3268/2869/5844
f 109/409/5845 756/2873/5845 3269/2870/5845
f 1414/2872/5846 3269/2870/5846 756/2873/5846
f 1979/2871/5847 3269/2870/5847 1414/2872/5847
f 109/409/5848 1979/2871/5848 3270/2874/5848
f 239/396/5849 1172/395/5849 3270/2874/5849
f 1980/407/5850 3270/2874/5850 1172/395/5850
f 755/2867/5851 3271/2875/5851 1235/596/5851
f 6/418/5852 1175/416/5852 3271/2875/5852
f 135/417/5853 1235/596/5853 3271/2875/5853
f 517/415/5854 757/432/5854 3272/2876/5854
f 1221/581/5855 3272/2876/5855 757/432/5855
f 1981/413/5856 3272/2876/5856 1221/581/5856
f 134/425/5857 1176/2879/5857 3273/2877/5857
f 112/1271/5858 756/2873/5858 3273/2877/5858
f 2023/2878/5859 3273/2877/5859 756/2873/5859
f 758/2880/5860 3274/2881/5860 1982/424/5860
f 112/1271/5861 1176/2879/5861 3274/2881/5861
f 1982/424/5862 3274/2881/5862 1176/2879/5862
f 518/1256/5863 2206/1255/5863 3275/2882/5863
f 1178/422/5864 3275/2882/5864 2206/1255/5864
f 464/426/5865 1177/2883/5865 3275/2882/5865
f 1179/2884/5866 3276/2885/5866 1181/441/5866
f 518/1256/5867 1177/2883/5867 3276/2885/5867
f 464/426/5868 1181/441/5868 3276/2885/5868
f 113/435/5869 1180/448/5869 3277/2886/5869
f 760/585/5870 3277/2886/5870 1180/448/5870
f 1984/433/5871 3277/2886/5871 760/585/5871
f 1185/1228/5872 3278/2888/5872 1988/2887/5872
f 1985/439/5873 3278/2888/5873 1185/1228/5873
f 114/442/5874 1988/2887/5874 3278/2888/5874
f 1184/2889/5875 3279/2891/5875 1989/2890/5875
f 114/442/5876 1986/578/5876 3279/2891/5876
f 130/557/5877 1989/2890/5877 3279/2891/5877
f 224/476/5878 1991/475/5878 3280/2892/5878
f 454/457/5879 1186/456/5879 3280/2892/5879
f 1990/2893/5880 3280/2892/5880 1186/456/5880
f 1992/455/5881 3281/2894/5881 1182/450/5881
f 454/457/5882 1187/469/5882 3281/2894/5882
f 120/451/5883 1182/450/5883 3281/2894/5883
f 117/501/5884 1196/2896/5884 3282/2895/5884
f 118/465/5885 1993/2897/5885 3282/2895/5885
f 1184/2889/5886 3282/2895/5886 1993/2897/5886
f 1188/462/5887 3283/2898/5887 1993/2897/5887
f 116/464/5888 1988/2887/5888 3283/2898/5888
f 1993/2897/5889 3283/2898/5889 1988/2887/5889
f 119/473/5890 1192/482/5890 3284/2899/5890
f 1189/2900/5891 3284/2899/5891 1192/482/5891
f 1995/471/5892 3284/2899/5892 1189/2900/5892
f 455/480/5893 1190/511/5893 3285/2901/5893
f 456/468/5894 1191/467/5894 3285/2901/5894
f 1189/2900/5895 3285/2901/5895 1191/467/5895
f 456/468/5896 1201/515/5896 3286/2902/5896
f 2011/2904/5897 3286/2902/5897 1201/515/5897
f 460/544/5898 1193/2903/5898 3286/2902/5898
f 1193/2903/5899 3287/2905/5899 1997/466/5899
f 460/544/5900 764/553/5900 3287/2905/5900
f 1997/466/5901 3287/2905/5901 764/553/5901
f 1195/486/5902 3288/2906/5902 1197/499/5902
f 118/465/5903 1196/2896/5903 3288/2906/5903
f 1197/499/5904 3288/2906/5904 1196/2896/5904
f 512/1176/5905 2194/2909/5905 3289/2907/5905
f 1194/491/5906 3289/2907/5906 2194/2909/5906
f 457/483/5907 1205/2908/5907 3289/2907/5907
f 766/2910/5908 3290/2911/5908 1999/492/5908
f 1198/461/5909 3290/2911/5909 766/2910/5909
f 118/465/5910 1999/492/5910 3290/2911/5910
f 218/505/5911 1200/526/5911 3291/2912/5911
f 123/509/5912 1199/508/5912 3291/2912/5912
f 2001/503/5913 3291/2912/5913 1199/508/5913
f 459/521/5914 1203/2914/5914 3292/2913/5914
f 2004/494/5915 3292/2913/5915 1203/2914/5915
f 467/498/5916 2009/539/5916 3292/2913/5916
f 1204/519/5917 3293/2915/5917 1203/2914/5917
f 457/483/5918 1202/485/5918 3293/2915/5918
f 458/488/5919 1203/2914/5919 3293/2915/5919
f 1390/2916/5920 3294/2917/5920 2003/520/5920
f 512/1176/5921 1205/2908/5921 3294/2917/5921
f 457/483/5922 2003/520/5922 3294/2917/5922
f 768/534/5923 3295/3832/5923 2005/525/5923
f 1206/529/5924 3295/3832/5924 768/534/5924
f 2005/525/5925 3295/3832/5925 1206/529/5925
f 123/509/5926 1207/532/5926 3296/2918/5926
f 2029/2919/5927 3296/2918/5927 1207/532/5927
f 767/514/5928 3296/2918/5928 2029/2919/5928
f 124/527/5929 1209/535/5929 3297/2920/5929
f 1208/537/5930 3297/2920/5930 1209/535/5930
f 145/540/5931 780/2921/5931 3297/2920/5931
f 217/522/5932 2186/2923/5932 3298/2922/5932
f 2008/518/5933 3298/2922/5933 2186/2923/5933
f 459/521/5934 2007/533/5934 3298/2922/5934
f 500/547/5935 1210/546/5935 3299/2924/5935
f 2011/2904/5936 3299/2924/5936 1210/546/5936
f 126/513/5937 2010/2925/5937 3299/2924/5937
f 127/562/5938 769/1045/5938 3300/2926/5938
f 1212/550/5939 3300/2926/5939 769/1045/5939
f 121/495/5940 2014/564/5940 3300/2926/5940
f 1213/554/5941 3301/2928/5941 2017/569/5941
f 1214/2927/5942 3301/2928/5942 1213/554/5942
f 129/570/5943 2017/569/5943 3301/2928/5943
f 1214/2927/5944 3302/2929/5944 770/1039/5944
f 460/544/5945 2013/545/5945 3302/2929/5945
f 461/541/5946 770/1039/5946 3302/2929/5946
f 117/501/5947 1989/2890/5947 3303/2930/5947
f 1215/556/5948 3303/2930/5948 1989/2890/5948
f 121/495/5949 765/500/5949 3303/2930/5949
f 131/1013/5950 2142/1012/5950 3304/2931/5950
f 2016/566/5951 3304/2931/5951 2142/1012/5951
f 772/2932/5952 3304/2931/5952 2016/566/5952
f 1217/572/5953 3305/2933/5953 2147/1027/5953
f 1220/1020/5954 3305/2933/5954 1217/572/5954
f 499/1022/5955 2147/1027/5955 3305/2933/5955
f 135/417/5956 1222/583/5956 3306/2934/5956
f 1223/2935/5957 3306/2934/5957 1222/583/5957
f 7/600/5958 2021/601/5958 3306/2934/5958
f 1223/2935/5959 3307/2937/5959 774/2936/5959
f 463/567/5960 2020/1010/5960 3307/2937/5960
f 497/998/5961 774/2936/5961 3307/2937/5961
f 464/426/5962 1229/423/5962 3308/2938/5962
f 1226/587/5963 3308/2938/5963 1229/423/5963
f 133/574/5964 1225/2939/5964 3308/2938/5964
f 464/426/5965 1225/2939/5965 3309/2940/5965
f 133/574/5966 773/579/5966 3309/2940/5966
f 761/440/5967 3309/2940/5967 773/579/5967
f 1232/597/5968 3310/2941/5968 2022/612/5968
f 1233/599/5969 3310/2941/5969 1232/597/5969
f 137/603/5970 2022/612/5970 3310/2941/5970
f 109/409/5971 2024/408/5971 3311/2942/5971
f 1236/605/5972 3311/2942/5972 2024/408/5972
f 134/425/5973 2023/2878/5973 3311/2942/5973
f 134/425/5974 1237/608/5974 3312/2943/5974
f 2140/2944/5975 3312/2943/5975 1237/608/5975
f 136/588/5976 1231/589/5976 3312/2943/5976
f 466/935/5977 2028/2947/5977 3313/2945/5977
f 2026/611/5978 3313/2945/5978 2028/2947/5978
f 776/2946/5979 3313/2945/5979 2026/611/5979
f 110/411/5980 753/827/5980 3314/2948/5980
f 139/806/5981 1238/2949/5981 3314/2948/5981
f 1239/604/5982 3314/2948/5982 1238/2949/5982
f 1238/2949/5983 3315/2952/5983 1338/2950/5983
f 1241/2951/5984 3315/2952/5984 1238/2949/5984
f 184/943/5985 1338/2950/5985 3315/2952/5985
f 2028/2947/5986 3316/2953/5986 778/797/5986
f 466/935/5987 2027/940/5987 3316/2953/5987
f 141/798/5988 778/797/5988 3316/2953/5988
f 142/813/5989 1240/947/5989 3317/2954/5989
f 184/943/5990 1241/2951/5990 3317/2954/5990
f 1290/811/5991 3317/2954/5991 1241/2951/5991
f 126/513/5992 2029/2919/5992 3318/2955/5992
f 1242/2956/5993 3318/2955/5993 2029/2919/5993
f 500/547/5994 2010/2925/5994 3318/2955/5994
f 1242/2956/5995 3319/2958/5995 823/2957/5995
f 125/530/5996 2030/2959/5996 3319/2958/5996
f 823/2957/5997 3319/2958/5997 2030/2959/5997
f 125/530/5998 2006/531/5998 3320/2960/5998
f 124/527/5999 782/2962/5999 3320/2960/5999
f 2033/2961/6000 3320/2960/6000 782/2962/6000
f 183/933/6001 2030/2959/6001 3321/2963/6001
f 2034/2964/6002 3321/2963/6002 2030/2959/6002
f 2129/939/6003 3321/2963/6003 2034/2964/6003
f 782/2962/6004 3322/2966/6004 783/2965/6004
f 124/527/6005 780/2921/6005 3322/2966/6005
f 145/540/6006 783/2965/6006 3322/2966/6006
f 2035/2967/6007 3323/2968/6007 1244/949/6007
f 1243/617/6008 3323/2968/6008 2035/2967/6008
f 143/618/6009 1244/949/6009 3323/2968/6009
f 144/803/6010 777/802/6010 3324/2969/6010
f 141/798/6011 2034/2964/6011 3324/2969/6011
f 2033/2961/6012 3324/2969/6012 2034/2964/6012
f 2035/2967/6013 3325/2970/6013 783/2965/6013
f 142/813/6014 779/815/6014 3325/2970/6014
f 144/803/6015 783/2965/6015 3325/2970/6015
f 445/334/6016 1246/623/6016 3326/2971/6016
f 784/2972/6017 3326/2971/6017 1246/623/6017
f 146/339/6018 1156/338/6018 3326/2971/6018
f 146/339/6019 784/2972/6019 3327/2973/6019
f 1248/627/6020 3327/2973/6020 784/2972/6020
f 95/354/6021 738/2843/6021 3327/2973/6021
f 147/366/6022 1250/633/6022 3328/2974/6022
f 741/2845/6023 3328/2974/6023 1250/633/6023
f 447/346/6024 2038/367/6024 3328/2974/6024
f 97/353/6025 2039/352/6025 3329/2975/6025
f 1252/635/6026 3329/2975/6026 2039/352/6026
f 101/371/6027 742/2855/6027 3329/2975/6027
f 1254/2976/6028 3330/2977/6028 1261/670/6028
f 494/655/6029 2046/657/6029 3330/2977/6029
f 151/661/6030 1261/670/6030 3330/2977/6030
f 149/636/6031 1316/2979/6031 3331/2978/6031
f 1254/2976/6032 3331/2978/6032 1316/2979/6032
f 1251/638/6033 3331/2978/6033 1254/2976/6033
f 106/846/6034 786/2982/6034 3332/2980/6034
f 1255/648/6035 3332/2980/6035 786/2982/6035
f 2041/2981/6036 3332/2980/6036 1255/648/6036
f 1256/658/6037 3333/2984/6037 789/2983/6037
f 1257/838/6038 3333/2984/6038 1256/658/6038
f 449/842/6039 789/2983/6039 3333/2984/6039
f 150/641/6040 2045/667/6040 3334/2985/6040
f 102/364/6041 1258/2858/6041 3334/2985/6041
f 2041/2981/6042 3334/2985/6042 1258/2858/6042
f 1167/2859/6043 3335/2986/6043 789/2983/6043
f 103/373/6044 1260/669/6044 3335/2986/6044
f 151/661/6045 789/2983/6045 3335/2986/6045
f 160/671/6046 2049/767/6046 3336/2987/6046
f 1263/2988/6047 3336/2987/6047 2049/767/6047
f 2048/686/6048 3336/2987/6048 1263/2988/6048
f 471/652/6049 2047/675/6049 3337/2989/6049
f 791/687/6050 3337/2989/6050 2047/675/6050
f 1264/681/6051 3337/2989/6051 791/687/6051
f 790/664/6052 3338/2991/6052 2051/2990/6052
f 494/655/6053 812/2993/6053 3338/2991/6053
f 171/2992/6054 2051/2990/6054 3338/2991/6054
f 2051/2990/6055 3339/2994/6055 2052/688/6055
f 171/2992/6056 2102/2995/6056 3339/2994/6056
f 153/682/6057 2052/688/6057 3339/2994/6057
f 2054/691/6058 3340/2996/6058 792/831/6058
f 479/695/6059 1276/750/6059 3340/2996/6059
f 792/831/6060 3340/2996/6060 1276/750/6060
f 794/2997/6061 3341/2999/6061 795/2998/6061
f 480/702/6062 2055/701/6062 3341/2999/6062
f 795/2998/6063 3341/2999/6063 2055/701/6063
f 486/689/6064 1266/707/6064 3342/3000/6064
f 1282/776/6065 3342/3000/6065 1266/707/6065
f 2056/693/6066 3342/3000/6066 1282/776/6066
f 2079/3001/6067 3343/3003/6067 2057/700/6067
f 1267/3002/6068 3343/3003/6068 2079/3001/6068
f 473/699/6069 2057/700/6069 3343/3003/6069
f 481/771/6070 1268/3005/6070 3344/3004/6070
f 1269/828/6071 3344/3004/6071 1268/3005/6071
f 1267/3002/6072 3344/3004/6072 1269/828/6072
f 2059/3006/6073 3345/3007/6073 2078/770/6073
f 155/807/6074 1268/3005/6074 3345/3007/6074
f 2078/770/6075 3345/3007/6075 1268/3005/6075
f 9/738/6076 796/735/6076 3346/3008/6076
f 475/737/6077 2060/809/6077 3346/3008/6077
f 2059/3006/6078 3346/3008/6078 2060/809/6078
f 159/719/6079 2075/3010/6079 3347/3009/6079
f 156/709/6080 1272/711/6080 3347/3009/6080
f 2061/717/6081 3347/3009/6081 1272/711/6081
f 798/3011/6082 3348/3012/6082 2062/726/6082
f 158/781/6083 2063/780/6083 3348/3012/6083
f 159/719/6084 2062/726/6084 3348/3012/6084
f 476/721/6085 1273/720/6085 3349/3013/6085
f 2064/727/6086 3349/3013/6086 1273/720/6086
f 157/723/6087 2065/725/6087 3349/3013/6087
f 1274/740/6088 3350/3014/6088 2066/736/6088
f 477/742/6089 1275/745/6089 3350/3014/6089
f 2066/736/6090 3350/3014/6090 1275/745/6090
f 164/732/6091 2076/3016/6091 3351/3015/6091
f 158/781/6092 798/3011/6092 3351/3015/6092
f 2067/739/6093 3351/3015/6093 798/3011/6093
f 479/695/6094 793/694/6094 3352/3017/6094
f 2074/3018/6095 3352/3017/6095 793/694/6095
f 2070/749/6096 3352/3017/6096 2074/3018/6096
f 478/676/6097 1277/753/6097 3353/3019/6097
f 1278/755/6098 3353/3019/6098 1277/753/6098
f 2071/673/6099 3353/3019/6099 1278/755/6099
f 794/2997/6100 3354/3020/6100 2072/761/6100
f 470/763/6101 2073/765/6101 3354/3020/6101
f 162/762/6102 2072/761/6102 3354/3020/6102
f 162/762/6103 1279/766/6103 3355/3021/6103
f 799/758/6104 3355/3021/6104 1279/766/6104
f 165/756/6105 2086/789/6105 3355/3021/6105
f 802/3022/6106 3356/3023/6106 2075/3010/6106
f 1280/715/6107 3356/3023/6107 802/3022/6107
f 156/709/6108 2075/3010/6108 3356/3023/6108
f 483/791/6109 1283/3026/6109 3357/3024/6109
f 2079/3001/6110 3357/3024/6110 1283/3026/6110
f 163/696/6111 2085/3025/6111 3357/3024/6111
f 2081/777/6112 3358/3027/6112 802/3022/6112
f 484/772/6113 1281/774/6113 3358/3027/6113
f 154/703/6114 802/3022/6114 3358/3027/6114
f 481/771/6115 1283/3026/6115 3359/3028/6115
f 483/791/6116 2082/3029/6116 3359/3028/6116
f 803/768/6117 3359/3028/6117 2082/3029/6117
f 1285/3030/6118 3360/3031/6118 2082/3029/6118
f 2076/3016/6119 3360/3031/6119 1285/3030/6119
f 164/732/6120 2082/3029/6120 3360/3031/6120
f 484/772/6121 800/786/6121 3361/3032/6121
f 2074/3018/6122 3361/3032/6122 800/786/6122
f 482/692/6123 2080/775/6123 3361/3032/6123
f 163/696/6124 801/760/6124 3362/3033/6124
f 1284/788/6125 3362/3033/6125 801/760/6125
f 483/791/6126 2085/3025/6126 3362/3033/6126
f 805/783/6127 3363/3034/6127 2087/790/6127
f 158/781/6128 1285/3030/6128 3363/3034/6128
f 483/791/6129 2087/790/6129 3363/3034/6129
f 166/731/6130 1288/730/6130 3364/3035/6130
f 485/714/6131 1287/795/6131 3364/3035/6131
f 2089/799/6132 3364/3035/6132 1287/795/6132
f 1291/812/6133 3365/3036/6133 2091/816/6133
f 475/737/6134 1292/748/6134 3365/3036/6134
f 166/731/6135 2091/816/6135 3365/3036/6135
f 1295/820/6136 3366/3037/6136 1294/823/6136
f 2025/610/6137 3366/3037/6137 1295/820/6137
f 465/613/6138 1294/823/6138 3366/3037/6138
f 2094/3038/6139 3367/3039/6139 808/857/6139
f 473/699/6140 1296/825/6140 3367/3039/6140
f 808/857/6141 3367/3039/6141 1296/825/6141
f 470/763/6142 795/2998/6142 3368/3040/6142
f 1298/3042/6143 3368/3040/6143 795/2998/6143
f 1299/3041/6144 3368/3040/6144 1298/3042/6144
f 1298/3042/6145 3369/3043/6145 2097/840/6145
f 2094/3038/6146 3369/3043/6146 1298/3042/6146
f 168/841/6147 2097/840/6147 3369/3043/6147
f 487/649/6148 786/2982/6148 3370/3044/6148
f 1300/851/6149 3370/3044/6149 786/2982/6149
f 2095/834/6150 3370/3044/6150 1300/851/6150
f 1263/2988/6151 3371/3045/6151 2044/665/6151
f 470/763/6152 1299/3041/6152 3371/3045/6152
f 152/660/6153 2044/665/6153 3371/3045/6153
f 809/1448/6154 3372/3046/6154 2098/844/6154
f 1305/854/6155 3372/3046/6155 809/1448/6155
f 169/845/6156 2098/844/6156 3372/3046/6156
f 488/3047/6157 1307/3051/6157 3373/3048/6157
f 1301/3050/6158 3373/3048/6158 1307/3051/6158
f 1302/3049/6159 3373/3048/6159 1301/3050/6159
f 1302/3049/6160 3374/3053/6160 1303/3052/6160
f 450/1451/6161 1168/2862/6161 3374/3053/6161
f 449/842/6162 1303/3052/6162 3374/3053/6162
f 488/3047/6163 1303/3052/6163 3375/3054/6163
f 1304/839/6164 3375/3054/6164 1303/3052/6164
f 168/841/6165 1308/3055/6165 3375/3054/6165
f 490/860/6166 1307/3051/6166 3376/3056/6166
f 1308/3055/6167 3376/3056/6167 1307/3051/6167
f 168/841/6168 1312/858/6168 3376/3056/6168
f 1170/402/6169 3377/3058/6169 1309/3057/6169
f 138/406/6170 1310/856/6170 3377/3058/6170
f 1309/3057/6171 3377/3058/6171 1310/856/6171
f 1309/3057/6172 3378/3059/6172 1171/389/6172
f 489/852/6173 1311/1455/6173 3378/3059/6173
f 1171/389/6174 3378/3059/6174 1311/1455/6174
f 1313/859/6175 3379/3060/6175 2101/861/6175
f 110/411/6176 752/412/6176 3379/3060/6176
f 2101/861/6177 3379/3060/6177 752/412/6177
f 1316/2979/6178 3380/3062/6178 2114/3061/6178
f 149/636/6179 2106/881/6179 3380/3062/6179
f 172/878/6180 2114/3061/6180 3380/3062/6180
f 1245/624/6181 3381/3064/6181 1322/3063/6181
f 1319/873/6182 3381/3064/6182 1245/624/6182
f 493/871/6183 1322/3063/6183 3381/3064/6183
f 173/877/6184 2107/876/6184 3382/3065/6184
f 1249/626/6185 3382/3065/6185 2107/876/6185
f 1323/3066/6186 3382/3065/6186 1249/626/6186
f 174/625/6187 1322/3063/6187 3383/3067/6187
f 1320/3068/6188 3383/3067/6188 1322/3063/6188
f 1321/884/6189 3383/3067/6189 1320/3068/6189
f 2109/3069/6190 3384/3071/6190 1324/3070/6190
f 1323/3066/6191 3384/3071/6191 2109/3069/6191
f 174/625/6192 1324/3070/6192 3384/3071/6192
f 175/898/6193 1324/3070/6193 3385/3072/6193
f 814/887/6194 3385/3072/6194 1324/3070/6194
f 180/885/6195 2126/927/6195 3385/3072/6195
f 493/871/6196 1326/870/6196 3386/3073/6196
f 1325/889/6197 3386/3073/6197 1326/870/6197
f 492/882/6198 1320/3068/6198 3386/3073/6198
f 175/898/6199 1328/897/6199 3387/3074/6199
f 813/880/6200 3387/3074/6200 1328/897/6200
f 173/877/6201 2109/3069/6201 3387/3074/6201
f 491/643/6202 1315/680/6202 3388/3075/6202
f 170/678/6203 1330/3077/6203 3388/3075/6203
f 2110/3076/6204 3388/3075/6204 1330/3077/6204
f 2103/864/6205 3389/3078/6205 2111/899/6205
f 2110/3076/6206 3389/3078/6206 2103/864/6206
f 177/901/6207 2111/899/6207 3389/3078/6207
f 2112/3079/6208 3390/3081/6208 2113/3080/6208
f 171/2992/6209 812/2993/6209 3390/3081/6209
f 494/655/6210 2113/3080/6210 3390/3081/6210
f 179/905/6211 2113/3080/6211 3391/3082/6211
f 2114/3061/6212 3391/3082/6212 2113/3080/6212
f 2115/903/6213 3391/3082/6213 2114/3061/6213
f 817/917/6214 3392/3083/6214 2117/907/6214
f 178/913/6215 2118/912/6215 3392/3083/6215
f 2117/907/6216 3392/3083/6216 2118/912/6216
f 177/901/6217 1330/3077/6217 3393/3084/6217
f 2116/910/6218 3393/3084/6218 1330/3077/6218
f 495/908/6219 1329/914/6219 3393/3084/6219
f 2121/918/6220 3394/3085/6220 2120/929/6220
f 11/919/6221 818/3086/6221 3394/3085/6221
f 2120/929/6222 3394/3085/6222 818/3086/6222
f 2102/2995/6223 3395/3087/6223 2122/916/6223
f 171/2992/6224 1331/3088/6224 3395/3087/6224
f 11/919/6225 2122/916/6225 3395/3087/6225
f 11/919/6226 1331/3088/6226 3396/3089/6226
f 2112/3079/6227 3396/3089/6227 1331/3088/6227
f 179/905/6228 818/3086/6228 3396/3089/6228
f 178/913/6229 819/3091/6229 3397/3090/6229
f 180/885/6230 2124/923/6230 3397/3090/6230
f 2123/921/6231 3397/3090/6231 2124/923/6231
f 2127/926/6232 3398/3092/6232 2128/930/6232
f 180/885/6233 819/3091/6233 3398/3092/6233
f 178/913/6234 2128/930/6234 3398/3092/6234
f 1379/3093/6235 3399/3094/6235 1334/932/6235
f 508/956/6236 2131/957/6236 3399/3094/6236
f 183/933/6237 1334/932/6237 3399/3094/6237
f 500/547/6238 823/2957/6238 3400/3095/6238
f 1336/955/6239 3400/3095/6239 823/2957/6239
f 501/959/6240 2151/1043/6240 3400/3095/6240
f 143/618/6241 1337/963/6241 3401/3096/6241
f 2178/3097/6242 3401/3096/6242 1337/963/6242
f 496/952/6243 1335/953/6243 3401/3096/6243
f 466/935/6244 824/969/6244 3402/3098/6244
f 1370/3099/6245 3402/3098/6245 824/969/6245
f 2133/934/6246 3402/3098/6246 1370/3099/6246
f 776/2946/6247 3403/3100/6247 2136/971/6247
f 137/603/6248 2135/979/6248 3403/3100/6248
f 201/972/6249 2136/971/6249 3403/3100/6249
f 185/976/6250 1339/987/6250 3404/3101/6250
f 140/606/6251 1338/2950/6251 3404/3101/6251
f 2137/974/6252 3404/3101/6252 1338/2950/6252
f 775/602/6253 3405/3102/6253 2138/981/6253
f 1340/989/6254 3405/3102/6254 775/602/6254
f 199/982/6255 2138/981/6255 3405/3102/6255
f 506/985/6256 827/997/6256 3406/3103/6256
f 2140/2944/6257 3406/3103/6257 827/997/6257
f 2139/983/6258 3406/3103/6258 2140/2944/6258
f 7/600/6259 774/2936/6259 3407/3104/6259
f 1341/1000/6260 3407/3104/6260 774/2936/6260
f 195/992/6261 828/991/6261 3407/3104/6261
f 505/995/6262 1342/1008/6262 3408/3105/6262
f 1228/591/6263 3408/3105/6263 1342/1008/6263
f 136/588/6264 2141/993/6264 3408/3105/6264
f 2146/1026/6265 3409/3106/6265 2158/1069/6265
f 499/1022/6266 2144/3107/6266 3409/3106/6266
f 504/1006/6267 2158/1069/6267 3409/3106/6267
f 499/1022/6268 1346/1021/6268 3410/3108/6268
f 830/1004/6269 3410/3108/6269 1346/1021/6269
f 504/1006/6270 2144/3107/6270 3410/3108/6270
f 129/570/6271 2145/1030/6271 3411/3109/6271
f 187/1016/6272 1344/1015/6272 3411/3109/6272
f 772/2932/6273 3411/3109/6273 1344/1015/6273
f 2149/1040/6274 3412/3110/6274 2148/1032/6274
f 1348/1042/6275 3412/3110/6275 2149/1040/6275
f 186/1033/6276 2148/1032/6276 3412/3110/6276
f 17/1036/6277 1350/1050/6277 3413/3111/6277
f 1349/1046/6278 3413/3111/6278 1350/1050/6278
f 2150/1034/6279 3413/3111/6279 1349/1046/6279
f 1352/1049/6280 3414/3113/6280 2153/1137/6280
f 832/3112/6281 3414/3113/6281 1352/1049/6281
f 16/1136/6282 2153/1137/6282 3414/3113/6282
f 2154/1031/6283 3415/3115/6283 2155/1058/6283
f 834/3114/6284 3415/3115/6284 2154/1031/6284
f 188/1059/6285 2155/1058/6285 3415/3115/6285
f 502/1063/6286 837/3117/6286 3416/3116/6286
f 1353/1035/6287 3416/3116/6287 837/3117/6287
f 2156/1061/6288 3416/3116/6288 1353/1035/6288
f 187/1016/6289 833/1056/6289 3417/3118/6289
f 15/1060/6290 1354/3119/6290 3417/3118/6290
f 2157/1014/6291 3417/3118/6291 1354/3119/6291
f 503/1003/6292 1354/3119/6292 3418/3120/6292
f 838/3122/6293 3418/3120/6293 1354/3119/6293
f 190/3123/6294 1355/3121/6294 3418/3120/6294
f 503/1003/6295 1355/3121/6295 3419/3124/6295
f 840/3126/6296 3419/3124/6296 1355/3121/6296
f 2161/3125/6297 3419/3124/6297 840/3126/6297
f 1356/1075/6298 3420/3129/6298 841/3128/6298
f 2161/3125/6299 3420/3129/6299 1356/1075/6299
f 192/3127/6300 841/3128/6300 3420/3129/6300
f 193/1081/6301 1357/1080/6301 3421/3130/6301
f 2164/1082/6302 3421/3130/6302 1357/1080/6302
f 2165/3131/6303 3421/3130/6303 2164/1082/6303
f 1360/990/6304 3422/3132/6304 2167/1097/6304
f 2166/1087/6305 3422/3132/6305 1360/990/6305
f 196/1089/6306 2167/1097/6306 3422/3132/6306
f 198/1093/6307 845/1092/6307 3423/3133/6307
f 1362/994/6308 3423/3133/6308 845/1092/6308
f 2168/1099/6309 3423/3133/6309 1362/994/6309
f 201/972/6310 1364/1109/6310 3424/3134/6310
f 850/3135/6311 3424/3134/6311 1364/1109/6311
f 848/1118/6312 3424/3134/6312 850/3135/6312
f 506/985/6313 2170/984/6313 3425/3136/6313
f 1365/3137/6314 3425/3136/6314 2170/984/6314
f 2171/1103/6315 3425/3136/6315 1365/3137/6315
f 1365/3137/6316 3426/3139/6316 852/3138/6316
f 1366/1111/6317 3426/3139/6317 1365/3137/6317
f 203/1115/6318 852/3138/6318 3426/3139/6318
f 185/976/6319 826/975/6319 3427/3140/6319
f 1369/3141/6320 3427/3140/6320 826/975/6320
f 207/1114/6321 2173/1113/6321 3427/3140/6321
f 1369/3141/6322 3428/3143/6322 854/3142/6322
f 12/967/6323 2175/3145/6323 3428/3143/6323
f 210/3144/6324 854/3142/6324 3428/3143/6324
f 209/1127/6325 855/1140/6325 3429/3146/6325
f 1370/3099/6326 3429/3146/6326 855/1140/6326
f 1371/1125/6327 3429/3146/6327 1370/3099/6327
f 2174/966/6328 3430/3148/6328 1372/3147/6328
f 1373/1146/6329 3430/3148/6329 2174/966/6329
f 216/1143/6330 1372/3147/6330 3430/3148/6330
f 12/967/6331 1372/3147/6331 3431/3149/6331
f 857/3150/6332 3431/3149/6332 1372/3147/6332
f 2175/3145/6333 3431/3149/6333 857/3150/6333
f 1376/3151/6334 3432/3153/6334 860/3152/6334
f 508/956/6335 2180/3154/6335 3432/3153/6335
f 215/1142/6336 860/3152/6336 3432/3153/6336
f 1374/958/6337 3433/3155/6337 2176/1130/6337
f 1376/3151/6338 3433/3155/6338 1374/958/6338
f 213/1131/6339 2176/1130/6339 3433/3155/6339
f 214/1148/6340 1377/3158/6340 3434/3156/6340
f 496/952/6341 1378/3159/6341 3434/3156/6341
f 861/3157/6342 3434/3156/6342 1378/3159/6342
f 212/1134/6343 1378/3159/6343 3435/3160/6343
f 2178/3097/6344 3435/3160/6344 1378/3159/6344
f 1375/1132/6345 3435/3160/6345 2178/3097/6345
f 1379/3093/6346 3436/3161/6346 2180/3154/6346
f 2179/1139/6347 3436/3161/6347 1379/3093/6347
f 215/1142/6348 2180/3154/6348 3436/3161/6348
f 214/1148/6349 1380/1147/6349 3437/3162/6349
f 822/950/6350 3437/3162/6350 1380/1147/6350
f 1377/3158/6351 3437/3162/6351 822/950/6351
f 1382/1152/6352 3438/3166/6352 1381/3163/6352
f 866/3164/6353 3438/3166/6353 1382/1152/6353
f 509/3165/6354 1381/3163/6354 3438/3166/6354
f 1381/3163/6355 3439/3168/6355 2183/1157/6355
f 2182/3167/6356 3439/3168/6356 1381/3163/6356
f 309/1158/6357 2183/1157/6357 3439/3168/6357
f 222/1181/6358 1384/3171/6358 3440/3169/6358
f 2185/1160/6359 3440/3169/6359 1384/3171/6359
f 868/3170/6360 3440/3169/6360 2185/1160/6360
f 510/516/6361 2186/2923/6361 3441/3172/6361
f 864/1156/6362 3441/3172/6362 2186/2923/6362
f 2187/1165/6363 3441/3172/6363 864/1156/6363
f 511/477/6364 867/1191/6364 3442/3173/6364
f 221/1172/6365 1386/1171/6365 3442/3173/6365
f 2188/1168/6366 3442/3173/6366 1386/1171/6366
f 1390/2916/6367 3443/3174/6367 1389/1180/6367
f 510/516/6368 1384/3171/6368 3443/3174/6368
f 222/1181/6369 1389/1180/6369 3443/3174/6369
f 1388/1179/6370 3444/3175/6370 2355/1875/6370
f 222/1181/6371 869/3176/6371 3444/3175/6371
f 572/1876/6372 2355/1875/6372 3444/3175/6372
f 513/1184/6373 1393/1203/6373 3445/3177/6373
f 225/1207/6374 870/3178/6374 3445/3177/6374
f 2191/1187/6375 3445/3177/6375 870/3178/6375
f 766/2910/6376 3446/3181/6376 2197/3179/6376
f 2193/3180/6377 3446/3181/6377 766/2910/6377
f 514/1192/6378 2197/3179/6378 3446/3181/6378
f 2193/3180/6379 3447/3182/6379 2192/1196/6379
f 122/489/6380 1394/3183/6380 3447/3182/6380
f 223/1182/6381 2192/1196/6381 3447/3182/6381
f 2194/2909/6382 3448/3184/6382 1394/3183/6382
f 1387/1178/6383 3448/3184/6383 2194/2909/6383
f 223/1182/6384 1394/3183/6384 3448/3184/6384
f 453/445/6385 871/1220/6385 3449/3185/6385
f 227/1200/6386 1395/1199/6386 3449/3185/6386
f 1990/2893/6387 3449/3185/6387 1395/1199/6387
f 2195/1198/6388 3450/3186/6388 2196/1205/6388
f 227/1200/6389 874/1833/6389 3450/3186/6389
f 18/1206/6390 2196/1205/6390 3450/3186/6390
f 1396/1210/6391 3451/3188/6391 1397/3187/6391
f 226/459/6392 2197/3179/6392 3451/3188/6392
f 514/1192/6393 1397/3187/6393 3451/3188/6393
f 573/1214/6394 872/3190/6394 3452/3189/6394
f 228/1211/6395 1397/3187/6395 3452/3189/6395
f 1399/1212/6396 3452/3189/6396 1397/3187/6396
f 113/435/6397 1400/1237/6397 3453/3191/6397
f 515/1218/6398 1401/1217/6398 3453/3191/6398
f 1183/444/6399 3453/3191/6399 1401/1217/6399
f 515/1218/6400 1405/1240/6400 3454/3192/6400
f 556/1242/6401 2342/3193/6401 3454/3192/6401
f 2199/1221/6402 3454/3192/6402 2342/3193/6402
f 1402/3194/6403 3455/3196/6403 2200/1233/6403
f 2346/3195/6404 3455/3196/6404 1402/3194/6404
f 568/1234/6405 2200/1233/6405 3455/3196/6405
f 1403/1227/6406 3456/3197/6406 1402/3194/6406
f 116/464/6407 873/1209/6407 3456/3197/6407
f 228/1211/6408 1402/3194/6408 3456/3197/6408
f 1179/2884/6409 3457/3199/6409 1406/3198/6409
f 115/437/6410 1407/1226/6410 3457/3199/6410
f 1406/3198/6411 3457/3199/6411 1407/1226/6411
f 518/1256/6412 1406/3198/6412 3458/3200/6412
f 2202/1231/6413 3458/3200/6413 1406/3198/6413
f 875/3201/6414 3458/3200/6414 2202/1231/6414
f 517/415/6415 1410/3203/6415 3459/3202/6415
f 230/1245/6416 1409/1244/6416 3459/3202/6416
f 1408/429/6417 3459/3202/6417 1409/1244/6417
f 517/415/6418 1412/1258/6418 3460/3204/6418
f 876/1895/6419 3460/3204/6419 1412/1258/6419
f 230/1245/6420 1410/3203/6420 3460/3204/6420
f 2204/1254/6421 3461/3205/6421 2373/1914/6421
f 875/3201/6422 3461/3205/6422 2204/1254/6422
f 19/1235/6423 2373/1914/6423 3461/3205/6423
f 1174/414/6424 3462/3206/6424 2207/1257/6424
f 6/418/6425 1411/1264/6425 3462/3206/6425
f 2207/1257/6426 3462/3206/6426 1411/1264/6426
f 754/2865/6427 3463/3207/6427 2208/1266/6427
f 1415/1279/6428 3463/3207/6428 754/2865/6428
f 237/1267/6429 2208/1266/6429 3463/3207/6429
f 1413/1274/6430 3464/3208/6430 2210/1277/6430
f 112/1271/6431 758/2880/6431 3464/3208/6431
f 2210/1277/6432 3464/3208/6432 758/2880/6432
f 238/1270/6433 1416/1287/6433 3465/3209/6433
f 1414/2872/6434 3465/3209/6434 1416/1287/6434
f 2209/1268/6435 3465/3209/6435 1414/2872/6435
f 267/1533/6436 2272/3212/6436 3466/3210/6436
f 1418/1296/6437 3466/3210/6437 2272/3212/6437
f 1417/3211/6438 3466/3210/6438 1418/1296/6438
f 247/1294/6439 1419/1293/6439 3467/3213/6439
f 2214/1302/6440 3467/3213/6440 1419/1293/6440
f 2217/1322/6441 3467/3213/6441 2214/1302/6441
f 241/1290/6442 1481/1535/6442 3468/3214/6442
f 1417/3211/6443 3468/3214/6443 1481/1535/6443
f 2212/1288/6444 3468/3214/6444 1417/3211/6444
f 884/1289/6445 3469/3215/6445 1422/1316/6445
f 1423/1318/6446 3469/3215/6446 884/1289/6446
f 243/1312/6447 1422/1316/6447 3469/3215/6447
f 1424/1319/6448 3470/3217/6448 887/1423/6448
f 1426/3216/6449 3470/3217/6449 1424/1319/6449
f 242/1411/6450 887/1423/6450 3470/3217/6450
f 1420/1310/6451 3471/3219/6451 2216/1540/6451
f 1425/3218/6452 3471/3219/6452 1420/1310/6452
f 244/1428/6453 2216/1540/6453 3471/3219/6453
f 891/1323/6454 3472/3220/6454 889/1320/6454
f 893/1334/6455 3472/3220/6455 891/1323/6455
f 250/1321/6456 889/1320/6456 3472/3220/6456
f 1427/1329/6457 3473/3222/6457 894/1346/6457
f 1431/3221/6458 3473/3222/6458 1427/1329/6458
f 248/1347/6459 894/1346/6459 3473/3222/6459
f 249/1326/6460 890/1325/6460 3474/3223/6460
f 521/1306/6461 1428/1417/6461 3474/3223/6461
f 2218/1327/6462 3474/3223/6462 1428/1417/6462
f 895/1328/6463 3475/3224/6463 1429/1336/6463
f 253/1331/6464 1430/1339/6464 3475/3224/6464
f 1429/1336/6465 3475/3224/6465 1430/1339/6465
f 736/337/6466 3476/3225/6466 2219/1343/6466
f 146/339/6467 900/3226/6467 3476/3225/6467
f 2219/1343/6468 3476/3225/6468 900/3226/6468
f 254/1355/6469 1432/1353/6469 3477/3227/6469
f 1431/3221/6470 3477/3227/6470 1432/1353/6470
f 520/1330/6471 902/3228/6471 3477/3227/6471
f 900/3226/6472 3478/3229/6472 2220/1350/6472
f 146/339/6473 739/2844/6473 3478/3229/6473
f 2220/1350/6474 3478/3229/6474 739/2844/6474
f 252/1337/6475 898/1342/6475 3479/3230/6475
f 2221/1357/6476 3479/3230/6476 898/1342/6476
f 522/1360/6477 901/3231/6477 3479/3230/6477
f 740/349/6478 3480/3232/6478 2222/1354/6478
f 94/340/6479 899/1344/6479 3480/3232/6479
f 248/1347/6480 2222/1354/6480 3480/3232/6480
f 251/1340/6481 1433/1349/6481 3481/3233/6481
f 446/359/6482 745/2854/6482 3481/3233/6482
f 2224/1356/6483 3481/3233/6483 745/2854/6483
f 1160/377/6484 3482/3234/6484 905/1384/6484
f 1434/1363/6485 3482/3234/6485 1160/377/6485
f 523/1366/6486 905/1384/6486 3482/3234/6486
f 1435/1365/6487 3483/3235/6487 2226/1370/6487
f 254/1355/6488 902/3228/6488 3483/3235/6488
f 2226/1370/6489 3483/3235/6489 902/3228/6489
f 1975/343/6490 3484/3236/6490 2225/1362/6490
f 903/1352/6491 3484/3236/6491 1975/343/6491
f 254/1355/6492 2225/1362/6492 3484/3236/6492
f 901/3231/6493 3485/3237/6493 2227/1372/6493
f 522/1360/6494 1436/1379/6494 3485/3237/6494
f 2227/1372/6495 3485/3237/6495 1436/1379/6495
f 524/1374/6496 1437/1380/6496 3486/3238/6496
f 1164/382/6497 3486/3238/6497 1437/1380/6497
f 2230/1401/6498 3486/3238/6498 1164/382/6498
f 522/1360/6499 2223/1361/6499 3487/3239/6499
f 744/2851/6500 3487/3239/6500 2223/1361/6500
f 2228/1381/6501 3487/3239/6501 744/2851/6501
f 1444/1416/6502 3488/3240/6502 2232/1408/6502
f 521/1306/6503 892/1305/6503 3488/3240/6503
f 240/1303/6504 2232/1408/6504 3488/3240/6504
f 242/1411/6505 1426/3216/6505 3489/3241/6505
f 250/1321/6506 1446/3242/6506 3489/3241/6506
f 2234/1414/6507 3489/3241/6507 1446/3242/6507
f 257/1377/6508 1446/3242/6508 3490/3243/6508
f 896/1335/6509 3490/3243/6509 1446/3242/6509
f 252/1337/6510 1445/1373/6510 3490/3243/6510
f 256/1393/6511 2233/1410/6511 3491/3244/6511
f 2213/1301/6512 3491/3244/6512 2233/1410/6512
f 519/1291/6513 2236/1420/6513 3491/3244/6513
f 24/1406/6514 1449/1426/6514 3492/3245/6514
f 1425/3218/6515 3492/3245/6515 1449/1426/6515
f 2237/1422/6516 3492/3245/6516 1425/3218/6516
f 258/1386/6517 1439/1385/6517 3493/3246/6517
f 1438/1388/6518 3493/3246/6518 1439/1385/6518
f 528/1390/6519 1454/1443/6519 3493/3246/6519
f 105/386/6520 749/385/6520 3494/3247/6520
f 1440/1383/6521 3494/3247/6521 749/385/6521
f 258/1386/6522 1450/3248/6522 3494/3247/6522
f 260/1398/6523 1441/1397/6523 3495/3249/6523
f 1443/1400/6524 3495/3249/6524 1441/1397/6524
f 525/1403/6525 2239/3250/6525 3495/3249/6525
f 525/1403/6526 1442/1402/6526 3496/3251/6526
f 1976/2864/6527 3496/3251/6527 1442/1402/6527
f 450/1451/6528 2240/1452/6528 3496/3251/6528
f 258/1386/6529 2241/1444/6529 3497/3252/6529
f 1456/1446/6530 3497/3252/6530 2241/1444/6530
f 105/386/6531 1450/3248/6531 3497/3252/6531
f 260/1398/6532 2239/3250/6532 3498/3253/6532
f 1457/1450/6533 3498/3253/6533 2239/3250/6533
f 527/1440/6534 913/1439/6534 3498/3253/6534
f 527/1440/6535 1458/1453/6535 3499/3254/6535
f 1301/3050/6536 3499/3254/6536 1458/1453/6536
f 490/860/6537 1453/1463/6537 3499/3254/6537
f 2244/1447/6538 3500/3255/6538 2243/1454/6538
f 526/1434/6539 2245/1459/6539 3500/3255/6539
f 2243/1454/6540 3500/3255/6540 2245/1459/6540
f 1314/862/6541 3501/3256/6541 2246/1462/6541
f 529/397/6542 1460/3257/6542 3501/3256/6542
f 530/1465/6543 2246/1462/6543 3501/3256/6543
f 2248/1464/6544 3502/3258/6544 2247/1437/6544
f 530/1465/6545 985/3259/6545 3502/3258/6545
f 2247/1437/6546 3502/3258/6546 985/3259/6546
f 1459/3260/6547 3503/3261/6547 2250/1468/6547
f 236/1282/6548 881/1281/6548 3503/3261/6548
f 108/392/6549 2250/1468/6549 3503/3261/6549
f 530/1465/6550 1460/3257/6550 3504/3262/6550
f 529/397/6551 1461/394/6551 3504/3262/6551
f 2251/1469/6552 3504/3262/6552 1461/394/6552
f 1466/1490/6553 3505/3263/6553 2252/1496/6553
f 536/1492/6554 2263/1516/6554 3505/3263/6554
f 264/1497/6555 2252/1496/6555 3505/3263/6555
f 1462/1488/6556 3506/3264/6556 2254/1483/6556
f 2253/1494/6557 3506/3264/6557 1462/1488/6557
f 262/1482/6558 2254/1483/6558 3506/3264/6558
f 1467/3265/6559 3507/3268/6559 2255/3266/6559
f 2256/3267/6560 3507/3268/6560 1467/3265/6560
f 537/1520/6561 2255/3266/6561 3507/3268/6561
f 1469/2092/6562 3508/3269/6562 1467/3265/6562
f 534/1500/6563 1468/1499/6563 3508/3269/6563
f 533/1503/6564 1467/3265/6564 3508/3269/6564
f 534/1500/6565 917/1600/6565 3509/3270/6565
f 915/1484/6566 3509/3270/6566 917/1600/6566
f 262/1482/6567 2257/1498/6567 3509/3270/6567
f 533/1503/6568 1470/1502/6568 3510/3271/6568
f 914/1495/6569 3510/3271/6569 1470/1502/6569
f 2258/1504/6570 3510/3271/6570 914/1495/6570
f 537/1520/6571 2256/3267/6571 3511/3272/6571
f 533/1503/6572 2259/1505/6572 3511/3272/6572
f 2264/1523/6573 3511/3272/6573 2259/1505/6573
f 535/1475/6574 2261/3274/6574 3512/3273/6574
f 1471/1511/6575 3512/3273/6575 2261/3274/6575
f 536/1492/6576 2260/1491/6576 3512/3273/6576
f 535/1475/6577 2418/1472/6577 3513/3275/6577
f 919/2074/6578 3513/3275/6578 2418/1472/6578
f 2261/3274/6579 3513/3275/6579 919/2074/6579
f 1472/1512/6580 3514/3276/6580 2262/1518/6580
f 539/1514/6581 2270/3277/6581 3514/3276/6581
f 265/1519/6582 2262/1518/6582 3514/3276/6582
f 922/3278/6583 3515/3279/6583 2265/1522/6583
f 2255/3266/6584 3515/3279/6584 922/3278/6584
f 537/1520/6585 2265/1522/6585 3515/3279/6585
f 538/1507/6586 1474/1508/6586 3516/3280/6586
f 264/1497/6587 918/1517/6587 3516/3280/6587
f 2266/1526/6588 3516/3280/6588 918/1517/6588
f 592/1525/6589 1473/1524/6589 3517/3281/6589
f 538/1507/6590 1475/1527/6590 3517/3281/6590
f 921/3282/6591 3517/3281/6591 1475/1527/6591
f 539/1514/6592 920/1513/6592 3518/3283/6592
f 1662/2078/6593 3518/3283/6593 920/1513/6593
f 266/1967/6594 2267/3284/6594 3518/3283/6594
f 539/1514/6595 2267/3284/6595 3519/3285/6595
f 266/1967/6596 1476/3287/6596 3519/3285/6596
f 2268/3286/6597 3519/3285/6597 1476/3287/6597
f 267/1533/6598 1476/3287/6598 3520/3288/6598
f 924/1969/6599 3520/3288/6599 1476/3287/6599
f 269/1297/6600 2272/3212/6600 3520/3288/6600
f 265/1519/6601 2270/3277/6601 3521/3289/6601
f 539/1514/6602 2268/3286/6602 3521/3289/6602
f 2269/1531/6603 3521/3289/6603 2268/3286/6603
f 1477/3290/6604 3522/3293/6604 1479/3291/6604
f 268/3292/6605 1478/3294/6605 3522/3293/6605
f 540/1529/6606 1479/3291/6606 3522/3293/6606
f 268/3292/6607 1664/3296/6607 3523/3295/6607
f 921/3282/6608 3523/3295/6608 1664/3296/6608
f 540/1529/6609 1478/3294/6609 3523/3295/6609
f 245/1313/6610 1626/3298/6610 3524/3297/6610
f 1477/3290/6611 3524/3297/6611 1626/3298/6611
f 246/1307/6612 888/1309/6612 3524/3297/6612
f 1479/3291/6613 3525/3299/6613 2271/1537/6613
f 540/1529/6614 1480/1530/6614 3525/3299/6614
f 265/1519/6615 2271/1537/6615 3525/3299/6615
f 269/1297/6616 2274/2014/6616 3526/3300/6616
f 270/2008/6617 2273/3301/6617 3526/3300/6617
f 23/1298/6618 885/1295/6618 3526/3300/6618
f 2273/3301/6619 3527/3302/6619 910/1425/6619
f 270/2008/6620 1455/2010/6620 3527/3302/6620
f 528/1390/6621 910/1425/6621 3527/3302/6621
f 235/1261/6622 879/1262/6622 3528/3303/6622
f 234/1259/6623 1483/1552/6623 3528/3303/6623
f 2277/1547/6624 3528/3303/6624 1483/1552/6624
f 234/1259/6625 2278/1265/6625 3529/3304/6625
f 237/1267/6626 1635/1992/6626 3529/3304/6626
f 2279/1551/6627 3529/3304/6627 1635/1992/6627
f 235/1261/6628 1482/1550/6628 3530/3305/6628
f 1605/1924/6629 3530/3305/6629 1482/1550/6629
f 578/1898/6630 2369/1897/6630 3530/3305/6630
f 1484/1559/6631 3531/3307/6631 1485/3306/6631
f 541/1273/6632 880/1276/6632 3531/3307/6632
f 232/1252/6633 1485/3306/6633 3531/3307/6633
f 609/1561/6634 1485/3306/6634 3532/3308/6634
f 1486/1563/6635 3532/3308/6635 1485/3306/6635
f 617/1567/6636 2463/2287/6636 3532/3308/6636
f 1636/1996/6637 3533/3309/6637 2280/1560/6637
f 238/1270/6638 1487/1269/6638 3533/3309/6638
f 541/1273/6639 2280/1560/6639 3533/3309/6639
f 1491/1585/6640 3534/3310/6640 2284/1589/6640
f 916/1481/6641 3534/3310/6641 1491/1585/6641
f 4/1485/6642 2284/1589/6642 3534/3310/6642
f 273/1573/6643 1489/1574/6643 3535/3311/6643
f 1492/1587/6644 3535/3311/6644 1489/1574/6644
f 272/1590/6645 2282/3312/6645 3535/3311/6645
f 544/2044/6646 1494/3315/6646 3536/3313/6646
f 546/1591/6647 1495/1593/6647 3536/3313/6647
f 545/1596/6648 1493/3314/6648 3536/3313/6648
f 1496/2043/6649 3537/3316/6649 928/2093/6649
f 544/2044/6650 2287/3317/6650 3537/3316/6650
f 928/2093/6651 3537/3316/6651 2287/3317/6651
f 929/3318/6652 3538/3319/6652 2405/2041/6652
f 546/1591/6653 1494/3315/6653 3538/3319/6653
f 544/2044/6654 2405/2041/6654 3538/3319/6654
f 545/1596/6655 1497/1595/6655 3539/3320/6655
f 926/1588/6656 3539/3320/6656 1497/1595/6656
f 2286/1597/6657 3539/3320/6657 926/1588/6657
f 1493/3314/6658 3540/3321/6658 2287/3317/6658
f 545/1596/6659 1498/1598/6659 3540/3321/6659
f 534/1500/6660 2287/3317/6660 3540/3321/6660
f 277/1818/6661 932/1817/6661 3541/3322/6661
f 1500/3323/6662 3541/3322/6662 932/1817/6662
f 276/1601/6663 931/1827/6663 3541/3322/6663
f 1500/3323/6664 3542/3324/6664 2288/1605/6664
f 548/1636/6665 1501/1638/6665 3542/3324/6665
f 547/1606/6666 2288/1605/6666 3542/3324/6666
f 1499/1604/6667 3543/3325/6667 2350/1860/6667
f 2290/1609/6668 3543/3325/6668 1499/1604/6668
f 275/1613/6669 2350/1860/6669 3543/3325/6669
f 549/1617/6670 1503/1865/6670 3544/3326/6670
f 1504/1626/6671 3544/3326/6671 1503/1865/6671
f 2292/1621/6672 3544/3326/6672 1504/1626/6672
f 278/1622/6673 1505/1629/6673 3545/3327/6673
f 930/1610/6674 3545/3327/6674 1505/1629/6674
f 933/3328/6675 3545/3327/6675 930/1610/6675
f 550/1635/6676 2294/1634/6676 3546/3329/6676
f 2295/3331/6677 3546/3329/6677 2294/1634/6677
f 286/1645/6678 1508/3330/6678 3546/3329/6678
f 283/1630/6679 937/3333/6679 3547/3332/6679
f 284/1642/6680 1510/1641/6680 3547/3332/6680
f 2295/3331/6681 3547/3332/6681 1510/1641/6681
f 1511/3334/6682 3548/3335/6682 2297/1647/6682
f 550/1635/6683 1508/3330/6683 3548/3335/6683
f 2297/1647/6684 3548/3335/6684 1508/3330/6684
f 282/1612/6685 2289/1611/6685 3549/3336/6685
f 1509/1639/6686 3549/3336/6686 2289/1611/6686
f 1511/3334/6687 3549/3336/6687 1509/1639/6687
f 287/1657/6688 2300/1656/6688 3550/3337/6688
f 1512/3339/6689 3550/3337/6689 2300/1656/6689
f 551/3340/6690 1514/3338/6690 3550/3337/6690
f 290/1652/6691 1513/3343/6691 3551/3341/6691
f 2301/3342/6692 3551/3341/6692 1513/3343/6692
f 1512/3339/6693 3551/3341/6693 2301/3342/6693
f 1515/1655/6694 3552/3344/6694 2299/1801/6694
f 287/1657/6695 941/1687/6695 3552/3344/6695
f 288/1678/6696 2299/1801/6696 3552/3344/6696
f 279/1620/6697 934/1624/6697 3553/3345/6697
f 2298/3346/6698 3553/3345/6698 934/1624/6698
f 551/3340/6699 2301/3342/6699 3553/3345/6699
f 2298/3346/6700 3554/3348/6700 1516/3347/6700
f 933/3328/6701 3554/3348/6701 2298/3346/6701
f 282/1612/6702 1516/3347/6702 3554/3348/6702
f 1514/3338/6703 3555/3349/6703 2302/1661/6703
f 551/3340/6704 1516/3347/6704 3555/3349/6704
f 2302/1661/6705 3555/3349/6705 1516/3347/6705
f 552/1665/6706 1518/1664/6706 3556/3350/6706
f 1519/3352/6707 3556/3350/6707 1518/1664/6707
f 553/1668/6708 1520/3351/6708 3556/3350/6708
f 285/1643/6709 1521/1790/6709 3557/3353/6709
f 1552/1785/6710 3557/3353/6710 1521/1790/6710
f 1519/3352/6711 3557/3353/6711 1552/1785/6711
f 1523/1669/6712 3558/3354/6712 2303/1673/6712
f 273/1573/6713 2282/3312/6713 3558/3354/6713
f 2303/1673/6714 3558/3354/6714 2282/3312/6714
f 291/1672/6715 1524/1677/6715 3559/3355/6715
f 552/1665/6716 1520/3351/6716 3559/3355/6716
f 2304/1670/6717 3559/3355/6717 1520/3351/6717
f 292/1650/6718 939/1651/6718 3560/3356/6718
f 286/1645/6719 1517/1663/6719 3560/3356/6719
f 2305/1674/6720 3560/3356/6720 1517/1663/6720
f 554/1683/6721 2306/1682/6721 3561/3357/6721
f 1526/1686/6722 3561/3357/6722 2306/1682/6722
f 555/1689/6723 2307/3358/6723 3561/3357/6723
f 1528/1798/6724 3562/3359/6724 929/3318/6724
f 554/1683/6725 2311/1695/6725 3562/3359/6725
f 546/1591/6726 929/3318/6726 3562/3359/6726
f 1527/1688/6727 3563/3360/6727 2308/1692/6727
f 287/1657/6728 940/1660/6728 3563/3360/6728
f 292/1650/6729 2308/1692/6729 3563/3360/6729
f 2307/3358/6730 3564/3361/6730 2309/1693/6730
f 555/1689/6731 1529/1691/6731 3564/3361/6731
f 291/1672/6732 2309/1693/6732 3564/3361/6732
f 567/1703/6733 1533/1702/6733 3565/3362/6733
f 1532/1712/6734 3565/3362/6734 1533/1702/6734
f 2338/1822/6735 3565/3362/6735 1532/1712/6735
f 1535/1720/6736 3566/3364/6736 1536/3363/6736
f 2313/1706/6737 3566/3364/6737 1535/1720/6737
f 307/1710/6738 1536/3363/6738 3566/3364/6738
f 947/1715/6739 3567/3366/6739 1540/1732/6739
f 1538/3365/6740 3567/3366/6740 947/1715/6740
f 557/1723/6741 1540/1732/6741 3567/3366/6741
f 299/1735/6742 2316/1947/6742 3568/3367/6742
f 2314/1719/6743 3568/3367/6743 2316/1947/6743
f 1562/1733/6744 3568/3367/6744 2314/1719/6744
f 299/1735/6745 2317/1734/6745 3569/3368/6745
f 1566/1809/6746 3569/3368/6746 2317/1734/6746
f 558/1751/6747 2315/3369/6747 3569/3368/6747
f 298/1726/6748 1537/1727/6748 3570/3370/6748
f 1610/3372/6749 3570/3370/6749 1537/1727/6749
f 318/1933/6750 2318/3371/6750 3570/3370/6750
f 318/1933/6751 1616/3374/6751 3571/3373/6751
f 583/1739/6752 1541/3375/6752 3571/3373/6752
f 2318/3371/6753 3571/3373/6753 1541/3375/6753
f 298/1726/6754 1541/3375/6754 3572/3376/6754
f 2319/1741/6755 3572/3376/6755 1541/3375/6755
f 949/1806/6756 3572/3376/6756 2319/1741/6756
f 319/1746/6757 1614/3378/6757 3573/3377/6757
f 2315/3369/6758 3573/3377/6758 1614/3378/6758
f 558/1751/6759 2321/1750/6759 3573/3377/6759
f 584/1752/6760 1543/1754/6760 3574/3379/6760
f 951/1771/6761 3574/3379/6761 1543/1754/6761
f 301/1772/6762 2323/1964/6762 3574/3379/6762
f 1544/1760/6763 3575/3380/6763 2388/1958/6763
f 302/1762/6764 1545/3381/6764 3575/3380/6764
f 559/1767/6765 2388/1958/6765 3575/3380/6765
f 953/1788/6766 3576/3382/6766 2324/1764/6766
f 561/1786/6767 1548/3383/6767 3576/3382/6767
f 2324/1764/6768 3576/3382/6768 1548/3383/6768
f 954/1791/6769 3577/3384/6769 1548/3383/6769
f 304/1745/6770 950/1744/6770 3577/3384/6770
f 1548/3383/6771 3577/3384/6771 950/1744/6771
f 560/3385/6772 2330/3388/6772 3578/3386/6772
f 305/1780/6773 1550/1779/6773 3578/3386/6773
f 956/3387/6774 3578/3386/6774 1550/1779/6774
f 1551/3389/6775 3579/3390/6775 2326/1774/6775
f 560/3385/6776 1549/3391/6776 3579/3390/6776
f 301/1772/6777 2326/1774/6777 3579/3390/6777
f 302/1762/6778 1553/2033/6778 3580/3392/6778
f 1547/1765/6779 3580/3392/6779 1553/2033/6779
f 1545/3381/6780 3580/3392/6780 1547/1765/6780
f 1551/3389/6781 3581/3394/6781 2330/3388/6781
f 957/3393/6782 3581/3394/6782 1551/3389/6782
f 305/1780/6783 2330/3388/6783 3581/3394/6783
f 284/1642/6784 937/3333/6784 3582/3395/6784
f 283/1630/6785 1557/1803/6785 3582/3395/6785
f 2332/1805/6786 3582/3395/6786 1557/1803/6786
f 283/1630/6787 1506/1632/6787 3583/3396/6787
f 1561/1815/6788 3583/3396/6788 1506/1632/6788
f 563/1729/6789 2331/1802/6789 3583/3396/6789
f 1558/1810/6790 3584/3397/6790 2334/1812/6790
f 290/1652/6791 942/1654/6791 3584/3397/6791
f 289/1658/6792 2334/1812/6792 3584/3397/6792
f 566/1737/6793 2336/1821/6793 3585/3398/6793
f 1513/3343/6794 3585/3398/6794 2336/1821/6794
f 290/1652/6795 2333/1811/6795 3585/3398/6795
f 1559/1816/6796 3586/3399/6796 2335/1731/6796
f 277/1818/6797 1560/1825/6797 3586/3399/6797
f 564/1716/6798 2335/1731/6798 3586/3399/6798
f 565/1722/6799 1563/3401/6799 3587/3400/6799
f 280/1614/6800 1564/1819/6800 3587/3400/6800
f 1565/1738/6801 3587/3400/6801 1564/1819/6801
f 2347/1850/6802 3588/3402/6802 2339/1828/6802
f 306/1846/6803 958/3403/6803 3588/3402/6803
f 567/1703/6804 2339/1828/6804 3588/3402/6804
f 1567/1830/6805 3589/3404/6805 1536/3363/6805
f 280/1614/6806 1563/3401/6806 3589/3404/6806
f 565/1722/6807 1536/3363/6807 3589/3404/6807
f 307/1710/6808 1568/1840/6808 3590/3405/6808
f 570/1842/6809 959/3406/6809 3590/3405/6809
f 2340/1829/6810 3590/3405/6810 959/3406/6810
f 308/1222/6811 1570/1837/6811 3591/3407/6811
f 567/1703/6812 958/3403/6812 3591/3407/6812
f 1569/1885/6813 3591/3407/6813 958/3403/6813
f 556/1242/6814 1530/1910/6814 3592/3408/6814
f 293/1697/6815 1571/1835/6815 3592/3408/6815
f 2342/3193/6816 3592/3408/6816 1571/1835/6816
f 1572/1845/6817 3593/3409/6817 946/1709/6817
f 568/1234/6818 2343/1839/6818 3593/3409/6818
f 307/1710/6819 946/1709/6819 3593/3409/6819
f 228/1211/6820 872/3190/6820 3594/3410/6820
f 2363/3411/6821 3594/3410/6821 872/3190/6821
f 2346/3195/6822 3594/3410/6822 2363/3411/6822
f 1573/1849/6823 3595/3412/6823 2349/1855/6823
f 276/1601/6824 1574/1603/6824 3595/3412/6824
f 569/1607/6825 2349/1855/6825 3595/3412/6825
f 577/1856/6826 1575/1854/6826 3596/3413/6826
f 2351/1858/6827 3596/3413/6827 1575/1854/6827
f 309/1158/6828 2348/3414/6828 3596/3413/6828
f 570/1842/6829 962/3416/6829 3597/3415/6829
f 310/1863/6830 1576/1862/6830 3597/3415/6830
f 959/3406/6831 3597/3415/6831 1576/1862/6831
f 310/1863/6832 1589/3418/6832 3598/3417/6832
f 1577/1868/6833 3598/3417/6833 1589/3418/6833
f 2352/1861/6834 3598/3417/6834 1577/1868/6834
f 281/1627/6835 1578/1870/6835 3599/3419/6835
f 961/1859/6836 3599/3419/6836 1578/1870/6836
f 2293/1625/6837 3599/3419/6837 961/1859/6837
f 221/1172/6838 870/3178/6838 3600/3420/6838
f 225/1207/6839 1580/3421/6839 3600/3420/6839
f 1579/1170/6840 3600/3420/6840 1580/3421/6840
f 1580/3421/6841 3601/3423/6841 963/3422/6841
f 225/1207/6842 1581/1204/6842 3601/3423/6842
f 963/3422/6843 3601/3423/6843 1581/1204/6843
f 222/1181/6844 868/3170/6844 3602/3424/6844
f 576/1164/6845 2364/1890/6845 3602/3424/6845
f 869/3176/6846 3602/3424/6846 2364/1890/6846
f 963/3422/6847 3603/3425/6847 2358/1881/6847
f 1583/1883/6848 3603/3425/6848 963/3422/6848
f 575/1851/6849 2358/1881/6849 3603/3425/6849
f 577/1856/6850 1591/3427/6850 3604/3426/6850
f 574/1154/6851 1584/1880/6851 3604/3426/6851
f 2359/1853/6852 3604/3426/6852 1584/1880/6852
f 310/1863/6853 1588/3429/6853 3605/3428/6853
f 2356/1877/6854 3605/3428/6854 1588/3429/6854
f 2360/1887/6855 3605/3428/6855 2356/1877/6855
f 2361/1888/6856 3606/3430/6856 1589/3418/6856
f 576/1164/6857 964/1892/6857 3606/3430/6857
f 312/1866/6858 1589/3418/6858 3606/3430/6858
f 2362/3431/6859 3607/3432/6859 2344/1841/6859
f 962/3416/6860 3607/3432/6860 2362/3431/6860
f 570/1842/6861 2344/1841/6861 3607/3432/6861
f 2363/3411/6862 3608/3433/6862 2362/3431/6862
f 573/1214/6863 1588/3429/6863 3608/3433/6863
f 2362/3431/6864 3608/3433/6864 1588/3429/6864
f 574/1154/6865 1591/3427/6865 3609/3434/6865
f 577/1856/6866 1590/3435/6866 3609/3434/6866
f 866/3164/6867 3609/3434/6867 1590/3435/6867
f 309/1158/6868 2182/3167/6868 3610/3436/6868
f 509/3165/6869 1590/3435/6869 3610/3436/6869
f 2348/3414/6870 3610/3436/6870 1590/3435/6870
f 1592/1893/6871 3611/3437/6871 2365/1869/6871
f 220/1161/6872 2367/1167/6872 3611/3437/6872
f 309/1158/6873 2365/1869/6873 3611/3437/6873
f 1595/1904/6874 3612/3440/6874 1594/3438/6874
f 965/3439/6875 3612/3440/6875 1595/1904/6875
f 313/1700/6876 1594/3438/6876 3612/3440/6876
f 579/1900/6877 1594/3438/6877 3613/3441/6877
f 1596/1701/6878 3613/3441/6878 1594/3438/6878
f 2371/1907/6879 3613/3441/6879 1596/1701/6879
f 230/1245/6880 1593/1902/6880 3614/3442/6880
f 1597/1908/6881 3614/3442/6881 1593/1902/6881
f 877/1243/6882 3614/3442/6882 1597/1908/6882
f 232/1252/6883 878/1251/6883 3615/3443/6883
f 1599/3444/6884 3615/3443/6884 878/1251/6884
f 2372/1565/6885 3615/3443/6885 1599/3444/6885
f 1599/3444/6886 3616/3446/6886 1598/3445/6886
f 1600/1912/6887 3616/3446/6887 1599/3444/6887
f 580/1915/6888 1598/3445/6888 3616/3446/6888
f 1601/1913/6889 3617/3447/6889 2374/1918/6889
f 19/1235/6890 2312/1844/6890 3617/3447/6890
f 295/1707/6891 2374/1918/6891 3617/3447/6891
f 314/1564/6892 1598/3445/6892 3618/3448/6892
f 580/1915/6893 2376/1919/6893 3618/3448/6893
f 1607/1927/6894 3618/3448/6894 2376/1919/6894
f 316/1906/6895 966/1930/6895 3619/3449/6895
f 581/1934/6896 1603/3450/6896 3619/3449/6896
f 965/3439/6897 3619/3449/6897 1603/3450/6897
f 313/1700/6898 1603/3450/6898 3620/3451/6898
f 1604/3452/6899 3620/3451/6899 1603/3450/6899
f 296/1713/6900 2378/1711/6900 3620/3451/6900
f 297/1717/6901 1613/1946/6901 3621/3453/6901
f 1606/3454/6902 3621/3453/6902 1613/1946/6902
f 294/1704/6903 1534/1721/6903 3621/3453/6903
f 1606/3454/6904 3622/3455/6904 2380/1921/6904
f 317/1942/6905 2379/1943/6905 3622/3455/6905
f 582/1922/6906 2380/1921/6906 3622/3455/6906
f 2382/1935/6907 3623/3456/6907 2381/1932/6907
f 610/1937/6908 969/3457/6908 3623/3456/6908
f 2381/1932/6909 3623/3456/6909 969/3457/6909
f 1609/1931/6910 3624/3459/6910 1611/3458/6910
f 1610/3372/6911 3624/3459/6911 1609/1931/6911
f 557/1723/6912 1611/3458/6912 3624/3459/6912
f 581/1934/6913 1611/3458/6913 3625/3460/6913
f 1538/3365/6914 3625/3460/6914 1611/3458/6914
f 296/1713/6915 1604/3452/6915 3625/3460/6915
f 2384/1960/6916 3626/3461/6916 2383/1939/6916
f 320/1962/6917 970/3462/6917 3626/3461/6917
f 2383/1939/6918 3626/3461/6918 970/3462/6918
f 971/2339/6919 3627/3463/6919 970/3462/6919
f 617/1567/6920 967/1928/6920 3627/3463/6920
f 582/1922/6921 970/3462/6921 3627/3463/6921
f 299/1735/6922 1614/3378/6922 3628/3464/6922
f 1612/1940/6923 3628/3464/6923 1614/3378/6923
f 2385/1945/6924 3628/3464/6924 1612/1940/6924
f 300/1742/6925 2320/1743/6925 3629/3465/6925
f 583/1739/6926 1615/1949/6926 3629/3465/6926
f 2389/1956/6927 3629/3465/6927 1615/1949/6927
f 583/1739/6928 1616/3374/6928 3630/3466/6928
f 318/1933/6929 969/3457/6929 3630/3466/6929
f 2387/1953/6930 3630/3466/6930 969/3457/6930
f 1618/3467/6931 3631/3469/6931 2390/1961/6931
f 412/3468/6932 1621/3470/6932 3631/3469/6932
f 2390/1961/6933 3631/3469/6933 1621/3470/6933
f 1619/1965/6934 3632/3471/6934 1618/3467/6934
f 20/1783/6935 1875/3472/6935 3632/3471/6935
f 412/3468/6936 1618/3467/6936 3632/3471/6936
f 1549/3391/6937 3633/3473/6937 1620/1966/6937
f 560/3385/6938 956/3387/6938 3633/3473/6938
f 20/1783/6939 1620/1966/6939 3633/3473/6939
f 268/3292/6940 1626/3298/6940 3634/3474/6940
f 1628/3476/6941 3634/3474/6941 1626/3298/6941
f 2391/3475/6942 3634/3474/6942 1628/3476/6942
f 1628/3476/6943 3635/3478/6943 1627/1984/6943
f 1629/3477/6944 3635/3478/6944 1628/3476/6944
f 26/1982/6945 1627/1984/6945 3635/3478/6945
f 325/1553/6946 1630/1994/6946 3636/3479/6946
f 1631/3481/6947 3636/3479/6947 1630/1994/6947
f 976/3480/6948 3636/3479/6948 1631/3481/6948
f 605/2251/6949 1631/3481/6949 3637/3482/6949
f 1632/3483/6950 3637/3482/6950 1631/3481/6950
f 367/2050/6951 2450/2267/6951 3637/3482/6951
f 1625/1973/6952 3638/3484/6952 1632/3483/6952
f 323/1972/6953 977/2047/6953 3638/3484/6953
f 1632/3483/6954 3638/3484/6954 977/2047/6954
f 237/1267/6955 2211/1280/6955 3639/3485/6955
f 236/1282/6956 1638/1999/6956 3639/3485/6956
f 2392/1991/6957 3639/3485/6957 1638/1999/6957
f 980/2006/6958 3640/3486/6958 2393/1997/6958
f 329/1285/6959 882/1284/6959 3640/3486/6959
f 238/1270/6960 2393/1997/6960 3640/3486/6960
f 1459/3260/6961 3641/3488/6961 2395/3487/6961
f 326/1456/6962 981/1460/6962 3641/3488/6962
f 259/1433/6963 2395/3487/6963 3641/3488/6963
f 236/1282/6964 2395/3487/6964 3642/3489/6964
f 1637/3490/6965 3642/3489/6965 2395/3487/6965
f 327/2000/6966 2396/1998/6966 3642/3489/6966
f 1637/3490/6967 3643/3491/6967 982/2011/6967
f 259/1433/6968 911/1430/6968 3643/3491/6968
f 982/2011/6969 3643/3491/6969 911/1430/6969
f 912/1436/6970 3644/3492/6970 984/2019/6970
f 261/1438/6971 1639/3493/6971 3644/3492/6971
f 984/2019/6972 3644/3492/6972 1639/3493/6972
f 328/2003/6973 1639/3493/6973 3645/3494/6973
f 1640/3495/6974 3645/3494/6974 1639/3493/6974
f 329/1285/6975 1641/2007/6975 3645/3494/6975
f 261/1438/6976 985/3259/6976 3646/3496/6976
f 530/1465/6977 2401/1470/6977 3646/3496/6977
f 1640/3495/6978 3646/3496/6978 2401/1470/6978
f 1642/2015/6979 3647/3497/6979 2397/2012/6979
f 2398/2002/6980 3647/3497/6980 1642/2015/6980
f 327/2000/6981 2397/2012/6981 3647/3497/6981
f 245/1313/6982 2275/1539/6982 3648/3498/6982
f 271/1541/6983 1643/2017/6983 3648/3498/6983
f 1629/3477/6984 3648/3498/6984 1643/2017/6984
f 1644/2025/6985 3649/3500/6985 987/2037/6985
f 1645/3499/6986 3649/3500/6986 1644/2025/6986
f 330/2038/6987 987/2037/6987 3649/3500/6987
f 302/1762/6988 952/1761/6988 3650/3501/6988
f 1646/2022/6989 3650/3501/6989 952/1761/6989
f 2402/2032/6990 3650/3501/6990 1646/2022/6990
f 421/2023/6991 1076/3503/6991 3651/3502/6991
f 22/2061/6992 986/2060/6992 3651/3502/6992
f 1645/3499/6993 3651/3502/6993 986/2060/6993
f 593/2087/6994 2404/3506/6994 3652/3504/6994
f 1647/2028/6995 3652/3504/6995 2404/3506/6995
f 988/3505/6996 3652/3504/6996 1647/2028/6996
f 2403/2030/6997 3653/3508/6997 1652/3507/6997
f 1648/1778/6998 3653/3508/6998 2403/2030/6998
f 305/1780/6999 1652/3507/6999 3653/3508/6999
f 1659/3509/7000 3654/3510/7000 2404/3506/7000
f 590/2065/7001 2576/3511/7001 3654/3510/7001
f 422/2026/7002 2404/3506/7002 3654/3510/7002
f 1649/2034/7003 3655/3512/7003 927/1575/7003
f 587/1581/7004 1650/1580/7004 3655/3512/7004
f 927/1575/7005 3655/3512/7005 1650/1580/7005
f 988/3505/7006 3656/3513/7006 1666/2085/7006
f 274/2031/7007 990/2095/7007 3656/3513/7007
f 1666/2085/7008 3656/3513/7008 990/2095/7008
f 957/3393/7009 3657/3514/7009 1652/3507/7009
f 21/1776/7010 1653/2042/7010 3657/3514/7010
f 1652/3507/7011 3657/3514/7011 1653/2042/7011
f 1654/3515/7012 3658/3516/7012 2406/2055/7012
f 991/2714/7013 3658/3516/7013 1654/3515/7013
f 331/2049/7014 2406/2055/7014 3658/3516/7014
f 1655/3517/7015 3659/3518/7015 1654/3515/7015
f 332/2056/7016 2407/2058/7016 3659/3518/7016
f 22/2061/7017 1654/3515/7017 3659/3518/7017
f 333/2064/7018 975/2091/7018 3660/3519/7018
f 1658/3520/7019 3660/3519/7019 975/2091/7019
f 1656/2069/7020 3660/3519/7020 1658/3520/7020
f 978/1985/7021 3661/3521/7021 1658/3520/7021
f 608/1986/7022 1893/3522/7022 3661/3521/7022
f 1658/3520/7023 3661/3521/7023 1893/3522/7023
f 589/2067/7024 2411/2068/7024 3662/3523/7024
f 1659/3509/7025 3662/3523/7025 2411/2068/7025
f 593/2087/7026 992/2088/7026 3662/3523/7026
f 1661/2076/7027 3663/3525/7027 1660/3524/7027
f 1655/3517/7028 3663/3525/7028 1661/2076/7028
f 588/2052/7029 1660/3524/7029 3663/3525/7029
f 334/1474/7030 1665/2036/7030 3664/3526/7030
f 330/2038/7031 2410/2059/7031 3664/3526/7031
f 332/2056/7032 2413/2075/7032 3664/3526/7032
f 1660/3524/7033 3665/3527/7033 2414/2077/7033
f 588/2052/7034 974/2054/7034 3665/3527/7034
f 323/1972/7035 2414/2077/7035 3665/3527/7035
f 532/2083/7036 922/3278/7036 3666/3528/7036
f 1663/2081/7037 3666/3528/7037 922/3278/7037
f 589/2067/7038 2416/2086/7038 3666/3528/7038
f 1664/3296/7039 3667/3529/7039 2417/2089/7039
f 2391/3475/7040 3667/3529/7040 1664/3296/7040
f 324/1987/7041 2417/2089/7041 3667/3529/7041
f 989/1579/7042 3668/3530/7042 1465/1486/7042
f 1651/2039/7043 3668/3530/7043 989/1579/7043
f 334/1474/7044 1465/1486/7044 3668/3530/7044
f 594/2292/7045 995/2293/7045 3669/3531/7045
f 611/2290/7046 1667/3533/7046 3669/3531/7046
f 2419/3532/7047 3669/3531/7047 1667/3533/7047
f 335/2109/7048 1667/3533/7048 3670/3534/7048
f 2420/3536/7049 3670/3534/7049 1667/3533/7049
f 336/2243/7050 994/3535/7050 3670/3534/7050
f 335/2109/7051 994/3535/7051 3671/3537/7051
f 336/2243/7052 1713/2242/7052 3671/3537/7052
f 2421/2114/7053 3671/3537/7053 1713/2242/7053
f 1672/3538/7054 3672/3539/7054 2422/2122/7054
f 340/2104/7055 1673/2105/7055 3672/3539/7055
f 27/2101/7056 2422/2122/7056 3672/3539/7056
f 647/2111/7057 997/2117/7057 3673/3540/7057
f 2425/3541/7058 3673/3540/7058 997/2117/7058
f 2426/2130/7059 3673/3540/7059 2425/3541/7059
f 342/2151/7060 1676/3544/7060 3674/3542/7060
f 2427/3543/7061 3674/3542/7061 1676/3544/7061
f 999/2154/7062 3674/3542/7062 2427/3543/7062
f 1000/2236/7063 3675/3545/7063 1676/3544/7063
f 998/2120/7064 3675/3545/7064 1000/2236/7064
f 339/2123/7065 1676/3544/7065 3675/3545/7065
f 1678/2137/7066 3676/3547/7066 1833/2578/7066
f 2428/3546/7067 3676/3547/7067 1678/2137/7067
f 643/2560/7068 1833/2578/7068 3676/3547/7068
f 341/2128/7069 1001/2224/7069 3677/3548/7069
f 1677/2136/7070 3677/3548/7070 1001/2224/7070
f 595/2133/7071 1674/2132/7071 3677/3548/7071
f 2428/3546/7072 3678/3549/7072 1828/2564/7072
f 348/2139/7073 1003/3550/7073 3678/3549/7073
f 349/2565/7074 1828/2564/7074 3678/3549/7074
f 346/2156/7075 1680/2155/7075 3679/3551/7075
f 1681/2145/7076 3679/3551/7076 1680/2155/7076
f 1684/3552/7077 3679/3551/7077 1681/2145/7077
f 354/2205/7078 2430/3555/7078 3680/3553/7078
f 1684/3552/7079 3680/3553/7079 2430/3555/7079
f 352/2150/7080 1689/3554/7080 3680/3553/7080
f 350/2164/7081 1687/3558/7081 3681/3556/7081
f 1688/3557/7082 3681/3556/7082 1687/3558/7082
f 1686/2162/7083 3681/3556/7083 1688/3557/7083
f 1688/3557/7084 3682/3560/7084 2431/3559/7084
f 2436/2183/7085 3682/3560/7085 1688/3557/7085
f 401/2185/7086 2431/3559/7086 3682/3560/7086
f 354/2205/7087 1689/3554/7087 3683/3561/7087
f 352/2150/7088 2432/2169/7088 3683/3561/7088
f 1690/2203/7089 3683/3561/7089 2432/2169/7089
f 351/2175/7090 1687/3558/7090 3684/3562/7090
f 1009/3564/7091 3684/3562/7091 1687/3558/7091
f 599/3565/7092 2433/3563/7092 3684/3562/7092
f 2435/3566/7093 3685/3567/7093 2434/2179/7093
f 355/2265/7094 1010/3568/7094 3685/3567/7094
f 368/2180/7095 2434/2179/7095 3685/3567/7095
f 2433/3563/7096 3686/3569/7096 2435/3566/7096
f 599/3565/7097 1692/3570/7097 3686/3569/7097
f 2435/3566/7098 3686/3569/7098 1692/3570/7098
f 2461/2280/7099 3687/3571/7099 1694/2187/7099
f 358/2283/7100 1693/3572/7100 3687/3571/7100
f 1694/2187/7101 3687/3571/7101 1693/3572/7101
f 358/2283/7102 2439/3574/7102 3688/3573/7102
f 1007/2167/7103 3688/3573/7103 2439/3574/7103
f 597/2170/7104 1693/3572/7104 3688/3573/7104
f 597/2170/7105 1695/3576/7105 3689/3575/7105
f 356/2542/7106 1012/2722/7106 3689/3575/7106
f 2438/2186/7107 3689/3575/7107 1012/2722/7107
f 597/2170/7108 1005/2174/7108 3690/3577/7108
f 1011/3578/7109 3690/3577/7109 1005/2174/7109
f 356/2542/7110 1695/3576/7110 3690/3577/7110
f 350/2164/7111 1696/2199/7111 3691/3579/7111
f 598/2197/7112 1697/3580/7112 3691/3579/7112
f 1009/3564/7113 3691/3579/7113 1697/3580/7113
f 1013/3581/7114 3692/3582/7114 2439/3574/7114
f 359/2200/7115 1698/2202/7115 3692/3582/7115
f 353/2165/7116 2439/3574/7116 3692/3582/7116
f 1701/2450/7117 3693/3583/7117 2444/2221/7117
f 600/2192/7118 1699/2194/7118 3693/3583/7118
f 596/2140/7119 2444/2221/7119 3693/3583/7119
f 1016/3584/7120 3694/3587/7120 1706/3585/7120
f 1704/3586/7121 3694/3587/7121 1016/3584/7121
f 346/2156/7122 1706/3585/7122 3694/3587/7122
f 29/2212/7123 1706/3585/7123 3695/3588/7123
f 346/2156/7124 2430/3555/7124 3695/3588/7124
f 1705/2210/7125 3695/3588/7125 2430/3555/7125
f 361/2235/7126 1017/2234/7126 3696/3589/7126
f 1683/2153/7127 3696/3589/7127 1017/2234/7127
f 1704/3586/7128 3696/3589/7128 1683/2153/7128
f 604/2238/7129 1707/3592/7129 3697/3590/7129
f 1708/3591/7130 3697/3590/7130 1707/3592/7130
f 28/2115/7131 2449/2241/7131 3697/3590/7131
f 602/2420/7132 1709/2419/7132 3698/3593/7132
f 2445/2223/7133 3698/3593/7133 1709/2419/7133
f 341/2128/7134 2446/3594/7134 3698/3593/7134
f 1708/3591/7135 3699/3595/7135 2425/3541/7135
f 602/2420/7136 2446/3594/7136 3699/3595/7136
f 341/2128/7137 2425/3541/7137 3699/3595/7137
f 2448/3596/7138 3700/3598/7138 1715/3597/7138
f 1712/2240/7139 3700/3598/7139 2448/3596/7139
f 336/2243/7140 1715/3597/7140 3700/3598/7140
f 363/2225/7141 1714/2248/7141 3701/3599/7141
f 1672/3538/7142 3701/3599/7142 1714/2248/7142
f 343/2118/7143 2447/2228/7143 3701/3599/7143
f 2420/3536/7144 3702/3600/7144 1715/3597/7144
f 1022/2331/7145 3702/3600/7145 2420/3536/7145
f 365/2328/7146 1715/3597/7146 3702/3600/7146
f 364/2246/7147 1716/3602/7147 3703/3601/7147
f 1669/2106/7148 3703/3601/7148 1716/3602/7148
f 1021/2244/7149 3703/3601/7149 1669/2106/7149
f 976/3480/7150 3704/3603/7150 2452/1555/7150
f 605/2251/7151 1717/2250/7151 3704/3603/7151
f 2452/1555/7152 3704/3603/7152 1717/2250/7152
f 605/2251/7153 1718/3605/7153 3705/3604/7153
f 1749/2347/7154 3705/3604/7154 1718/3605/7154
f 2451/2249/7155 3705/3604/7155 1749/2347/7155
f 1719/2261/7156 3706/3606/7156 2453/2258/7156
f 1726/2285/7157 3706/3606/7157 1719/2261/7157
f 616/2259/7158 2453/2258/7158 3706/3606/7158
f 368/2180/7159 1010/3568/7159 3707/3607/7159
f 355/2265/7160 1720/2264/7160 3707/3607/7160
f 2455/3608/7161 3707/3607/7161 1720/2264/7161
f 355/2265/7162 1692/3570/7162 3708/3609/7162
f 1733/3610/7163 3708/3609/7163 1692/3570/7163
f 612/2269/7164 2456/2270/7164 3708/3609/7164
f 1721/2271/7165 3709/3612/7165 1718/3605/7165
f 1736/3611/7166 3709/3612/7166 1721/2271/7166
f 373/2345/7167 1718/3605/7167 3709/3612/7167
f 1722/2273/7168 3710/3614/7168 1723/3613/7168
f 608/1986/7169 1724/1990/7169 3710/3614/7169
f 607/1981/7170 1723/3613/7170 3710/3614/7170
f 606/2190/7171 1723/3613/7171 3711/3615/7171
f 2459/2275/7172 3711/3615/7172 1723/3613/7172
f 613/2278/7173 2460/2281/7173 3711/3615/7173
f 366/1545/7174 1024/2254/7174 3712/3616/7174
f 1746/3617/7175 3712/3616/7175 1024/2254/7175
f 2462/1549/7176 3712/3616/7176 1746/3617/7176
f 610/1937/7177 1728/3619/7177 3713/3618/7177
f 370/2322/7178 1729/2329/7178 3713/3618/7178
f 2464/2288/7179 3713/3618/7179 1729/2329/7179
f 369/2684/7180 1727/3621/7180 3714/3620/7180
f 610/1937/7181 1730/2289/7181 3714/3620/7181
f 2465/2688/7182 3714/3620/7182 1730/2289/7182
f 2468/3622/7183 3715/3624/7183 2466/2296/7183
f 378/3623/7184 1025/3625/7184 3715/3624/7184
f 320/1962/7185 2466/2296/7185 3715/3624/7185
f 1731/2295/7186 3716/3627/7186 2467/3626/7186
f 320/1962/7187 1026/3629/7187 3716/3627/7187
f 371/3628/7188 2467/3626/7188 3716/3627/7188
f 1732/3630/7189 3717/3633/7189 2469/3631/7189
f 1765/3632/7190 3717/3633/7190 1732/3630/7190
f 622/2308/7191 2469/3631/7191 3717/3633/7191
f 599/3565/7192 1697/3580/7192 3718/3634/7192
f 1732/3630/7193 3718/3634/7193 1697/3580/7193
f 1733/3610/7194 3718/3634/7194 1732/3630/7194
f 375/2302/7195 1027/2383/7195 3719/3635/7195
f 1734/3636/7196 3719/3635/7196 1027/2383/7196
f 1735/2303/7197 3719/3635/7197 1734/3636/7197
f 1734/3636/7198 3720/3637/7198 2470/2282/7198
f 1013/3581/7199 3720/3637/7199 1734/3636/7199
f 358/2283/7200 2470/2282/7200 3720/3637/7200
f 372/2305/7201 1028/3640/7201 3721/3638/7201
f 2472/3639/7202 3721/3638/7202 1028/3640/7202
f 2471/2309/7203 3721/3638/7203 2472/3639/7203
f 1736/3611/7204 3722/3641/7204 2472/3639/7204
f 612/2269/7205 2469/3631/7205 3722/3641/7205
f 2472/3639/7206 3722/3641/7206 2469/3631/7206
f 2474/3642/7207 3723/3643/7207 1759/2362/7207
f 1738/2307/7208 3723/3643/7208 2474/3642/7208
f 620/2311/7209 1759/2362/7209 3723/3643/7209
f 621/2315/7210 1739/2314/7210 3724/3644/7210
f 1740/2319/7211 3724/3644/7211 1739/2314/7211
f 1030/3645/7212 3724/3644/7212 1740/2319/7212
f 1034/3646/7213 3725/3647/7213 2475/2326/7213
f 614/2333/7214 1747/2344/7214 3725/3647/7214
f 2475/2326/7215 3725/3647/7215 1747/2344/7215
f 376/2327/7216 1741/3650/7216 3726/3648/7216
f 2474/3642/7217 3726/3648/7217 1741/3650/7217
f 1758/3649/7218 3726/3648/7218 2474/3642/7218
f 1032/3651/7219 3727/3653/7219 2476/3652/7219
f 30/2336/7220 1033/3654/7220 3727/3653/7220
f 2476/3652/7221 3727/3653/7221 1033/3654/7221
f 378/3623/7222 1743/3657/7222 3728/3655/7222
f 1035/3656/7223 3728/3655/7223 1743/3657/7223
f 2476/3652/7224 3728/3655/7224 1035/3656/7224
f 2468/3622/7225 3729/3658/7225 1743/3657/7225
f 337/2102/7226 1716/3602/7226 3729/3658/7226
f 364/2246/7227 1743/3657/7227 3729/3658/7227
f 610/1937/7228 1744/2335/7228 3730/3659/7228
f 1034/3646/7229 3730/3659/7229 1744/2335/7229
f 370/2322/7230 1728/3619/7230 3730/3659/7230
f 378/3623/7231 1033/3654/7231 3731/3660/7231
f 1745/2338/7232 3731/3660/7232 1033/3654/7232
f 320/1962/7233 1025/3625/7233 3731/3660/7233
f 1028/3640/7234 3732/3661/7234 2480/2348/7234
f 372/2305/7235 1741/3650/7235 3732/3661/7235
f 2480/2348/7236 3732/3661/7236 1741/3650/7236
f 315/1548/7237 1746/3617/7237 3733/3662/7237
f 1750/2342/7238 3733/3662/7238 1746/3617/7238
f 614/2333/7239 2479/2332/7239 3733/3662/7239
f 1752/2352/7240 3734/3664/7240 1751/3663/7240
f 1032/3651/7241 3734/3664/7241 1752/2352/7241
f 377/2316/7242 1751/3663/7242 3734/3664/7242
f 379/2260/7243 1754/2257/7243 3735/3665/7243
f 616/2259/7244 1751/3663/7244 3735/3665/7244
f 2481/2349/7245 3735/3665/7245 1751/3663/7245
f 376/2327/7246 1758/3649/7246 3736/3666/7246
f 619/2365/7247 2484/3667/7247 3736/3666/7247
f 1756/2353/7248 3736/3666/7248 2484/3667/7248
f 1035/3656/7249 3737/3669/7249 2485/2359/7249
f 1036/3668/7250 3737/3669/7250 1035/3656/7250
f 618/2360/7251 2485/2359/7251 3737/3669/7251
f 1030/3645/7252 3738/3670/7252 1762/2374/7252
f 380/2321/7253 1038/2494/7253 3738/3670/7253
f 381/2375/7254 1762/2374/7254 3738/3670/7254
f 620/2311/7255 1760/2368/7255 3739/3671/7255
f 382/2369/7256 2513/2467/7256 3739/3671/7256
f 1037/2361/7257 3739/3671/7257 2513/2467/7257
f 2486/2313/7258 3740/3673/7258 1764/3672/7258
f 621/2315/7259 1761/2372/7259 3740/3673/7259
f 1764/3672/7260 3740/3673/7260 1761/2372/7260
f 1763/2367/7261 3741/3674/7261 2487/2501/7261
f 1768/2382/7262 3741/3674/7262 1763/2367/7262
f 623/2380/7263 2487/2501/7263 3741/3674/7263
f 383/3675/7264 2488/3678/7264 3742/3676/7264
f 1764/3672/7265 3742/3676/7265 2488/3678/7265
f 1790/3677/7266 3742/3676/7266 1764/3672/7266
f 1766/3679/7267 3743/3680/7267 1765/3632/7267
f 398/2379/7268 1767/2378/7268 3743/3680/7268
f 1765/3632/7269 3743/3680/7269 1767/2378/7269
f 1770/2385/7270 3744/3682/7270 1040/3681/7270
f 375/2302/7271 2488/3678/7271 3744/3682/7271
f 383/3675/7272 1040/3681/7272 3744/3682/7272
f 385/2388/7273 2489/3685/7273 3745/3683/7273
f 365/2328/7274 1755/2356/7274 3745/3683/7274
f 2490/3684/7275 3745/3683/7275 1755/2356/7275
f 2490/3684/7276 3746/3687/7276 2491/2392/7276
f 2521/3686/7277 3746/3687/7277 2490/3684/7277
f 634/2393/7278 2491/2392/7278 3746/3687/7278
f 1036/3668/7279 3747/3689/7279 1771/3688/7279
f 364/2246/7280 2495/3690/7280 3747/3689/7280
f 387/2398/7281 1771/3688/7281 3747/3689/7281
f 635/2397/7282 1773/3692/7282 3748/3691/7282
f 1771/3688/7283 3748/3691/7283 1773/3692/7283
f 1772/2395/7284 3748/3691/7284 1771/3688/7284
f 2448/3596/7285 3749/3693/7285 2492/2408/7285
f 2489/3685/7286 3749/3693/7286 2448/3596/7286
f 385/2388/7287 2492/2408/7287 3749/3693/7287
f 387/2398/7288 2495/3690/7288 3750/3694/7288
f 1020/2245/7289 3750/3694/7289 2495/3690/7289
f 2493/2409/7290 3750/3694/7290 1020/2245/7290
f 602/2420/7291 1707/3592/7291 3751/3695/7291
f 1042/2403/7292 3751/3695/7292 1707/3592/7292
f 388/2406/7293 2496/2423/7293 3751/3695/7293
f 389/2415/7294 1780/2414/7294 3752/3696/7294
f 1019/2227/7295 3752/3696/7295 1780/2414/7295
f 362/2230/7296 2497/2427/7296 3752/3696/7296
f 1703/2215/7297 3753/3697/7297 2499/2432/7297
f 603/2219/7298 1777/2417/7298 3753/3697/7298
f 625/2421/7299 2499/2432/7299 3753/3697/7299
f 2500/2437/7300 3754/3698/7300 1044/2518/7300
f 626/2435/7301 1782/2434/7301 3754/3698/7301
f 1044/2518/7302 3754/3698/7302 1782/2434/7302
f 399/2429/7303 2498/2431/7303 3755/3699/7303
f 361/2235/7304 1016/3584/7304 3755/3699/7304
f 2501/2441/7305 3755/3699/7305 1016/3584/7305
f 2503/2442/7306 3756/3701/7306 2504/3700/7306
f 627/2444/7307 1783/3702/7307 3756/3701/7307
f 2504/3700/7308 3756/3701/7308 1783/3702/7308
f 2502/2443/7309 3757/3703/7309 1783/3702/7309
f 29/2212/7310 2510/3704/7310 3757/3703/7310
f 628/2458/7311 1783/3702/7311 3757/3703/7311
f 598/2197/7312 2505/2449/7312 3758/3705/7312
f 1045/3707/7313 3758/3705/7313 2505/2449/7313
f 630/3708/7314 2511/3706/7314 3758/3705/7314
f 600/2192/7315 2507/2452/7315 3759/3709/7315
f 1046/2509/7316 3759/3709/7316 2507/2452/7316
f 2506/2446/7317 3759/3709/7317 1046/2509/7317
f 1014/2206/7318 3760/3710/7318 1785/2456/7318
f 1787/2460/7319 3760/3710/7319 1014/2206/7319
f 629/2457/7320 1785/2456/7320 3760/3710/7320
f 1015/2211/7321 3761/3711/7321 2510/3704/7321
f 1784/2454/7322 3761/3711/7322 1015/2211/7322
f 628/2458/7323 2510/3704/7323 3761/3711/7323
f 598/2197/7324 2511/3706/7324 3762/3712/7324
f 1047/3713/7325 3762/3712/7325 2511/3706/7325
f 1766/3679/7326 3762/3712/7326 1047/3713/7326
f 631/2376/7327 1039/2373/7327 3763/3714/7327
f 381/2375/7328 1792/2498/7328 3763/3714/7328
f 1791/2504/7329 3763/3714/7329 1792/2498/7329
f 2517/2520/7330 3764/3716/7330 2514/2475/7330
f 1050/3715/7331 3764/3716/7331 2517/2520/7331
f 634/2393/7332 2514/2475/7332 3764/3716/7332
f 394/2478/7333 2515/2511/7333 3765/3717/7333
f 1049/3718/7334 3765/3717/7334 2515/2511/7334
f 2516/2476/7335 3765/3717/7335 1049/3718/7335
f 2520/2497/7336 3766/3719/7336 1049/3718/7336
f 637/2492/7337 1798/3720/7337 3766/3719/7337
f 1049/3718/7338 3766/3719/7338 1798/3720/7338
f 2521/3686/7339 3767/3721/7339 1796/2483/7339
f 636/2354/7340 1799/3722/7340 3767/3721/7340
f 1796/2483/7341 3767/3721/7341 1799/3722/7341
f 1800/3723/7342 3768/3724/7342 1798/3720/7342
f 618/2360/7343 1773/3692/7343 3768/3724/7343
f 1798/3720/7344 3768/3724/7344 1773/3692/7344
f 1801/2487/7345 3769/3725/7345 2484/3667/7345
f 397/2484/7346 1799/3722/7346 3769/3725/7346
f 636/2354/7347 2484/3667/7347 3769/3725/7347
f 618/2360/7348 1800/3723/7348 3770/3726/7348
f 637/2492/7349 1802/2491/7349 3770/3726/7349
f 1757/2358/7350 3770/3726/7350 1802/2491/7350
f 398/2379/7351 1808/3728/7351 3771/3727/7351
f 1805/2469/7352 3771/3727/7352 1808/3728/7352
f 1804/2499/7353 3771/3727/7353 1805/2469/7353
f 1040/3681/7354 3772/3729/7354 1806/2505/7354
f 1790/3677/7355 3772/3729/7355 1040/3681/7355
f 631/2376/7356 1806/2505/7356 3772/3729/7356
f 1809/3730/7357 3773/3732/7357 1807/3731/7357
f 638/2470/7358 1808/3728/7358 3773/3732/7358
f 1807/3731/7359 3773/3732/7359 1808/3728/7359
f 630/3708/7360 1045/3707/7360 3774/3733/7360
f 1807/3731/7361 3774/3733/7361 1045/3707/7361
f 1047/3713/7362 3774/3733/7362 1807/3731/7362
f 1810/2503/7363 3775/3735/7363 2524/3734/7363
f 632/2496/7364 2525/2513/7364 3775/3735/7364
f 2524/3734/7365 3775/3735/7365 2525/2513/7365
f 2524/3734/7366 3776/3736/7366 1788/2465/7366
f 1786/2463/7367 3776/3736/7367 2524/3734/7367
f 392/2461/7368 1788/2465/7368 3776/3736/7368
f 633/2471/7369 1793/2473/7369 3777/3737/7369
f 1809/3730/7370 3777/3737/7370 1793/2473/7370
f 391/2447/7371 1811/2506/7371 3777/3737/7371
f 2528/3738/7372 3778/3739/7372 2527/2512/7372
f 2509/2455/7373 3778/3739/7373 2528/3738/7373
f 629/2457/7374 2527/2512/7374 3778/3739/7374
f 396/2481/7375 1812/3741/7375 3779/3740/7375
f 2528/3738/7376 3779/3740/7376 1812/3741/7376
f 394/2478/7377 1794/2477/7377 3779/3740/7377
f 1052/2524/7378 3780/3742/7378 1812/3741/7378
f 399/2429/7379 2504/3700/7379 3780/3742/7379
f 628/2458/7380 1812/3741/7380 3780/3742/7380
f 395/2516/7381 1053/2522/7381 3781/3743/7381
f 2532/2404/7382 3781/3743/7382 1053/2522/7382
f 386/2394/7383 2531/3744/7383 3781/3743/7383
f 395/2516/7384 2531/3744/7384 3782/3745/7384
f 386/2394/7385 1051/2391/7385 3782/3745/7385
f 1050/3715/7386 3782/3745/7386 1051/2391/7386
f 1814/2184/7387 3783/3746/7387 1055/2553/7387
f 1815/2530/7388 3783/3746/7388 1814/2184/7388
f 400/2534/7389 1055/2553/7389 3783/3746/7389
f 639/2545/7390 1817/2544/7390 3784/3747/7390
f 1011/3578/7391 3784/3747/7391 1817/2544/7391
f 1826/2555/7392 3784/3747/7392 1011/3578/7392
f 349/2565/7393 2535/3750/7393 3785/3748/7393
f 1820/3749/7394 3785/3748/7394 2535/3750/7394
f 1819/2573/7395 3785/3748/7395 1820/3749/7395
f 1820/3749/7396 3786/3752/7396 2561/3751/7396
f 1821/2551/7397 3786/3752/7397 1820/3749/7397
f 403/2554/7398 2561/3751/7398 3786/3752/7398
f 403/2554/7399 1822/2552/7399 3787/3753/7399
f 1054/2536/7400 3787/3753/7400 1822/2552/7400
f 655/2538/7401 2560/3754/7401 3787/3753/7401
f 1003/3550/7402 3788/3755/7402 2535/3750/7402
f 348/2139/7403 2431/3559/7403 3788/3755/7403
f 2535/3750/7404 3788/3755/7404 2431/3559/7404
f 416/2549/7405 1057/2548/7405 3789/3756/7405
f 1823/2556/7406 3789/3756/7406 1057/2548/7406
f 640/2559/7407 1827/3757/7407 3789/3756/7407
f 640/2559/7408 1824/2558/7408 3790/3758/7408
f 1825/3760/7409 3790/3758/7409 1824/2558/7409
f 2536/3759/7410 3790/3758/7410 1825/3760/7410
f 1825/3760/7411 3791/3762/7411 1058/2593/7411
f 2537/3761/7412 3791/3762/7412 1825/3760/7412
f 347/2158/7413 1058/2593/7413 3791/3762/7413
f 1691/2171/7414 3792/3763/7414 2537/3761/7414
f 352/2150/7415 1008/2160/7415 3792/3763/7415
f 2537/3761/7416 3792/3763/7416 1008/2160/7416
f 1831/2568/7417 3793/3764/7417 2539/2577/7417
f 405/2570/7418 1060/3765/7418 3793/3764/7418
f 2539/2577/7419 3793/3764/7419 1060/3765/7419
f 1838/2144/7420 3794/3766/7420 2541/2594/7420
f 344/2146/7421 1842/3767/7421 3794/3766/7421
f 407/2596/7422 2541/2594/7422 3794/3766/7422
f 647/2111/7423 1841/2604/7423 3795/3768/7423
f 2543/2669/7424 3795/3768/7424 1841/2604/7424
f 651/2607/7425 2544/2608/7425 3795/3768/7425
f 1843/3769/7426 3796/3770/7426 1062/2679/7426
f 1844/2611/7427 3796/3770/7427 1843/3769/7427
f 406/2615/7428 1062/2679/7428 3796/3770/7428
f 2427/3543/7429 3797/3771/7429 1842/3767/7429
f 1843/3769/7430 3797/3771/7430 2427/3543/7430
f 407/2596/7431 1842/3767/7431 3797/3771/7431
f 339/2123/7432 2424/2124/7432 3798/3772/7432
f 1845/3773/7433 3798/3772/7433 2424/2124/7433
f 409/2612/7434 2546/2613/7434 3798/3772/7434
f 335/2109/7435 2550/2108/7435 3799/3774/7435
f 2547/2617/7436 3799/3774/7436 2550/2108/7436
f 653/2619/7437 2552/3775/7437 3799/3774/7437
f 652/2126/7438 1846/2627/7438 3800/3776/7438
f 1847/3777/7439 3800/3776/7439 1846/2627/7439
f 1845/3773/7440 3800/3776/7440 1847/3777/7440
f 1847/3777/7441 3801/3778/7441 1064/2660/7441
f 1065/2635/7442 3801/3778/7442 1847/3777/7442
f 411/2632/7443 1064/2660/7443 3801/3778/7443
f 321/1950/7444 1849/2690/7444 3802/3779/7444
f 1850/2629/7445 3802/3779/7445 1849/2690/7445
f 419/2631/7446 2565/2681/7446 3802/3779/7446
f 335/2109/7447 2552/3775/7447 3803/3780/7447
f 653/2619/7448 1852/2691/7448 3803/3780/7448
f 2419/3532/7449 3803/3780/7449 1852/2691/7449
f 419/2631/7450 1851/2630/7450 3804/3781/7450
f 1857/2644/7451 3804/3781/7451 1851/2630/7451
f 415/2642/7452 2569/2698/7452 3804/3781/7452
f 413/2637/7453 1855/2636/7453 3805/3782/7453
f 1856/3784/7454 3805/3782/7454 1855/2636/7454
f 412/3468/7455 1067/3783/7455 3805/3782/7455
f 420/2650/7456 1066/3786/7456 3806/3785/7456
f 1854/2634/7457 3806/3785/7457 1066/3786/7457
f 413/2637/7458 1877/2708/7458 3806/3785/7458
f 1858/2537/7459 3807/3788/7459 1859/3787/7459
f 2555/2700/7460 3807/3788/7460 1858/2537/7460
f 414/2693/7461 1859/3787/7461 3807/3788/7461
f 655/2538/7462 1859/3787/7462 3808/3789/7462
f 414/2693/7463 1068/3790/7463 3808/3789/7463
f 415/2642/7464 2554/2640/7464 3808/3789/7464
f 1070/2664/7465 3809/3791/7465 2557/2651/7465
f 411/2632/7466 1066/3786/7466 3809/3791/7466
f 420/2650/7467 2557/2651/7467 3809/3791/7467
f 651/2607/7468 1071/2670/7468 3810/3792/7468
f 2559/2655/7469 3810/3792/7469 1071/2670/7469
f 1063/2620/7470 3810/3792/7470 2559/2655/7470
f 1862/2656/7471 3811/3794/7471 2560/3754/7471
f 1863/3793/7472 3811/3794/7472 1862/2656/7472
f 403/2554/7473 2560/3754/7473 3811/3794/7473
f 1863/3793/7474 3812/3795/7474 2561/3751/7474
f 1072/2666/7475 3812/3795/7475 1863/3793/7475
f 404/2572/7476 2561/3751/7476 3812/3795/7476
f 640/2559/7477 1864/3797/7477 3813/3796/7477
f 1865/2663/7478 3813/3796/7478 1864/3797/7478
f 1827/3757/7479 3813/3796/7479 1865/2663/7479
f 642/2590/7480 1073/2674/7480 3814/3798/7480
f 1864/3797/7481 3814/3798/7481 1073/2674/7481
f 2536/3759/7482 3814/3798/7482 1864/3797/7482
f 1867/3799/7483 3815/3800/7483 1866/2671/7483
f 405/2570/7484 2563/2667/7484 3815/3800/7484
f 417/2654/7485 1866/2671/7485 3815/3800/7485
f 648/2579/7486 1060/3765/7486 3816/3801/7486
f 1867/3799/7487 3816/3801/7487 1060/3765/7487
f 649/2602/7488 2542/2600/7488 3816/3801/7488
f 972/1954/7489 3817/3802/7489 2566/2686/7489
f 610/1937/7490 1727/3621/7490 3817/3802/7490
f 369/2684/7491 2566/2686/7491 3817/3802/7491
f 371/3628/7492 1873/3804/7492 3818/3803/7492
f 412/3468/7493 1874/3805/7493 3818/3803/7493
f 2467/3626/7494 3818/3803/7494 1874/3805/7494
f 1875/3472/7495 3819/3806/7495 1067/3783/7495
f 20/1783/7496 1876/3807/7496 3819/3806/7496
f 413/2637/7497 1067/3783/7497 3819/3806/7497
f 371/3628/7498 1026/3629/7498 3820/3808/7498
f 320/1962/7499 1621/3470/7499 3820/3808/7499
f 1873/3804/7500 3820/3808/7500 1621/3470/7500
f 338/2096/7501 1874/3805/7501 3821/3809/7501
f 1856/3784/7502 3821/3809/7502 1874/3805/7502
f 1853/2639/7503 3821/3809/7503 1856/3784/7503
f 657/1757/7504 1878/2699/7504 3822/3810/7504
f 1068/3790/7505 3822/3810/7505 1878/2699/7505
f 2567/2692/7506 3822/3810/7506 1068/3790/7506
f 322/1763/7507 1075/2683/7507 3823/3811/7507
f 1880/2697/7508 3823/3811/7508 1075/2683/7508
f 2568/1759/7509 3823/3811/7509 1880/2697/7509
f 1069/2652/7510 3824/3812/7510 2570/2705/7510
f 1882/2707/7511 3824/3812/7511 1069/2652/7511
f 659/1781/7512 2570/2705/7512 3824/3812/7512
f 2571/2709/7513 3825/3813/7513 2572/1784/7513
f 1876/3807/7514 3825/3813/7514 2571/2709/7514
f 20/1783/7515 2572/1784/7515 3825/3813/7515
f 367/2050/7516 2408/2048/7516 3826/3814/7516
f 331/2049/7517 1886/3815/7517 3826/3814/7517
f 2455/3608/7518 3826/3814/7518 1886/3815/7518
f 1885/2715/7519 3827/3816/7519 2574/2702/7519
f 1076/3503/7520 3827/3816/7520 1885/2715/7520
f 421/2023/7521 2574/2702/7521 3827/3816/7521
f 1887/3817/7522 3828/3818/7522 1886/3815/7522
f 1888/2178/7523 3828/3818/7523 1887/3817/7523
f 368/2180/7524 1886/3815/7524 3828/3818/7524
f 1884/2713/7525 3829/3819/7525 1887/3817/7525
f 660/2531/7526 1889/2532/7526 3829/3819/7526
f 1887/3817/7527 3829/3819/7527 1889/2532/7527
f 422/2026/7528 2576/3511/7528 3830/3820/7528
f 1890/2717/7529 3830/3820/7529 2576/3511/7529
f 1894/2711/7530 3830/3820/7530 1890/2717/7530
f 1056/2543/7531 3831/3821/7531 2575/2720/7531
f 654/2539/7532 1891/2718/7532 3831/3821/7532
f 2575/2720/7533 3831/3821/7533 1891/2718/7533
f 1892/2719/7534 3832/3822/7534 2457/2274/7534
f 661/2070/7535 1893/3522/7535 3832/3822/7535
f 608/1986/7536 2457/2274/7536 3832/3822/7536